customer_id,annual_income,loan_amount,credit_score,default_flag,age,gender,education_level,employment_type,join_date,repayment_history,transaction_count,spending_ratio,avg_interest_rate,unemployment_rate,inflation_rate,annual_income_was_missing,join_year,join_month,join_day,join_weekday,education_level_ord,gender_label,region_East,region_North,region_South,region_West,loan_purpose_Business,loan_purpose_Car,loan_purpose_Education,loan_purpose_Home,loan_purpose_Other,income_bin,repayment_bin,credit_score_high,transaction_quantile,transaction_kmeans_bin,age_scaled,annual_income_scaled,loan_amount_scaled,credit_score_scaled,transaction_count_scaled,spending_ratio_scaled,spending_ratio_log,spending_ratio_reciprocal,spending_ratio_sqrt,loan_amount_yj,annual_income_yj,loan_amount_bc,annual_income_bc,debt_to_income_ratio,average_monthly_transactions,spending_to_income_ratio
CUST100000,144336.36,74097.55,708.4,0,43.0,Male,Post-Graduate,Self-Employed,2018-05-07,1,42,29.22,8.9,5.4,4.8,0,2018,5,7,Monday,3.0,1,0,1,0,0,0,0,1,0,0,Q1,Low,1,1,0,0.4287214393879396,-1.046816367316759,-0.6870861036349847,0.744601790338811,-0.41650785199664875,-0.001689977900729476,3.4085039568445934,0.03309066843150232,5.405552700695831,-0.9379835251396648,-2.118228960135199,-0.9379809740459176,-2.1182297501530463,0.513367179274855,7.0,3514.590366
CUST100001,904777.57,294505.38,827.6,0,36.0,Female,Graduate,Salaried,2024-03-02,1,51,31.38,9.5,6.1,5.6,0,2024,3,2,Saturday,2.0,0,1,0,0,0,1,0,0,0,0,Q4,Low,1,3,1,-0.24963526850436998,0.9436875341468948,0.002358906169816792,2.2865951872427237,0.9009373218446709,0.123151070853562,3.477540948249489,0.03088326127239037,5.601785429664367,0.4383393614014973,1.168561434732475,0.4383378860667334,1.16856117784276,0.32550031053488654,8.5,23659.933455499995
CUST100002,658483.02,363769.34,569.9,0,45.0,Male,Graduate,Salaried,2023-09-08,0,54,19.03,8.7,5.0,4.6,0,2023,9,8,Friday,2.0,1,0,0,0,1,0,0,0,1,0,Q4,No_Missed,0,3,3,0.6225376416428852,0.2989956681126555,0.21901950112835067,-1.0470600005268924,1.340085713125111,-0.5906391847554655,2.997231149677727,0.04992511233150274,4.362338822237447,0.6613062176710912,0.6688935952552686,0.6613045431374993,0.6688933939811492,0.552435414355863,9.0,10442.443225500001
CUST100003,1370445.92,1712489.22,743.1,0,55.0,Male,Graduate,Salaried,2019-03-21,2,49,42.45,8.7,5.0,4.6,0,2019,3,21,Thursday,2.0,1,0,0,0,1,0,0,0,1,0,Q4,Low,1,2,1,1.591618652917613,2.162604467203616,4.437872301823002,1.1934874520214103,0.608171727657711,0.762961445719306,3.7716108517114013,0.02301495972382048,6.51536645170477,2.4041753320258397,1.782941309829398,2.4041811240484217,1.7829412792315598,1.2495854050191197,8.166666666666666,48479.52442
CUST100004,318695.41,168674.39,720.0,0,35.0,Male,Secondary,Salaried,2020-08-23,3,43,34.57,9.2,4.8,5.1,0,2020,8,23,Sunday,1.0,1,0,0,1,0,0,0,0,1,0,Q2,Medium,1,1,0,-0.3465433696318428,-0.5904203110318869,-0.391245749954686,0.8946615504401988,-0.2701250549031688,0.3075228048934648,3.571502585960364,0.028113578858588697,5.87962583843564,-0.13399994602362986,-0.5762720805265752,-0.1340000440899513,-0.5762718220540557,0.529265200273829,7.166666666666667,9181.083603083332
CUST100005,198799.56,66866.72,640.7,0,39.0,Male,Secondary,Salaried,2019-04-09,0,41,25.63,9.2,4.8,5.1,0,2019,4,9,Tuesday,1.0,1,0,0,1,0,1,0,0,0,0,Q1,No_Missed,0,1,0,0.041089034878048415,-0.9042554294551782,-0.709704445552542,-0.13117801645980265,-0.5628906490901286,-0.20918042467290834,3.282038399825841,0.03755163349605708,5.062608023538855,-1.0350496666289994,-1.4704558857037393,-1.0350469093730499,-1.4704557780593412,0.3363524547036221,6.833333333333333,4246.027269
CUST100006,764605.59,78100.84,573.1,0,55.0,Female,Graduate,Self-Employed,2024-01-08,0,38,9.78,8.9,5.4,4.8,0,2024,1,8,Monday,2.0,0,0,1,0,0,0,0,0,0,1,Q4,No_Missed,0,0,2,1.591618652917613,0.576778338016026,-0.6745636432791005,-1.0056642046368538,-1.0020390403705686,-1.1252594166893526,2.377692565480851,0.0927643784786642,3.127299154222378,-0.887964516874412,0.9071497395151146,-0.8879620922359337,0.9071494907998467,0.1021452642008542,6.333333333333333,6231.5355585
CUST100007,398940.29,199166.69,600.8,0,39.0,Male,Secondary,Salaried,2024-04-06,1,41,64.42,8.7,5.0,4.6,0,2024,4,6,Saturday,1.0,1,0,0,0,1,0,0,1,0,0,Q2,Low,0,1,0,0.041089034878048415,-0.3803741633323392,-0.2958645465170815,-0.647331846463714,-0.5628906490901286,2.032756742539576,4.180828022110238,0.01528584530724549,8.026207074328447,0.03425848968600163,-0.1747771857688698,0.03425788103431094,-0.17477706332073917,0.4992393473218762,6.833333333333333,21416.444568166662
CUST100008,624991.56,344697.47,596.9,0,33.0,Female,Graduate,Self-Employed,2024-05-02,0,48,28.02,8.7,5.0,4.6,0,2024,5,2,Thursday,2.0,0,0,0,0,1,0,0,1,0,0,Q3,No_Missed,0,2,1,-0.5403595718867884,0.21132961198753594,0.15936188552029384,-0.6977829727046975,0.46178893056423104,-0.07104611609755802,3.367985247456042,0.03445899379738112,5.293392107146419,0.6041375920081982,0.5842539450205836,0.604135947272198,0.5842537679181966,0.5515233997719904,8.0,14593.552926000002
CUST100009,1078361.6,105062.95,786.9,0,44.0,Male,Post-Graduate,Salaried,2020-07-01,0,51,17.86,9.5,6.1,5.6,0,2020,7,1,Wednesday,3.0,1,1,0,0,0,0,0,1,0,0,Q4,No_Missed,1,3,1,0.5256295405154124,1.3980549256074184,-0.5902250233974559,1.7600924082663036,0.9009373218446709,-0.6582614194973735,2.937043277205311,0.053022269353128315,4.226109321823087,-0.602494340716375,1.4334461236667846,-0.6024928102962982,1.4334459170838378,0.09742831161643736,8.5,16049.615146666667
CUST100010,547700.67,130206.92,716.3,0,33.0,Male,Graduate,Unemployed,2019-05-12,0,45,76.53,8.7,5.0,4.6,0,2019,5,12,Sunday,2.0,1,0,0,0,1,0,0,1,0,0,Q3,No_Missed,1,1,0,-0.5403595718867884,0.009015723590301216,-0.5115736222962263,0.8467976614423418,0.022640539283791155,2.732675770509238,4.350664958230868,0.012898232942086934,8.748142660016468,-0.39212919421331366,0.3669044716714339,-0.3921284082057404,0.3669043698513347,0.23773372415264707,7.5,34929.61022925
CUST100011,485053.46,200191.94,719.3,0,33.0,Male,Graduate,Salaried,2022-01-03,1,54,37.3,9.5,6.1,5.6,0,2022,1,3,Monday,2.0,1,1,0,0,0,0,0,0,1,0,Q3,Low,1,3,3,-0.5403595718867884,-0.15496738816243097,-0.29265752117545746,0.8856062200892524,1.340085713125111,0.46530801929124965,3.6454498961866,0.026109660574412535,6.107372593840988,0.03948949082440958,0.16265082279813808,0.03948886746799394,0.16265080340333304,0.412721393637724,9.0,15077.078381666666
CUST100012,502073.36,297919.36,657.0,0,41.0,Male,Graduate,Salaried,2022-11-07,0,34,9.34,9.5,6.1,5.6,0,2022,11,7,Monday,2.0,1,1,0,0,0,1,0,0,0,0,Q3,No_Missed,0,0,2,0.23490523713299402,-0.11041670244601486,0.013037979933091822,0.07968181885507736,-1.5875702287444884,-1.1506900006948564,2.336019869080283,0.09671179883945842,3.056141357987225,0.4504187523934247,0.22106135581039268,0.4504172606972291,0.22106131210313817,0.5933781469703949,5.666666666666667,3907.8043186666664
CUST100013,179784.38,27849.45,631.7,0,18.0,Male,Graduate,Self-Employed,2018-06-07,2,49,34.62,8.9,5.4,4.8,0,2018,6,7,Thursday,2.0,1,0,1,0,0,0,1,0,0,0,Q1,Low,0,2,1,-1.9939810887988803,-0.9540288892299761,-0.8317521155364377,-0.2476036924005343,0.608171727657711,0.3104126439849991,3.5729072778615154,0.028074115665356544,5.88387627334226,-1.8345861838911093,-1.6701798441165434,-1.8345859330005736,-1.6701799202672167,0.15490472531595903,8.166666666666666,5186.779363
CUST100014,813760.21,352948.6,677.0,0,19.0,Male,Secondary,Self-Employed,2018-06-21,1,38,35.07,9.2,4.8,5.1,0,2018,6,21,Thursday,1.0,1,0,0,1,0,0,0,1,0,0,Q4,Low,0,0,2,-1.8970729876714074,0.7054437254231121,0.18517176897021798,0.3384055431678143,-1.0020390403705686,0.33642119580881,3.5854614949154477,0.02772387025228722,5.921992907797172,0.6292221586465117,1.0047627215266604,0.6292204989742216,1.0047624637791681,0.4337255565739691,6.333333333333333,23782.14213725
CUST100015,842936.91,73358.34,658.2,0,32.0,Male,Primary,Unemployed,2019-05-09,4,48,8.7,9.5,6.1,5.6,0,2019,5,9,Thursday,0.0,1,1,0,0,0,0,0,0,1,0,Q4,Medium,0,2,1,-0.6372676730142611,0.7818156190266093,-0.6893983837644965,0.09520524231384217,0.46178893056423104,-1.1876799410664984,2.272125885509337,0.10309278350515465,2.949576240750525,-0.9474930823500676,1.0595055140584855,-0.9474905086500762,1.0595052542643442,0.0870270824894831,8.0,6111.2925975
CUST100016,592326.64,519155.81,642.3,0,27.0,Male,Secondary,Salaried,2020-08-27,0,42,21.06,9.5,6.1,5.6,0,2020,8,27,Thursday,1.0,1,1,0,0,0,1,0,0,0,0,Q3,No_Missed,0,1,0,-1.1218081786516252,0.12582707760884515,0.7050749481271413,-0.11048011851478488,-0.41650785199664875,-0.4733117176391639,3.0937660138253564,0.04533091568449683,4.589117562233506,1.0444918605497058,0.496446424550572,1.0444903972658477,0.4964462758206468,0.8764687841829973,7.0,10395.332532
CUST100017,192245.3,137604.31,679.3,0,39.0,Female,Graduate,Salaried,2021-08-27,1,46,13.93,9.2,4.8,5.1,0,2021,8,27,Friday,2.0,0,0,0,1,0,1,0,0,0,0,Q1,Low,0,2,1,0.041089034878048415,-0.9214116276328219,-0.4884342736574781,0.36815877146377846,0.16902333637727113,-0.8854027720919871,2.703372611551099,0.06697923643670463,3.7322915213043046,-0.3374266794241779,-1.5366837833336071,-0.33742608694932325,-1.5366837287069595,0.7157746379235279,7.666666666666667,2231.6475241666667
CUST100018,413895.23,354931.96,564.7,1,28.0,Other,Secondary,Unemployed,2021-11-27,4,49,12.98,8.7,5.0,4.6,0,2021,11,27,Saturday,1.0,2,0,0,0,1,0,0,1,0,0,Q2,Medium,0,2,1,-1.0249000775241524,-0.3412286435673663,0.19137580289517644,-1.114328168848203,0.608171727657711,-0.940309714831143,2.637627736805664,0.07153075822603719,3.6027767069303644,0.6351706501295222,-0.11040181505125982,0.6351689873406634,-0.11040171899505698,0.8575405906465751,8.166666666666666,4476.966737833333
CUST100019,975972.0,354541.8,671.4,0,22.0,Female,Graduate,Salaried,2022-08-20,1,38,45.3,8.9,5.4,4.8,0,2022,8,20,Saturday,2.0,0,0,1,0,0,1,0,0,0,0,Q4,Low,0,0,2,-1.6063486842889891,1.1300435453860558,0.19015536592147428,0.26596290036024767,-1.0020390403705686,0.9276822739367736,3.835141961092188,0.021598272138228944,6.730527468185536,0.634002924535485,1.2838266465424317,0.6340012623455085,1.2838264036066767,0.3632704626772079,6.333333333333333,36842.943
CUST100020,324109.11,280866.77,641.1,0,54.0,Female,Secondary,Self-Employed,2022-11-29,1,52,39.8,9.2,4.8,5.1,0,2022,11,29,Tuesday,1.0,0,0,0,1,0,0,0,1,0,0,Q2,Low,0,3,1,1.4947105517901405,-0.5762496021991109,-0.040303242471517106,-0.1260035419735482,1.047320118938151,0.6097999738679759,3.708682081410116,0.02450980392156863,6.308724118235001,0.3887490978984067,-0.5456351937259052,0.38874769608077203,-0.5456349430883585,0.8665809177656254,8.666666666666666,10749.618814999998
CUST100021,848596.58,1309682.03,592.8,0,36.0,Male,Graduate,Salaried,2019-10-21,4,28,8.65,9.5,6.1,5.6,0,2019,10,21,Monday,2.0,1,1,0,0,0,0,0,1,0,0,Q4,Medium,0,0,2,-0.24963526850436998,0.7966301701948669,3.1778743831510816,-0.7508213361888089,-2.465867011305368,-1.190569780158033,2.2669579153508947,0.10362694300518134,2.9410882339705484,2.088446589596965,1.0698685643997081,2.088449746089182,1.0698683044745438,1.5433505871541457,4.666666666666667,6116.9670141666675
CUST100022,456025.07,38957.95,701.3,0,39.0,Female,Secondary,Salaried,2019-10-28,1,47,31.91,9.5,6.1,5.6,0,2019,10,28,Monday,1.0,0,1,0,0,0,0,1,0,0,0,Q3,Low,1,2,1,0.041089034878048415,-0.23095107077769655,-0.7970042579334812,0.6527548682077892,0.3154061334707511,0.15378336522382804,3.4937765629552486,0.03038590094196293,5.64889369699944,-1.5341053149039097,0.05729167660006798,-1.5341028825353982,0.05729170181823711,0.08542940413341749,7.833333333333333,12126.466653083333
CUST100023,654663.81,799596.57,793.6,1,22.0,Female,Graduate,Salaried,2019-01-02,1,46,23.24,9.5,6.1,5.6,0,2019,1,2,Wednesday,2.0,0,1,0,0,0,1,0,0,0,0,Q3,Low,1,2,1,-1.6063486842889891,0.2889986396697744,1.5823055008160631,1.846764855911071,0.16902333637727113,-0.3473147332482587,3.1880041612011136,0.041254125412541254,4.82078831727758,1.5231378892792105,0.6594982120171315,1.5231377786231617,0.6594980132579961,1.221385018976381,7.666666666666667,12678.655787000002
CUST100024,352682.05,110896.95,752.2,0,32.0,Male,Graduate,Salaried,2019-07-04,2,51,67.01,8.9,5.4,4.8,0,2019,7,4,Thursday,2.0,1,0,1,0,0,0,1,0,0,0,Q2,Low,1,3,1,-0.6372676730142611,-0.5014580893268838,-0.57197602476977,1.3112067465837058,0.9009373218446709,2.1824504074810647,4.219654753187547,0.014703720041170414,8.185963596303125,-0.5498154157932206,-0.39325665586525205,-0.5498140694499651,-0.3932564514597758,0.314438883407874,8.5,19694.35347541667
CUST100025,463429.47,129312.03,627.4,0,39.0,Male,Secondary,Self-Employed,2019-10-05,3,47,15.4,8.9,5.4,4.8,0,2019,10,5,Saturday,1.0,1,0,1,0,0,1,0,0,0,0,Q3,Medium,0,2,1,0.041089034878048415,-0.2115695763318637,-0.5143728760469856,-0.30322929312777364,0.3154061334707511,-0.800441502800872,2.797281334830153,0.06097560975609757,3.924283374069717,-0.3989412801514798,0.08489431216687811,-0.39894046993326454,0.08489432564411056,0.2790328159320554,7.833333333333333,5947.344864999999
CUST100026,562526.42,223581.79,703.2,0,25.0,Female,Secondary,Unemployed,2023-03-09,2,54,76.04,9.5,6.1,5.6,0,2023,3,9,Thursday,1.0,0,1,0,0,0,0,0,1,0,0,Q3,Low,1,3,3,-1.3156243809065706,0.04782308019992626,-0.2194930815882484,0.6773336220175002,1.340085713125111,2.7043553474122,4.34432476748987,0.012980269989615783,8.720091742636656,0.15253569313186793,0.4112660595662008,0.15253477200002552,0.4112659410881099,0.39746006951993473,9.0,35645.42414733334
CUST100027,466193.61,144810.17,717.5,0,42.0,Male,Graduate,Salaried,2018-09-12,2,40,21.76,9.5,6.1,5.6,1,2018,9,12,Wednesday,2.0,1,1,0,0,0,1,0,0,0,0,Q3,Low,1,0,0,0.33181333826046683,-0.20433426164633822,-0.4658940389555075,0.8623210849011066,-0.7092734461836087,-0.4328539703576804,3.1250046092581303,0.04393673110720562,4.664761515876241,-0.286704564516478,0.09506709837696775,-0.28670414939321737,0.09506710753291163,0.31062238283360427,6.666666666666667,8453.644128
CUST100028,514346.39,1055011.79,659.5,0,31.0,Male,Secondary,Self-Employed,2018-07-27,1,52,10.55,8.9,5.4,4.8,0,2018,7,27,Friday,1.0,1,0,1,0,0,1,0,0,0,0,Q3,Low,0,3,1,-0.734175774141734,-0.07829125503926461,2.3812551064502894,0.11202228439416947,1.047320118938151,-1.0807558946797209,2.446685436967803,0.08658008658008658,3.248076353782343,1.8382498052335636,0.2617663065272071,1.8382512876791206,0.26176624617014727,2.05116981573449,8.666666666666666,4521.962012083333
CUST100029,129109.2296,88657.18,648.1,1,35.0,Male,Secondary,Salaried,2024-11-02,2,37,63.72,9.5,6.1,5.6,0,2024,11,2,Saturday,1.0,1,1,0,0,0,0,0,1,0,0,Q1,Low,0,0,2,-0.3465433696318428,-1.0866743630049407,-0.6415429654982666,-0.03545023846409029,-1.1484218374640485,1.9922989952580927,4.170070272750237,0.015451174289245983,7.982480817390043,-0.7666720473852537,-2.3520202021613557,-0.7666699736786962,-2.35202156682591,0.686683518092962,6.166666666666667,6855.70009176
CUST100030,338934.14,116214.05,677.5,0,31.0,Male,Post-Graduate,Salaried,2018-04-05,3,41,17.95,9.2,4.8,5.1,1,2018,4,5,Thursday,3.0,1,0,0,1,0,1,0,0,0,0,Q2,Medium,0,1,0,-0.734175774141734,-0.5374441302359124,-0.5553439111936185,0.3448736362756327,-0.5628906490901286,-0.6530597091326114,2.9418039315284354,0.052770448548812667,4.236744032862972,-0.5039984285738194,-0.464702515948409,-0.5039972443092717,-0.46470228847014006,0.3428809207594136,6.833333333333333,5069.889844166667
CUST100031,596679.66,489520.05,849.0,1,58.0,Male,Graduate,Salaried,2023-02-27,0,43,11.68,9.5,6.1,5.6,0,2023,2,27,Monday,2.0,1,1,0,0,0,0,1,0,0,0,Q3,No_Missed,1,1,0,1.8823429563000316,0.13722138814752488,0.6123730380190805,2.563429572257352,-0.2701250549031688,-1.0154455312110406,2.5400259490090797,0.07886435331230283,3.4176014981270124,0.9804916771351443,0.5084699031838773,0.9804901267952136,0.5084697503889185,0.8204067991860154,7.166666666666667,5807.682024
CUST100032,819250.03,286049.17,670.6,0,38.0,Male,Post-Graduate,Unemployed,2019-04-23,1,35,15.57,8.7,5.0,4.6,0,2019,4,23,Tuesday,3.0,1,0,0,0,1,0,0,0,0,1,Q4,Low,0,0,2,-0.05581906624942438,0.7198136832642098,-0.024092476189700448,0.2556139513877388,-1.4411874316510085,-0.7906160498896546,2.8075938314384716,0.060350030175015085,3.945883931389772,0.40785043620357536,1.0152361277448632,0.40784900487051906,1.015235869432373,0.3491597919135871,5.833333333333333,10629.76913925
CUST100033,573787.09,556919.07,548.6,1,26.0,Male,Secondary,Self-Employed,2020-02-01,1,52,43.8,8.9,5.4,4.8,0,2020,2,1,Saturday,1.0,1,0,1,0,0,1,0,0,0,0,Q3,Low,0,3,1,-1.218716279779098,0.07729861002831967,0.8232000218187667,-1.3226007669199566,1.047320118938151,0.8409871011907378,3.8022081394209395,0.022321428571428572,6.618156843109719,1.121300158388054,0.4440587609278011,1.1212988280879166,0.44405863051618855,0.9706023012821706,8.666666666666666,20943.228784999996
CUST100034,205937.04,84012.84,566.3,1,47.0,Male,Secondary,Self-Employed,2018-07-09,2,42,39.38,8.9,5.4,4.8,0,2018,7,9,Monday,1.0,1,0,1,0,0,0,0,0,1,0,Q1,Low,0,1,0,0.8163538438978308,-0.8855726153207116,-0.656070657354027,-1.0936302709031853,-0.41650785199664875,0.5855253254990862,3.6983346128846915,0.024764735017335313,6.275348595894893,-0.8182868556701457,-1.4011711256132797,-0.8182846258866728,-1.4011709703378605,0.40795400380621183,7.0,6758.167196000001
CUST100035,780798.17,320915.39,636.3,0,25.0,Female,Post-Graduate,Self-Employed,2022-02-16,3,57,43.85,9.5,6.1,5.6,0,2022,2,16,Wednesday,3.0,0,1,0,0,0,1,0,0,0,0,Q4,Medium,0,3,3,-1.3156243809065706,0.6191634602857179,0.08497053391187527,-0.18809723580860596,1.7792341044055506,0.8438769402822727,3.803323588504805,0.02229654403567447,6.621933252457322,0.5285869216002115,0.9400948575773385,0.5285853390860548,0.9400946050710288,0.41100940336476455,9.5,28531.666462083333
CUST100036,236444.23,13941.3458,550.2,1,40.0,Male,Graduate,Self-Employed,2022-10-23,4,44,27.71,9.5,6.1,5.6,0,2022,10,23,Sunday,2.0,1,1,0,0,0,0,0,1,0,0,Q1,Medium,0,1,0,0.13799713600552121,-0.8057180783504009,-0.8752572534280234,-1.3019028689749375,-0.12374225780968881,-0.08896311846507202,3.3572454941329726,0.034831069313827935,5.264028875300743,-2.431605975716579,-1.1337068549207403,-2.4316194723341282,-1.133706582836736,0.05896251221694011,7.333333333333333,5459.8913444166665
CUST100037,620207.39,281025.39,639.4,0,18.0,Male,Graduate,Unemployed,2022-04-09,2,55,35.61,9.5,6.1,5.6,0,2022,4,9,Saturday,2.0,1,1,0,0,0,0,0,0,0,1,Q3,Low,0,3,3,-1.9939810887988803,0.19880673852271485,-0.03980707240598343,-0.14799505854013145,1.4864685102185908,0.36763145799738284,3.600321427132145,0.027314941272876262,5.967411499134277,0.38933857667070754,0.5717323840805221,0.3893371739200001,0.5717322108303455,0.45311519103311554,9.166666666666666,18404.65429825
CUST100038,240816.72,67539.26,828.0,0,23.0,Male,Secondary,Self-Employed,2020-01-26,2,43,22.56,8.7,5.0,4.6,0,2020,1,26,Sunday,1.0,1,0,0,0,1,1,0,0,0,0,Q1,Low,1,1,0,-1.5094405831615163,-0.794272803831269,-0.7076007120014511,2.2917696617289782,-0.2701250549031688,-0.3866165448931282,3.159550358783386,0.04244482173174873,4.749736834815167,-1.025620689265981,-1.0986882300676881,-1.0256179494825222,-1.0986879497282094,0.28045918074127074,7.166666666666667,4527.354336
CUST100039,289160.33,57264.23,609.1,0,40.0,Female,Secondary,Unemployed,2021-12-17,0,55,9.32,8.7,5.0,4.6,0,2021,12,17,Friday,1.0,0,0,0,0,1,0,0,0,1,0,Q1,No_Missed,0,3,3,0.13799713600552121,-0.6677302873942161,-0.7397414402101297,-0.5399615008739274,1.4864685102185908,-1.1518459363314704,2.334083760053417,0.09689922480620154,3.0528675044947495,-1.1802484208219324,-0.7548474034193993,-1.1802454787472372,-0.754847111364622,0.19803625898476462,9.166666666666666,2245.8118963333336
CUST100040,261452.52,27106.88,563.0,0,46.0,Male,Primary,Salaried,2020-04-15,0,48,16.94,8.7,5.0,4.6,0,2020,4,15,Wednesday,0.0,1,0,0,0,1,0,1,0,0,0,Q1,No_Missed,0,2,1,0.719445742770358,-0.7402572667066781,-0.8340749058879907,-1.1363196854147863,0.46178893056423104,-0.7114344587816086,2.88703285663065,0.05574136008918617,4.115823125451335,-1.8584650769468112,-0.9428701464365391,-1.8584650977703994,-0.9428698462966146,0.10367802153905421,8.0,3690.8380740000002
CUST100041,477551.47,171932.53,633.4,0,40.0,Male,Secondary,Salaried,2022-07-22,1,61,50.29,9.2,4.8,5.1,0,2022,7,22,Friday,1.0,1,0,0,1,0,0,0,1,0,0,Q3,Low,0,3,3,0.13799713600552121,-0.17460433072600062,-0.38105415029942236,-0.22561217583395252,2.3647652927794707,1.2160882152719192,3.937495801401177,0.019496977968414896,7.091544260596559,-0.11472985179632363,0.13614092411192089,-0.11473001168695537,0.13614091587553082,0.36002931788692855,10.166666666666666,20013.386188583332
CUST100042,397303.61,117884.17,641.7,0,37.0,Female,Primary,Salaried,2022-06-17,0,47,21.49,9.2,4.8,5.1,0,2022,6,17,Friday,0.0,0,0,0,1,0,1,0,0,0,0,Q2,No_Missed,0,2,1,-0.15272716737689718,-0.3846582787677027,-0.5501197052306308,-0.11824183024416582,0.3154061334707511,-0.44845910145196705,3.1130707659712242,0.0444642063139173,4.635730794599704,-0.4900083604656078,-0.18199295973325266,-0.4900072259218978,-0.18199283437337824,0.2967105433549924,7.833333333333333,7115.045482416665
CUST100043,585311.93,499432.38,570.9,0,35.0,Female,Primary,Salaried,2023-01-10,2,42,47.72,9.2,4.8,5.1,0,2023,1,10,Tuesday,0.0,0,0,0,1,0,1,0,0,0,0,Q3,Low,0,1,0,-0.3465433696318428,0.10746562186575619,0.6433792252949067,-1.0341238143112554,-0.41650785199664875,1.0675504859670446,3.8860896234016415,0.020525451559934318,6.907966415668217,1.002288971493743,0.47685261806338425,1.002287448400257,0.4768524760719327,0.8532755858914408,7.0,23275.904416333335
CUST100044,437902.18,68701.67,550.9,0,22.0,Male,Post-Graduate,Salaried,2018-05-13,2,42,31.06,8.9,5.4,4.8,0,2018,5,13,Sunday,3.0,1,0,1,0,0,0,1,0,0,0,Q2,Low,0,1,0,-1.6063486842889891,-0.27838890394141563,-0.7039646443814979,-1.2928475386239924,-0.41650785199664875,0.10465610066774103,3.467609147181407,0.03119151590767311,5.573149917237109,-1.00952736256772,-0.01253348437737324,-1.0095246539517084,-0.012533429462780759,0.15688816621100174,7.0,11334.368092333334
CUST100045,191984.44,46392.0,758.5,0,30.0,Female,Secondary,Salaried,2018-02-24,1,42,23.57,9.5,6.1,5.6,0,2018,2,24,Saturday,1.0,0,1,0,0,0,1,0,0,0,0,Q1,Low,1,1,0,-0.8310838752692068,-0.9220944455034312,-0.7737502352649609,1.3927047197422173,-0.41650785199664875,-0.3282417952441307,3.201526186533088,0.0407000407000407,4.854894437575342,-1.374881148689815,-1.5393739437986926,-1.3748782795579986,-1.5393738914861685,0.24164458327976995,7.0,3770.8943756666663
CUST100046,514883.97,292901.4,690.1,0,33.0,Male,Graduate,Self-Employed,2019-05-25,1,44,15.32,8.9,5.4,4.8,0,2019,5,25,Saturday,2.0,1,0,1,0,0,0,0,1,0,0,Q3,Low,0,1,0,-0.5403595718867884,-0.07688410472537151,-0.0026584110771552985,0.5078695825926574,-0.12374225780968881,-0.8050652453473273,2.792391349535961,0.061274509803921566,3.9140771581561853,0.432619194514331,0.26352329269059394,0.43261772714076213,0.26352323162131697,0.5688687492057677,7.333333333333333,6573.352017
CUST100047,167847.13,80453.5,611.4,0,50.0,Male,Graduate,Salaried,2019-11-01,1,49,22.82,8.7,5.0,4.6,0,2019,11,1,Friday,2.0,1,0,0,0,1,0,0,0,1,0,Q1,Low,0,2,1,1.1070781472802491,-0.9852754108351729,-0.6672044233422799,-0.5102082725779632,0.608171727657711,-0.37158938161714855,3.170525563927154,0.041981528127623846,4.777028364998475,-0.8596686029318203,-1.8085962954279737,-0.8596662550005724,-1.808596543968168,0.47932603911666527,8.166666666666666,3191.892922166667
CUST100048,272087.86,97077.54,557.6,1,42.0,Male,Graduate,Salaried,2024-09-23,2,45,11.4,9.5,6.1,5.6,0,2024,9,23,Monday,2.0,1,1,0,0,0,0,0,0,1,0,Q1,Low,0,1,0,0.33181333826046683,-0.7124185784754178,-0.6152037234542795,-1.206175090979225,0.022640539283791155,-1.0316286301236341,2.517696472610991,0.08064516129032258,3.3763886032268267,-0.6791833735320618,-0.8680667586820104,-0.6791815821602413,-0.8680664579476254,0.3567874729875857,7.5,2584.8346699999997
CUST100049,678552.48,143315.41,608.6,0,19.0,Male,Secondary,Salaried,2022-08-17,3,41,49.66,9.5,6.1,5.6,1,2022,8,17,Wednesday,1.0,1,1,0,0,0,0,1,0,0,0,Q4,Medium,0,1,0,-1.8970729876714074,0.3515287737688688,-0.47056971142529147,-0.5464295939817457,-0.5628906490901286,1.179676242718584,3.925136644573529,0.019739439399921045,7.046985170979147,-0.29703054991347183,0.7172423500120757,-0.29703009889322923,0.7172421365054006,0.21120755464632596,6.833333333333333,28080.763464
CUST100050,348620.12,268787.93,551.9,0,42.0,Female,Graduate,Unemployed,2021-08-09,4,46,19.86,9.2,4.8,5.1,0,2021,8,9,Monday,2.0,0,0,0,1,0,0,0,0,1,0,Q2,Medium,0,2,1,0.33181333826046683,-0.5120904530206825,-0.0780863646148214,-1.2799113524083556,0.16902333637727113,-0.5426678558359925,3.0378334495726262,0.04793863854266539,4.456455991031438,0.3429270487756601,-0.4140231296776256,0.3429257237518959,-0.41402291833507215,0.7710052133537215,7.666666666666667,5769.662986
CUST100051,178782.1,88814.35,603.6,0,34.0,Male,Graduate,Salaried,2020-01-04,1,49,15.77,8.9,5.4,4.8,0,2020,1,4,Saturday,2.0,1,0,1,0,0,0,0,0,1,0,Q1,Low,0,2,1,-0.44345147075931557,-0.9566524217583605,-0.6410513310940305,-0.61111052505993,0.608171727657711,-0.7790566935235166,2.8195915758351173,0.05963029218843172,3.971145930332956,-0.7649696152707794,-1.6813838179696112,-0.764967546859617,-1.6813839066308551,0.4967742855688573,8.166666666666666,2349.4947641666668
CUST100052,940472.56,444786.66,815.4,0,39.0,Male,Graduate,Salaried,2022-08-21,1,39,50.4,8.9,5.4,4.8,0,2022,8,21,Sunday,2.0,1,0,1,0,0,0,0,0,1,0,Q4,Low,1,0,0,0.041089034878048415,1.037121472133641,0.4724451030307817,2.1287737154119535,-0.8556562432770887,1.2224458612732951,3.9396381724611196,0.019455252918287938,7.0992957397195395,0.876725302282467,1.2276246357767024,0.8767236558111167,1.227624384580463,0.472939540096736,6.5,39499.84752
CUST100053,2457149.8175999983,1030014.49,669.1,0,45.0,Female,Graduate,Self-Employed,2018-09-16,1,35,34.98,9.2,4.8,5.1,0,2018,9,16,Sunday,2.0,0,0,0,1,0,1,0,0,0,0,Q4,Low,0,0,2,0.6225376416428852,5.007121991324325,2.3030624953094168,0.2362096720642835,-1.4411874316510085,0.33121948544404767,3.582963228522387,0.027793218454697056,5.914389233048498,1.8107427324749177,2.5782138696822097,1.8107440530879209,2.5782148248841006,0.41919075614447415,5.833333333333333,71625.91718303994
CUST100054,1525642.68,942775.24,600.6,0,49.0,Male,Post-Graduate,Self-Employed,2021-02-19,3,45,10.89,8.9,5.4,4.8,0,2021,2,19,Friday,3.0,1,0,1,0,0,0,0,0,1,0,Q4,Medium,0,1,0,1.0101700461527763,2.568841993802837,2.030174433339869,-0.6499190837068405,0.022640539283791155,-1.061104988857286,2.4756977107026903,0.08410428931875526,3.3000000000000003,1.7096304925616108,1.9349107752139798,1.7096312558820979,1.9349108657074519,0.6179528485660876,7.5,13845.207321000002
CUST100055,831684.37,1010594.66,704.4,0,48.0,Male,Graduate,Salaried,2018-10-26,0,49,26.66,9.5,6.1,5.6,0,2018,10,26,Friday,2.0,1,1,0,0,0,0,0,0,1,0,Q4,No_Missed,1,2,1,0.9132619450253036,0.7523613699974492,2.242316446111629,0.6928570454762636,0.608171727657711,-0.14964973938729706,3.319987326236612,0.036153289949385395,5.163332257370234,1.7889420459697427,1.0386585600661764,1.788943241433817,1.0386583007853158,1.2151180140610314,8.166666666666666,18477.254420166668
CUST100056,2457149.8175999983,1974290.1467000002,575.6,1,29.0,Male,Secondary,Salaried,2019-07-15,0,39,4.54,8.7,5.0,4.6,0,2019,7,15,Monday,1.0,1,0,0,0,1,0,0,0,1,0,Q4,No_Missed,0,0,0,-0.9279919763966795,5.007121991324325,5.256796667965474,-0.9733237390977617,-0.8556562432770887,-1.4281145534821709,1.7119945007591924,0.18050541516245489,2.130727575266252,2.574153438055896,2.5782138696822097,2.5741608916478684,2.5782148248841006,0.8034878999068817,6.5,9296.216809919993
CUST100057,352577.69,213118.64,617.6,0,35.0,Male,Graduate,Salaried,2023-03-28,1,53,35.79,8.7,5.0,4.6,0,2023,3,28,Tuesday,2.0,1,0,0,0,1,0,1,0,0,0,Q2,Low,0,3,1,-0.3465433696318428,-0.5017312583561593,-0.25222225710954954,-0.4300039180410141,1.1937029160316308,0.3780348787269071,3.605226069116683,0.027181299266104922,5.98247440445841,0.10339316738486778,-0.3937866952684349,0.10339237085445631,-0.39378649068366095,0.604458665549712,8.833333333333334,10515.62960425
CUST100058,342031.59,66221.96,657.9799999999999,0,42.0,Female,Primary,Unemployed,2023-02-08,1,40,24.95,9.5,6.1,5.6,0,2023,2,8,Wednesday,0.0,0,1,0,0,0,0,0,1,0,0,Q2,Low,0,0,0,0.33181333826046683,-0.5293363551331025,-0.7117212820892554,0.09235928134640023,-0.7092734461836087,-0.24848223631777788,3.2561716096118976,0.03853564547206166,4.994997497496871,-1.0441721840848297,-0.44831412443663216,-1.0441694104943258,-0.44831390204784116,0.19361357820779068,6.666666666666667,7111.406808750001
CUST100059,1318625.85,614112.66,751.9,0,49.0,Female,Post-Graduate,Salaried,2018-10-24,2,47,75.33,8.9,5.4,4.8,0,2018,10,24,Wednesday,3.0,0,0,1,0,0,0,0,0,1,0,Q4,Low,1,2,1,1.0101700461527763,2.026962092549671,1.0021039891520591,1.307325890719014,0.3154061334707511,2.663319632312409,4.335066045810379,0.013101008777675881,8.67928568489366,1.2288837638406345,1.7276729204246972,1.2288826729788382,1.7276728528038459,0.4657216905007588,7.833333333333333,82776.73773375
CUST100060,415173.67,65846.49,633.9,0,33.0,Female,Primary,Salaried,2024-08-06,0,54,29.66,8.7,5.0,4.6,0,2024,8,6,Tuesday,0.0,0,0,0,0,1,0,0,1,0,0,Q2,No_Missed,0,3,3,-0.5403595718867884,-0.33788224443180764,-0.7128957681219497,-0.21914408272613412,1.340085713125111,0.023740606104774416,3.422958873443668,0.03261578604044357,5.44609952167604,-1.0495226541620286,-0.10502483277993309,-1.0495198712569496,-0.10502473895745745,0.1585998697846133,9.0,10261.709210166666
CUST100061,889200.57,325621.68,584.5,0,36.0,Male,Secondary,Salaried,2022-01-01,0,27,34.25,8.7,5.0,4.6,0,2022,1,1,Saturday,1.0,1,0,0,0,1,1,0,0,0,0,Q4,No_Missed,0,0,2,-0.24963526850436998,0.9029137322206429,0.09969200798652238,-0.8581916817785941,-2.612249808398848,0.28902783470764376,3.5624655292582776,0.028368794326241134,5.852349955359813,0.5439412296854502,1.14192898720133,0.5439396324589547,1.1419287287116073,0.3661959865815201,4.5,25379.26626875
CUST100062,851955.21,105009.25,702.0,0,26.0,Male,Graduate,Salaried,2023-12-15,1,44,21.4,8.9,5.4,4.8,0,2023,12,15,Friday,2.0,1,0,1,0,0,0,1,0,0,0,Q4,Low,1,1,0,-1.218716279779098,0.8054216007889201,-0.5903929992675805,0.6618101985587355,-0.12374225780968881,-0.4536608118167292,3.109060958860994,0.044642857142857144,4.626013402488151,-0.6029917259166809,1.0759802955638815,-0.6029901937741137,1.0759800356005076,0.12325677308787161,7.333333333333333,15193.201245
CUST100063,491025.49,426045.16,566.2,1,25.0,Male,Graduate,Self-Employed,2018-07-16,2,41,38.04,9.5,6.1,5.6,0,2018,7,16,Monday,2.0,1,1,0,0,0,0,0,1,0,0,Q3,Low,0,1,0,-1.3156243809065706,-0.1393352145527736,0.4138208987488527,-1.0949238895247477,-0.5628906490901286,0.5080776378459607,3.664586761544892,0.025614754098360656,6.16765757804371,0.8303428646022089,0.18341472906380218,0.8303411928343514,0.18341470097807538,0.8676640391927515,6.833333333333333,15565.508033
CUST100064,2351327.63,1230441.39,571.0,1,39.0,Male,Secondary,Salaried,2024-03-18,1,51,26.93,8.9,5.4,4.8,0,2024,3,18,Monday,1.0,1,0,1,0,0,0,0,1,0,0,Q4,Low,0,3,1,0.041089034878048415,4.730125591722026,2.9300063113963764,-1.0328301956896915,0.9009373218446709,-0.13404460829301065,3.3297013799570854,0.03580379520229144,5.189412298131649,2.0158328467426494,2.520905432934987,2.0158354797739566,2.52090628585747,0.5232964450811136,8.5,52767.710896583325
CUST100065,420140.62,234404.94,619.7,0,53.0,Male,Secondary,Salaried,2020-09-21,1,58,47.46,8.7,5.0,4.6,0,2020,9,21,Monday,1.0,1,0,0,0,1,0,0,0,1,0,Q2,Low,0,3,3,1.3978024506626676,-0.3248809325310824,-0.18563781084823508,-0.40283792698817644,1.9256169014990308,1.0525233226910653,3.8807387153883797,0.020635575732562937,6.889121859859935,0.20117207769956946,-0.08431612192105095,0.20117104107890293,-0.08431603673623951,0.557920203002509,9.666666666666666,16616.561521
CUST100066,479659.35,286545.06,554.2,0,37.0,Female,Post-Graduate,Salaried,2023-11-09,1,49,34.24,8.7,5.0,4.6,0,2023,11,9,Thursday,3.0,0,0,0,0,1,1,0,0,0,0,Q3,Low,0,2,1,-0.15272716737689718,-0.169086818907017,-0.02254131130634711,-1.25015812411239,0.608171727657711,0.288449866889337,3.562181801067979,0.028376844494892167,5.851495535331118,0.40966131723535826,0.14363837039961475,0.4096598831815351,0.143638359001134,0.5973928372291711,8.166666666666666,13686.28012
CUST100067,893459.88,280317.88,597.7,0,49.0,Male,Secondary,Salaried,2024-09-24,1,38,30.69,8.9,5.4,4.8,0,2024,9,24,Tuesday,1.0,1,0,1,0,0,1,0,0,0,0,Q4,Low,0,0,2,1.0101700461527763,0.9140627507917738,-0.04202019359540308,-0.6874340237321871,-1.0020390403705686,0.0832712913903857,3.4560011737028296,0.031555695803092455,5.539855593785816,0.38670687301701273,1.1492649837139561,0.3867054744428377,1.1492647256061603,0.313744227664705,6.333333333333333,22850.236431
CUST100068,447173.46,391087.54,634.1,1,42.0,Male,Post-Graduate,Salaried,2018-01-08,2,48,22.83,8.7,5.0,4.6,0,2018,1,8,Monday,3.0,1,0,0,0,1,0,0,1,0,0,Q2,Low,0,2,1,0.33181333826046683,-0.25412073071660846,0.30447198558341515,-0.21655684548300616,0.46178893056423104,-0.3710114137988418,3.170945291110651,0.04196391103650861,4.778074926160116,0.7385253225501708,0.023599945890233665,0.7385236321404577,0.02359998544898925,0.874576814106991,8.0,8507.475076499999
CUST100069,227582.24,192597.51,641.4,0,31.0,Female,Primary,Self-Employed,2024-11-20,2,46,8.7,9.5,6.1,5.6,0,2024,11,20,Wednesday,0.0,0,1,0,0,0,0,1,0,0,0,Q1,Low,0,2,1,-0.734175774141734,-0.8289149086086293,-0.3164132192639141,-0.12212268610885775,0.16902333637727113,-1.1876799410664984,2.272125885509337,0.10309278350515465,2.949576240750525,0.000135939957009582,-1.2070561466440926,0.0001354290930019184,-1.2070558968070915,0.8462765372201276,7.666666666666667,1649.9712399999996
CUST100070,761732.33,242078.27,544.0,0,42.0,Male,Graduate,Self-Employed,2018-11-16,4,43,45.57,8.7,5.0,4.6,0,2018,11,16,Friday,2.0,1,0,0,0,1,0,0,0,0,1,Q4,Medium,0,1,0,0.33181333826046683,0.5692573946942937,-0.16163531022434405,-1.3821072235118863,-0.2701250549031688,0.9432874050310602,3.840956556994286,0.021473051320592657,6.750555532695069,0.2344068296226318,0.9012188768326166,0.23440571877914848,0.9012186288774983,0.3177996527992976,7.166666666666667,28926.785231749996
CUST100071,390370.78,68706.85,630.5,0,55.0,Female,Graduate,Salaried,2021-11-18,0,34,26.29,9.2,4.8,5.1,0,2021,11,18,Thursday,2.0,0,0,0,1,0,0,1,0,0,0,Q2,No_Missed,0,0,2,1.591618652917613,-0.4028054083310574,-0.7039484411225174,-0.2631271158592991,-1.5875702287444884,-0.17103454866465262,3.306520334720247,0.03664345914254306,5.127377497317708,-1.0094562138862777,-0.21294744320336717,-1.0094535054117455,-0.2129473054776924,0.17600408001848908,5.666666666666667,8552.373171833333
CUST100072,129109.2296,26323.93,696.5,0,38.0,Male,Secondary,Self-Employed,2024-05-05,1,49,33.95,8.7,5.0,4.6,0,2024,5,5,Sunday,1.0,1,0,0,0,1,0,0,0,1,0,Q1,Low,0,2,1,-0.05581906624942438,-1.0866743630049407,-0.8365240065865761,0.5906611743727328,0.608171727657711,0.2716888001584368,3.5539184686798193,0.028612303290414875,5.826662852782886,-1.8843092630952523,-2.3520202021613557,-1.8843095974572297,-2.35202156682591,0.2038888318174892,8.166666666666666,3652.7152874333337
CUST100073,528998.84,523680.85,709.8,1,55.0,Male,Secondary,Self-Employed,2022-08-26,0,46,2.98,8.9,5.4,4.8,0,2022,8,26,Friday,1.0,1,0,1,0,0,0,1,0,0,0,Q3,No_Missed,1,2,1,1.591618652917613,-0.03993752235426057,0.7192294645395896,0.7627124510407023,0.16902333637727113,-1.518277533138048,1.3812818192963463,0.25125628140703515,1.7262676501632068,1.0539640828778394,0.308904491455727,1.0539626343038775,0.30890441220136916,0.9899470668026418,7.666666666666667,1313.6804526666665
CUST100074,582697.94,592574.24,610.2,0,18.0,Male,Secondary,Salaried,2023-10-10,2,53,37.06,9.2,4.8,5.1,0,2023,10,10,Tuesday,1.0,1,0,0,1,0,1,0,0,0,0,Q3,Low,0,3,1,-1.9939810887988803,0.10062333448710768,0.9347309008725729,-0.5257316960367265,1.1937029160316308,0.4514367916518842,3.6391638618680036,0.02627430373095113,6.087692502089769,1.1895057594587766,0.469480953371219,1.189504573693452,0.4694808139505006,1.0169492619108969,8.833333333333334,17995.654713666667
CUST100075,278280.25,158267.82,634.9,0,47.0,Male,Graduate,Self-Employed,2022-01-01,2,50,37.72,8.9,5.4,4.8,0,2022,1,1,Saturday,2.0,1,0,1,0,0,1,0,0,0,0,Q1,Low,0,3,1,0.8163538438978308,-0.6962095983566463,-0.4237979408441129,-0.20620789651049726,0.754554524751191,0.48958266766013975,3.656356262408376,0.025826446280991736,6.141661013113635,-0.19795089253160117,-0.8260665704059436,-0.19795078026591195,-0.8260662716115992,0.5687353665953657,8.333333333333334,8747.275858333333
CUST100076,398066.68,255056.06,630.2,0,39.0,Female,Graduate,Self-Employed,2021-07-11,0,39,39.36,8.7,5.0,4.6,0,2021,7,11,Sunday,2.0,0,0,0,0,1,0,1,0,0,0,Q2,No_Missed,0,0,0,0.041089034878048415,-0.38266089383890606,-0.12104023447864726,-0.26700797172398955,-0.8556562432770887,0.5843693898624722,3.6978391954854084,0.024777006937561942,6.273754856543249,0.28845247413245556,-0.17862444140551859,0.2884512510919306,-0.17862431740361367,0.6407370242593527,6.5,13056.587104
CUST100077,635231.24,563042.74,538.7,1,35.0,Male,Graduate,Self-Employed,2021-01-23,1,42,10.7,8.7,5.0,4.6,0,2021,1,23,Saturday,2.0,1,0,0,0,1,0,0,0,1,0,Q3,Low,0,1,0,-0.3465433696318428,0.2381326346560986,0.8423551204520203,-1.450669010454761,-0.41650785199664875,-1.0720863774051175,2.4595888418037104,0.08547008547008547,3.271085446759225,1.1332973687356347,0.610682494171544,1.1332960620454788,0.6106823091648151,0.8863587061618695,7.0,5664.145223333333
CUST100078,530981.07,391193.76,606.8,0,39.0,Male,Secondary,Salaried,2019-07-07,1,40,15.43,8.7,5.0,4.6,0,2019,7,7,Sunday,1.0,1,0,0,0,1,0,0,1,0,0,Q3,Low,0,0,0,0.041089034878048415,-0.03474890751236074,0.30480424623378083,-0.569714729169893,-0.7092734461836087,-0.7987075993459514,2.799108932049177,0.06086427267194157,3.928103868280471,0.7388156736714805,0.31516442661560806,0.7388139832558731,0.3151643448869563,0.7367376769194428,6.666666666666667,6827.531591749998
CUST100079,187313.45,162173.21,713.7,0,18.0,Male,Secondary,Salaried,2019-10-23,0,48,32.01,8.7,5.0,4.6,0,2019,10,23,Wednesday,1.0,1,0,0,0,1,0,0,0,0,1,Q1,No_Missed,1,2,1,-1.9939810887988803,-0.9343210630202511,-0.411581715826873,0.8131635772816872,0.46178893056423104,0.15956304340689695,3.4968105458651015,0.03029385034837928,5.657738063926254,-0.1735059880319396,-1.5882786141087604,-0.17350595704912172,-1.58827860611982,0.8657851852069351,8.0,4996.58627875
CUST100080,686571.51,184761.29,715.0,0,36.0,Male,Primary,Self-Employed,2019-12-17,2,41,53.14,8.9,5.4,4.8,1,2019,12,17,Tuesday,0.0,1,0,1,0,0,0,0,0,1,0,Q4,Low,1,1,0,-0.24963526850436998,0.3725191018718843,-0.34092524669384966,0.8299806193620145,-0.5628906490901286,1.3808090434893874,3.9915732841861553,0.01847063169560399,7.2897187874430385,-0.042010273728031046,0.7360964868824699,-0.04201065953554254,0.7360962689393322,0.2691071320451383,6.833333333333333,30403.6750345
CUST100081,1130851.95,518837.42,683.0,0,42.0,Female,Secondary,Self-Employed,2024-02-20,0,41,4.08,9.2,4.8,5.1,0,2024,2,20,Tuesday,1.0,0,0,0,1,0,1,0,0,0,0,Q4,No_Missed,0,1,0,0.33181333826046683,1.535451801381934,0.7040790107474586,0.4160226604616354,-0.5628906490901286,-1.4547010731242886,1.6253112615903906,0.19685039370078738,2.0199009876724157,1.0438224954260462,1.5038581464418104,1.0438210311205873,1.5038579646283652,0.4588022508162983,6.833333333333333,3844.8966299999997
CUST100082,334167.91,152580.31,471.25800000000004,0,54.0,Male,Graduate,Unemployed,2024-12-04,2,49,13.75,8.9,5.4,4.8,0,2024,12,4,Wednesday,2.0,1,0,1,0,0,0,1,0,0,0,Q2,Low,0,2,1,1.4947105517901405,-0.5499200445939377,-0.44158871255905113,-2.3231112812097416,0.608171727657711,-0.8958061928215114,2.691243082785829,0.06779661016949153,3.7080992435478315,-0.23457123809887193,-0.4902645353658747,-0.23457100222796412,-0.4902643002079215,0.45659773255905994,8.166666666666666,3829.0073020833333
CUST100083,154750.69,83396.48,587.5,0,32.0,Female,Post-Graduate,Salaried,2021-12-29,1,40,19.01,8.9,5.4,4.8,0,2021,12,29,Wednesday,3.0,0,0,1,0,0,1,0,0,0,0,Q1,Low,0,0,0,-0.6372676730142611,-1.0195561870115253,-0.6579986574901533,-0.8193831231316835,-0.7092734461836087,-0.5917951203920793,2.996232148595642,0.04997501249375312,4.360045871318328,-0.8253348459386636,-1.9743162704924624,-0.8253325955642907,-1.974316780169029,0.5389086148824279,6.666666666666667,2451.508847416667
CUST100084,676110.66,290646.4,687.4,0,29.0,Female,Graduate,Salaried,2020-05-04,1,42,41.71,8.9,5.4,4.8,0,2020,5,4,Monday,2.0,0,0,1,0,0,0,0,1,0,0,Q4,Low,0,1,0,-0.9279919763966795,0.3451371524669776,-0.009712146405477469,0.4729418798104372,-0.41650785199664875,0.720191827164595,3.754433084853375,0.023413720440177945,6.458327956987009,0.42452796943084137,0.7114495464183261,0.4245265135512944,0.7114493343130637,0.4298799252773207,7.0,23500.4796905
CUST100085,305528.75,33553.32,787.0,0,32.0,Male,Secondary,Salaried,2024-12-20,1,50,34.57,9.2,4.8,5.1,0,2024,12,20,Friday,1.0,1,0,0,1,0,0,1,0,0,0,Q2,Low,1,3,1,-0.6372676730142611,-0.6248848925861208,-0.8139101690498936,1.7613860268878676,0.754554524751191,0.3075228048934648,3.571502585960364,0.028113578858588697,5.87962583843564,-1.668690907840217,-0.6533890629882723,-1.668689196610204,-0.6533887873323957,0.10982049970747433,8.333333333333334,8801.774072916667
CUST100086,593918.18,37274.43,648.8,0,48.0,Female,Post-Graduate,Self-Employed,2024-03-09,3,39,32.01,8.9,5.4,4.8,0,2024,3,9,Saturday,3.0,0,0,1,0,0,1,0,0,0,0,Q3,Medium,0,0,0,0.9132619450253036,0.1299930361835199,-0.8022703796629433,-0.026394908113145377,-0.8556562432770887,0.15956304340689695,3.4968105458651015,0.03029385034837928,5.657738063926254,-1.5740647647188857,0.5008543331375177,-1.5740625089572444,0.5008541829110512,0.0627602105057636,6.5,15842.767451500002
CUST100087,1485398.67,670472.97,657.7,0,42.0,Male,Graduate,Salaried,2019-10-27,0,53,41.46,8.9,5.4,4.8,0,2019,10,27,Sunday,2.0,1,0,1,0,0,0,0,0,0,1,Q4,No_Missed,0,3,1,0.33181333826046683,2.463500702639063,1.1784014214191052,0.08873714920602374,1.1937029160316308,0.7057426317069223,3.74856245627511,0.023551577955723033,6.438944012802099,1.3261592631104613,1.8972952470219835,1.3261584430492943,1.8972953048411354,0.4513757710581497,8.833333333333334,51320.524048499996
CUST100088,189005.39,106846.34,640.9,0,32.0,Male,Post-Graduate,Salaried,2023-03-13,1,42,42.25,8.9,5.4,4.8,0,2023,3,13,Monday,3.0,1,0,1,0,0,0,1,0,0,0,Q1,Low,0,1,0,-0.6372676730142611,-0.9298923009716472,-0.5846465040860694,-0.12859077921667617,-0.41650785199664875,0.7514020893531678,3.7669972333778885,0.023121387283236993,6.5,-0.5861086729271233,-1.5704015602326902,-0.5861071994299701,-1.5704015355413028,0.5653084285056632,7.0,6654.564772916667
CUST100089,285460.38,157471.37,545.5,1,44.0,Male,Graduate,Salaried,2022-08-02,2,41,13.45,8.9,5.4,4.8,0,2022,8,2,Tuesday,2.0,1,0,1,0,0,0,1,0,0,0,Q1,Low,0,1,0,0.5256295405154124,-0.6774151450970495,-0.42628927011339995,-1.362702944188431,-0.5628906490901286,-0.9131452273707186,2.670694414558441,0.06920415224913495,3.6674241641784495,-0.2030047475009702,-0.7787108120804211,-0.2030046183034797,-0.7787105173028532,0.5516400209374064,6.833333333333333,3199.5350925
CUST100090,397534.19,89419.1,678.2,0,39.0,Female,Secondary,Salaried,2024-03-18,2,40,23.1,8.7,5.0,4.6,0,2024,3,18,Monday,1.0,0,0,0,0,1,0,0,0,1,0,Q2,Low,0,0,0,0.041089034878048415,-0.3840547207495891,-0.6391596475287077,0.35392896662657913,-0.7092734461836087,-0.35540628270455515,3.1822118404966093,0.04149377593360996,4.806245936279167,-0.7584450665580603,-0.18097428575866756,-0.7584430185223417,-0.18097416080921336,0.22493436350719923,6.666666666666667,7652.5331575
CUST100091,900245.78,427681.11,528.3,0,49.0,Other,Primary,Self-Employed,2018-09-30,2,30,45.49,9.5,6.1,5.6,0,2018,9,30,Sunday,0.0,2,1,0,0,0,0,0,0,1,0,Q4,Low,0,0,2,1.0101700461527763,0.9318252816058814,0.41893821950733107,-1.5852053470973855,-2.173101417118408,0.9386636624846051,3.8392372357024933,0.021510002151000213,6.7446274915669,0.834466277646214,1.1608687902354704,0.8344646076911737,1.160868532822888,0.4750714965861878,5.0,34126.817110166674
CUST100092,438204.85,262403.06,643.2,0,30.0,Male,Graduate,Salaried,2021-03-23,2,50,31.62,8.7,5.0,4.6,1,2021,3,23,Tuesday,2.0,1,0,0,0,1,1,0,0,0,0,Q2,Low,0,3,1,-0.8310838752692068,-0.2775966456998404,-0.09805850789009604,-0.09883755092071055,0.754554524751191,0.13702229849292782,3.4849255971928677,0.03065603923973022,5.62316636780382,0.3179275440021944,-0.011339833753381502,0.31792626436476573,-0.011339779345220518,0.5988136826874463,8.333333333333334,11546.6977975
CUST100093,506812.73,276647.21,657.1,0,34.0,Female,Primary,Self-Employed,2021-06-26,0,33,27.69,9.2,4.8,5.1,0,2021,6,26,Saturday,0.0,0,0,0,1,0,0,0,0,1,0,Q3,No_Missed,0,0,2,-0.44345147075931557,-0.09801109586995911,-0.053502204530042646,0.08097543747664133,-1.7339530258379685,-0.09011905410168579,3.3565486299932736,0.034855350296270474,5.262128846769148,0.3729534252598834,0.2369161789514344,0.3729520489672469,0.23691612872631757,0.545856869064832,5.5,11694.70374475
CUST100094,180281.99,99191.54,653.9,0,34.0,Male,Secondary,Self-Employed,2018-10-06,1,49,47.72,8.9,5.4,4.8,0,2018,10,6,Saturday,1.0,1,0,1,0,0,1,0,0,0,0,Q1,Low,0,2,1,-0.44345147075931557,-0.9527263629684032,-0.6085910420866196,0.03957964158660284,0.608171727657711,1.0675504859670446,3.8860896234016415,0.020525451559934318,6.907966415668217,-0.658327130573278,-1.6646443440382146,-0.6583254091414154,-1.6646444140984233,0.5502021582965664,8.166666666666666,7169.213802333334
CUST100095,365844.35,154400.24,546.1,1,22.0,Male,Graduate,Unemployed,2020-03-26,0,31,23.36,9.5,6.1,5.6,0,2020,3,26,Thursday,2.0,1,1,0,0,0,0,1,0,0,0,Q2,No_Missed,0,0,2,-1.6063486842889891,-0.4670049203537886,-0.4358958945829654,-1.3549412324590486,-2.0267186200249285,-0.34037911942857574,3.192942442841696,0.041050903119868636,4.833218389437829,-0.22271728629823312,-0.32783396977284435,-0.22271709066541107,-0.32783378833006205,0.42203806072172495,5.166666666666667,7121.770013333333
CUST100096,288896.88,112798.02,649.24,0,41.0,Male,Graduate,Unemployed,2018-10-03,2,47,18.89,9.2,4.8,5.1,0,2018,10,3,Wednesday,2.0,1,0,0,1,0,0,0,0,0,1,Q1,Low,0,2,1,0.23490523713299402,-0.6684198847568322,-0.5660293974435556,-0.020702986178264455,0.3154061334707511,-0.5987307342117622,2.9902170928658807,0.05027652086475616,4.346262762420146,-0.5332043485289112,-0.7565347618004441,-0.5332030607842612,-0.7565344695382444,0.39044388433686095,7.833333333333333,4547.7183860000005
CUST100097,657941.97,132840.74,705.1,0,41.0,Other,Graduate,Salaried,2020-10-01,2,49,19.93,8.9,5.4,4.8,0,2020,10,1,Thursday,2.0,2,0,1,0,0,0,0,0,1,0,Q4,Low,1,2,1,0.23490523713299402,0.2975794348500118,-0.5033349219935915,0.70191237582721,0.608171727657711,-0.5386220811078442,3.0411835364579085,0.047778308647873864,4.464302857109943,-0.37232926051804593,0.6675664634986822,-0.37232854476428023,0.6675662625771653,0.20190342926443802,8.166666666666666,10927.319551749999
CUST100098,544316.73,786759.09,655.8,0,38.0,Male,Secondary,Salaried,2020-07-11,2,36,2.4,8.9,5.4,4.8,0,2020,7,11,Saturday,1.0,1,0,1,0,0,0,0,0,1,0,Q3,Low,0,0,2,-0.05581906624942438,0.000158042439224412,1.5421493206818595,0.06415839539631256,-1.2948046345575286,-1.5517996665998486,1.2237754316221157,0.29411764705882354,1.5491933384829668,1.5049320873618819,0.3565826053388797,1.5049319019929726,0.3565825074730207,1.4454067763083454,6.0,1088.63346
CUST100099,249447.22,115597.33,593.8,0,35.0,Male,Secondary,Salaried,2019-10-04,1,48,36.02,8.9,5.4,4.8,0,2019,10,4,Friday,1.0,1,0,1,0,0,0,0,0,1,0,Q1,Low,0,2,1,-0.3465433696318428,-0.7716819135748322,-0.5572730374249634,-0.737885149973172,0.46178893056423104,0.39132813854796616,3.6114583071453517,0.02701242571582928,6.001666435249463,-0.5092117172928545,-1.0316946493802954,-0.5092105145221025,-1.031694357261463,0.4634139839281432,8.0,7487.574053666667
CUST100100,454816.85,52588.46,564.3,1,22.0,Male,Graduate,Self-Employed,2019-05-20,0,40,18.35,8.9,5.4,4.8,1,2019,5,20,Monday,2.0,1,0,1,0,0,1,0,0,0,0,Q3,No_Missed,0,0,0,-1.6063486842889891,-0.23411366453537374,-0.7543674464345683,-1.119502643334459,-0.7092734461836087,-0.6299409964003351,2.962692419475791,0.05167958656330749,4.283689998120779,-1.2593433531218305,0.05273800453204334,-1.259340389462778,0.05273803168844006,0.11562557543767343,6.666666666666667,6954.907664583335
CUST100101,362931.19,106347.05,714.2,0,33.0,Male,Post-Graduate,Self-Employed,2020-02-11,1,38,6.29,9.2,4.8,5.1,0,2020,2,11,Tuesday,3.0,1,0,0,1,0,0,1,0,0,0,Q2,Low,1,0,2,-0.5403595718867884,-0.47463030449832727,-0.5862083043131551,0.8196316703895056,-1.0020390403705686,-1.3269701852784626,1.986503546020567,0.13717421124828533,2.5079872407968904,-0.5906703743566076,-0.3420745951489485,-0.5906688849786953,-0.3420744085732294,0.29302262503258536,6.333333333333333,1902.3643209166667
CUST100102,387841.85,200914.45,652.7,0,34.0,Male,Graduate,Salaried,2021-06-18,2,52,28.14,9.5,6.1,5.6,0,2021,6,18,Friday,2.0,1,1,0,0,0,0,0,0,1,0,Q2,Low,0,3,1,-0.44345147075931557,-0.40942504567492066,-0.2903974793519248,0.024056218127839507,1.047320118938151,-0.06411050227787511,3.3721118007670587,0.03431708991077557,5.304714883949938,0.04316094500526893,-0.22439883755995899,0.0431603113745733,-0.2243986953148452,0.5180318988268028,8.666666666666666,9094.891382499998
CUST100103,432265.86,46090.5,559.5,0,29.0,Male,Post-Graduate,Self-Employed,2021-06-13,0,31,18.61,8.9,5.4,4.8,0,2021,6,13,Sunday,3.0,1,0,1,0,0,1,0,0,0,0,Q2,No_Missed,0,0,2,-0.9279919763966795,-0.29314233497903347,-0.7746933400106323,-1.1815963371695153,-2.0267186200249285,-0.6149138331243557,2.976039640208255,0.05099439061703213,4.313930922024598,-1.3808615854443387,-0.03493906323253355,-1.3808587258276657,-0.034938998826400586,0.10662535320277201,5.166666666666667,6703.723045499999
CUST100104,454466.86,31412.01,634.9,0,36.0,Female,Graduate,Salaried,2020-10-10,3,43,20.4,8.9,5.4,4.8,0,2020,10,10,Saturday,2.0,0,0,1,0,0,1,0,0,0,0,Q3,Medium,0,1,0,-0.24963526850436998,-0.2350297859282073,-0.8206082772520619,-0.20620789651049726,-0.2701250549031688,-0.5114575936474197,3.0633909220278057,0.04672897196261683,4.516635916254486,-1.7276605066182154,0.05141628817518152,-1.7276592345987056,0.05141631589418795,0.06911837311965938,7.166666666666667,7725.9366199999995
CUST100105,872543.51,347856.36,585.5,0,42.0,Male,Graduate,Self-Employed,2018-05-08,0,43,7.88,8.7,5.0,4.6,0,2018,5,8,Tuesday,2.0,1,0,0,0,1,1,0,0,0,0,Q4,No_Missed,0,1,0,0.33181333826046683,0.859312803600646,0.16924302697984314,-0.8452554955629572,-0.2701250549031688,-1.2350733021676648,2.1838015570040787,0.11261261261261263,2.80713376952364,0.6138062334970545,1.112841159483241,0.6138045826616023,1.1128408999130042,0.3986693569011819,7.166666666666667,5729.702382333333
CUST100106,355785.73,262633.22,674.1,0,59.0,Male,Secondary,Unemployed,2024-12-25,0,37,37.31,8.9,5.4,4.8,0,2024,12,25,Wednesday,1.0,1,0,1,0,0,0,0,0,1,0,Q2,No_Missed,0,0,2,1.9792510574275044,-0.4933340067973552,-0.09733855768026613,0.30089060314246774,-1.1484218374640485,0.4658859871095568,3.6457109587125576,0.0261028452101279,6.108191221630181,0.3188384813881119,-0.3775762998306268,0.31883720005439253,-0.377576100780188,0.7381780601487304,6.166666666666667,11061.971321916668
CUST100107,328088.36,141310.44,750.3,0,40.0,Male,Graduate,Salaried,2021-05-08,1,57,5.34,9.2,4.8,5.1,0,2021,5,8,Saturday,2.0,1,0,0,1,0,0,1,0,0,0,Q2,Low,1,3,3,0.13799713600552121,-0.5658336587366317,-0.4768413423437953,1.2866279927739945,1.7792341044055506,-1.3818771280176185,1.8468787684491346,0.15772870662460567,2.3108440016582685,-0.3110392323871261,-0.52349414541854,-0.3110387324875127,-0.5234939007736985,0.4307084835316925,9.5,1459.9932019999999
CUST100108,243982.96,125505.8,563.5,1,41.0,Female,Graduate,Salaried,2022-03-06,2,41,60.63,8.7,5.0,4.6,1,2022,3,6,Sunday,2.0,0,0,0,0,1,1,0,0,0,0,Q1,Low,0,1,0,0.23490523713299402,-0.7859849664677859,-0.5262789243923158,-1.1298515923069679,-0.5628906490901286,1.8137069394012593,4.121148764974151,0.01622586402725945,7.786526825228306,-0.4284127722161412,-1.0737899785576197,-0.4284118570907433,-1.0737896932375088,0.5144039567353392,6.833333333333333,12327.239054000001
CUST100109,391162.14,32444.0,662.6,0,37.0,Female,Graduate,Salaried,2022-08-01,6,41,16.06,8.9,5.4,4.8,0,2022,8,1,Monday,2.0,0,0,1,0,0,0,1,0,0,0,Q2,High,0,1,0,-0.15272716737689718,-0.4007339725030829,-0.8173801689055097,0.152124461662644,-0.5628906490901286,-0.7622956267926164,2.836736542063533,0.0586166471277843,4.007492981902775,-1.698789638154558,-0.20938180238553772,-1.698788140867525,-0.20938166607340722,0.08294258743957172,6.833333333333333,5235.053307
CUST100110,509358.79,323472.53,661.1,0,18.0,Male,Secondary,Self-Employed,2019-05-07,2,52,57.08,8.9,5.4,4.8,0,2019,5,7,Tuesday,1.0,1,0,1,0,0,0,0,0,1,0,Q3,Low,0,3,1,-1.9939810887988803,-0.09134661964653015,0.09296937593292444,0.13272018233918872,1.047320118938151,1.6085283639023078,4.06182137051654,0.01721763085399449,7.555130707009641,0.536955341735766,0.24536239652029174,0.5369537510738027,0.24536234283951686,0.6350583053646724,8.666666666666666,24228.499777666664
CUST100111,171398.58,38278.75,478.4,1,38.0,Female,Graduate,Salaried,2021-06-11,0,41,20.85,9.2,4.8,5.1,0,2021,6,11,Friday,2.0,0,0,0,1,0,0,0,0,1,0,Q1,No_Missed,0,1,0,-0.05581906624942438,-0.9759792614578227,-0.7991288242461182,-2.2307210392576637,-0.5628906490901286,-0.48544904182360876,3.084200921541599,0.04576659038901602,4.5661800227323495,-1.5500299571962164,-1.7662455780567905,-1.550027591657959,-1.7662457696464242,0.2233317802282843,6.833333333333333,2978.0503275
CUST100112,366467.19,320326.32,716.6,0,39.0,Male,Secondary,Salaried,2022-07-25,0,48,29.53,9.2,4.8,5.1,0,2022,7,25,Monday,1.0,1,0,0,1,0,0,0,0,0,1,Q2,No_Missed,1,2,1,0.041089034878048415,-0.465374596492214,0.08312789804941195,0.8506785173070338,0.46178893056423104,0.016227024466784708,3.4187098067467865,0.03275466754012447,5.43415126767741,0.5266503793688571,-0.32480645022876475,0.5266487987841859,-0.32480626988631056,0.8740927666675972,8.0,9018.14676725
CUST100113,766365.94,140550.73,817.9,0,65.0,Male,Graduate,Salaried,2019-02-20,0,48,5.14,9.5,6.1,5.6,1,2019,2,20,Wednesday,2.0,1,1,0,0,0,0,0,0,1,0,Q4,No_Missed,1,2,1,2.560699664192341,0.5813861676508001,-0.47921774733992817,2.1611141809510457,0.46178893056423104,-1.3934364843837566,1.814824742159051,0.16286644951140067,2.2671568097509267,-0.31639555242086126,0.9107705545295106,-0.31639503378045486,0.9107703053617165,0.18339897777816172,8.0,3282.6007763333328
CUST100114,551996.1,374326.84,661.0,0,36.0,Male,Secondary,Salaried,2024-01-05,1,38,112.61,8.7,5.0,4.6,1,2024,1,5,Friday,1.0,1,0,0,0,1,1,0,0,0,0,Q3,Low,0,0,2,-0.24963526850436998,0.02025928859049879,0.25204380743822263,0.13142656371762476,-1.0020390403705686,4.817983658960551,4.732771530581813,0.008802042073761113,10.611785900591851,0.6917670736893221,0.3799000025535165,0.6917653895082172,0.3798998957956952,0.6781331244912782,6.333333333333333,51800.2340175
CUST100115,543284.41,198967.56,758.8,0,41.0,Male,Graduate,Salaried,2020-08-27,2,45,7.12,8.9,5.4,4.8,0,2020,8,27,Thursday,2.0,1,0,1,0,0,0,1,0,0,0,Q3,Low,1,1,0,0.23490523713299402,-0.0025441217261801133,-0.29648743357514307,1.3965855756069079,0.022640539283791155,-1.2789988563589894,2.0943301541735866,0.1231527093596059,2.6683328128252666,0.033239596387783295,0.3534188656439654,0.03323899060927962,0.35341876899572156,0.3662309397024663,7.5,3223.4874993333333
CUST100116,622604.5,55631.61,549.6,1,38.0,Male,Secondary,Self-Employed,2023-09-08,0,49,35.88,9.5,6.1,5.6,0,2023,9,8,Friday,1.0,1,1,0,0,0,1,0,0,0,0,Q3,No_Missed,0,2,1,-0.05581906624942438,0.20508132851664418,-0.744848344587835,-1.3096645807043197,0.608171727657711,0.38323658909166947,3.607669398688393,0.027114967462039043,5.989991652748775,-1.2071611487779113,0.5780203426149022,-1.2071581923249646,0.5780201674218014,0.08935304836376866,8.166666666666666,18615.87455
CUST100117,322694.93,120447.36,592.5,0,25.0,Female,Primary,Salaried,2021-10-16,5,48,55.47,9.2,4.8,5.1,0,2021,10,16,Saturday,0.0,0,0,0,1,0,1,0,0,0,0,Q2,Medium,0,2,1,-1.3156243809065706,-0.5799513095373703,-0.5421019385538227,-0.7547021920534993,0.46178893056423104,1.515475545154896,4.033709523684745,0.017708517797060386,7.447818472546173,-0.46889113952087763,-0.5535803328803061,-0.4688900801489018,-0.5535800801589724,0.3732545782482545,8.0,14916.57313925
CUST100118,299896.93,19387.6,655.7,0,51.0,Female,Secondary,Self-Employed,2018-11-04,0,42,28.48,8.9,5.4,4.8,0,2018,11,4,Sunday,1.0,0,0,1,0,0,0,1,0,0,0,Q1,No_Missed,0,1,0,1.203986248407722,-0.6396265445835725,-0.8582211400543814,0.06286477677475005,-0.41650785199664875,-0.044459596455440356,3.383712067321136,0.033921302578018994,5.336665625650533,-2.1507752658274706,-0.6875668984279139,-2.1507802230299427,-0.6875666164138988,0.06464754407455921,7.0,7117.553805333333
CUST100119,890510.19,504674.69,655.1800000000001,0,46.0,Female,Graduate,Self-Employed,2024-01-19,1,36,50.48,9.5,6.1,5.6,0,2024,1,19,Friday,2.0,0,1,0,0,0,0,1,0,0,0,Q4,Low,0,0,2,0.719445742770358,0.9063417470167305,0.6597773925893707,0.05613795994261912,-1.2948046345575286,1.2270696038197504,3.941193382727926,0.019425019425019428,7.104927867332644,1.0136550216972606,1.1441889587007619,1.0136535137936427,1.1441887003239766,0.5667253397740457,6.0,37460.79532599999
CUST100120,697844.56,329412.52,653.0,0,47.0,Male,Secondary,Salaried,2018-03-02,3,47,61.93,8.9,5.4,4.8,0,2018,3,2,Friday,1.0,1,0,1,0,0,1,0,0,0,0,Q4,Medium,0,2,1,0.8163538438978308,0.40202703714855736,0.11154991576125275,0.02793707399252997,0.3154061334707511,1.8888427557811567,4.1420229975388425,0.01589067217543302,7.869561614219689,0.5561598182112434,0.76217150156738,0.556158210024432,0.762171277810412,0.4720428285634268,7.833333333333333,36014.59466733334
CUST100121,293475.62,50928.06,849.0,0,28.0,Male,Secondary,Salaried,2023-12-13,1,41,49.86,9.2,4.8,5.1,0,2023,12,13,Wednesday,1.0,1,0,0,1,0,0,1,0,0,0,Q1,Low,1,1,0,-1.0249000775241524,-0.6564347375634184,-0.7595612478266509,2.563429572257352,-0.5628906490901286,1.1912355990847223,3.9290767599939738,0.019661816751867872,7.0611613775638915,-1.289009086804601,-0.7274611166192625,-1.2890061321244595,-0.7274608282406176,0.1735342104396951,6.833333333333333,12193.912011
CUST100122,157424.59,82433.21,579.4,1,53.0,Female,Graduate,Self-Employed,2022-01-19,1,32,51.01,8.9,5.4,4.8,0,2022,1,19,Wednesday,2.0,0,0,1,0,0,1,0,0,0,0,Q1,Low,0,0,2,1.3978024506626676,-1.0125570813447986,-0.6610118067716223,-0.9241662314783423,-1.8803358229314484,1.2577018981900163,3.9514360077849813,0.019227071716977504,7.142128534267638,-0.8364471271557954,-1.9391835268884055,-0.8364448446973702,-1.9391839759054985,0.5236361739928941,5.333333333333333,6691.856946583333
CUST100123,296845.31,13941.3458,733.8,0,23.0,Male,Secondary,Unemployed,2023-04-15,4,28,27.21,9.2,4.8,5.1,0,2023,4,15,Saturday,1.0,1,0,0,1,0,1,0,0,0,0,Q1,Medium,1,0,2,-1.5094405831615163,-0.6476143567062013,-0.8752572534280234,1.0731809202159865,-2.465867011305368,-0.11786150938041726,3.339676525013905,0.035448422545196735,5.21632054229799,-2.431605975716579,-0.7064004425367187,-2.4316194723341282,-0.7064001573723582,0.04696501959219096,4.666666666666667,6730.96740425
CUST100124,596565.2,594957.91,496.1,1,44.0,Male,Post-Graduate,Salaried,2024-11-18,0,42,12.88,9.2,4.8,5.1,0,2024,11,18,Monday,3.0,1,0,0,1,0,0,0,1,0,0,Q3,No_Missed,0,1,0,0.5256295405154124,0.1369217817169874,0.9421871214003166,-2.0017505432408913,-0.41650785199664875,-0.946089393014212,2.6304489550786583,0.07204610951008646,3.588871688985272,1.1939285419273,0.5081550642113845,1.1939273664012828,0.5081549115221715,0.9973057597057289,7.0,6403.133146666666
CUST100125,308031.37,90316.81,604.5,0,62.0,Male,Post-Graduate,Salaried,2024-04-09,0,40,15.99,8.7,5.0,4.6,0,2024,4,9,Tuesday,3.0,1,0,0,0,1,0,1,0,0,0,Q2,No_Missed,0,0,0,2.269975360809923,-0.6183341233637625,-0.6363515726987351,-0.5994679574658571,-0.7092734461836087,-0.7663414015207647,2.8326249356838407,0.05885815185403177,3.998749804626441,-0.748834953167848,-0.6384364102911776,-0.7488329353719277,-0.6384361376679454,0.2932065328281337,6.666666666666667,4104.518005250001
CUST100126,530479.87,183846.99,634.2,0,27.0,Female,Graduate,Salaried,2022-02-22,2,37,20.31,8.9,5.4,4.8,0,2022,2,22,Tuesday,2.0,0,0,1,0,0,0,0,0,1,0,Q3,Low,0,0,2,-1.1218081786516252,-0.0360608308304217,-0.34378521574515125,-0.21526322686144217,-1.1484218374640485,-0.5166593040121819,3.0591764461105257,0.04692632566870014,4.5066617356975,-0.047035359296229144,0.3135842010495386,-0.047035729892678596,0.31358411994465923,0.34656732591945477,6.166666666666667,8978.371799749999
CUST100127,965956.23,982671.42,575.8,1,32.0,Male,Secondary,Self-Employed,2019-04-18,1,48,39.16,9.2,4.8,5.1,0,2019,4,18,Thursday,1.0,1,0,0,1,0,1,0,0,0,0,Q4,Low,0,2,1,-0.6372676730142611,1.1038266215805157,2.1549713709589824,-0.9707365018546352,0.46178893056423104,0.572810033496334,3.6928714753834737,0.024900398406374504,6.257795138864806,1.7569039313445998,1.2682143655919198,1.7569049478754122,1.268214120076786,1.0173042933839767,8.0,31522.371638999994
CUST100128,420346.69,174634.58,605.6,0,39.0,Male,Graduate,Salaried,2020-08-16,0,46,23.35,9.2,4.8,5.1,0,2020,8,16,Sunday,2.0,1,0,0,1,0,0,0,0,1,0,Q2,No_Missed,0,2,1,0.041089034878048415,-0.3243415310184071,-0.37260202367241885,-0.5852381526286563,0.16902333637727113,-0.34095708724688256,3.192531849528599,0.04106776180698152,4.832183771339828,-0.09900413323657577,-0.08346313043484575,-0.09900434299857509,-0.08346304560693242,0.41545368181678793,7.666666666666667,8179.246009583333
CUST100129,352919.97,332283.36,761.7,0,32.0,Female,Primary,Salaried,2019-06-17,1,46,24.89,9.5,6.1,5.6,1,2019,6,17,Monday,0.0,0,1,0,0,0,0,0,0,0,1,Q2,Low,1,2,1,-0.6372676730142611,-0.5008353183854771,0.12053002464371847,1.434100515632256,0.16902333637727113,-0.2519500432276192,3.2538567937634464,0.03862495171881035,4.988987873306569,0.5653265325444666,-0.3920489551951336,0.5653249165725254,-0.3920487511985873,0.9415260915952135,7.666666666666667,7320.14837775
CUST100130,644801.06,387509.37,749.2,0,21.0,Male,Secondary,Salaried,2019-05-09,0,52,8.1,9.5,6.1,5.6,0,2019,5,9,Thursday,1.0,1,1,0,0,0,0,0,0,0,1,Q3,No_Missed,1,3,1,-1.703256785416462,0.2631822555811732,0.29327931855913913,1.2723981879367954,1.047320118938151,-1.2223580101649125,2.2082744135228043,0.10989010989010989,2.8460498941515415,0.7287014210634243,0.6349368319940476,0.7286997310925933,0.6349366400131933,0.6009750821439406,8.666666666666666,4352.407155
CUST100131,243982.96,69763.06,707.6,0,39.0,Male,Secondary,Salaried,2018-03-23,1,39,19.3,9.5,6.1,5.6,0,2018,3,23,Friday,1.0,1,1,0,0,0,0,0,0,1,0,Q1,Low,1,0,0,0.041089034878048415,-0.7859849664677859,-0.700644571592084,0.7342528413663021,-0.8556562432770887,-0.5750340536611791,3.0106208860477417,0.04926108374384236,4.39317652729776,-0.9950518826112168,-1.0737899785576197,-0.9950492034323765,-1.0737896932375088,0.2859341488438373,6.5,3924.0592733333337
CUST100132,289185.3,125969.18,733.3,0,26.0,Male,Post-Graduate,Salaried,2020-05-28,0,45,24.45,9.5,6.1,5.6,0,2020,5,28,Thursday,3.0,1,1,0,0,0,0,0,0,1,0,Q1,No_Missed,1,1,0,-1.218716279779098,-0.6676649268091164,-0.5248294521632968,1.0667128271081683,0.022640539283791155,-0.2773806272331231,3.2367157429965316,0.03929273084479371,4.944694126030447,-0.42478082774806364,-0.7546875672759389,-0.4247799255615286,-0.754687275240932,0.43560021895995404,7.5,5892.150487499999
CUST100133,659599.85,381730.85,600.4,0,43.0,Male,Primary,Salaried,2022-03-26,1,36,21.73,8.7,5.0,4.6,0,2022,3,26,Saturday,0.0,1,0,0,0,1,0,1,0,0,0,Q4,Low,0,0,2,0.4287214393879396,0.3019190426523804,0.27520386371682587,-0.6525063209499685,-1.2948046345575286,-0.4345878738126012,3.123685637864452,0.04399472063352398,4.661544808322666,0.7126572246476899,0.6716290300322181,0.7126555363910945,0.6716288280341264,0.5787309533196529,6.0,11944.253950416667
CUST100134,451500.67,264020.02,552.2,0,28.0,Female,Graduate,Self-Employed,2018-01-12,0,57,23.4,9.2,4.8,5.1,0,2018,1,12,Friday,2.0,0,0,0,1,0,0,0,0,0,1,Q3,No_Missed,0,3,3,-1.0249000775241524,-0.24279397951719295,-0.0930005886544047,-1.2760304965436637,1.7792341044055506,-0.33806724815534817,3.1945831322991562,0.04098360655737705,4.8373546489791295,0.3243115867738378,0.04016676686385427,0.3243102953157579,0.04016679937160992,0.5847610813069226,9.5,8804.263065
CUST100135,473055.14,46891.56,585.4,0,55.0,Male,Graduate,Salaried,2021-07-10,0,45,8.23,9.2,4.8,5.1,0,2021,7,10,Saturday,2.0,1,0,0,1,0,0,1,0,0,0,Q3,No_Missed,0,1,0,1.591618652917613,-0.18637376443050485,-0.7721875904664612,-0.8465491141845212,0.022640539283791155,-1.2148444285269229,2.222459048514761,0.10834236186348863,2.8687976575562106,-1.3650510248671228,0.12001831281803452,-1.3650481411491582,0.12001831139600828,0.0991249349917221,7.5,3244.3698351666667
CUST100136,450587.34,70465.27,662.34,0,29.0,Male,Secondary,Salaried,2019-03-25,0,43,42.5,8.7,5.0,4.6,0,2019,3,25,Monday,1.0,1,0,0,0,1,0,1,0,0,0,Q3,No_Missed,0,1,0,-0.9279919763966795,-0.24518467968495966,-0.6984480290267177,0.14876105324657854,-0.2701250549031688,0.7658512848108404,3.7727609380946383,0.022988505747126436,6.519202405202649,-0.9855869246796721,0.036685522445446685,-0.9855842654435923,0.03668555643508547,0.15638537469783328,7.166666666666667,15958.301625
CUST100137,757714.3,295193.83,601.2,0,34.0,Female,Primary,Self-Employed,2020-02-01,0,39,17.34,8.7,5.0,4.6,0,2020,2,1,Saturday,0.0,0,0,0,0,1,1,0,0,0,0,Q4,No_Missed,0,0,0,-0.44345147075931557,0.5587399420812273,0.004512406873490176,-0.6421573719774581,-0.8556562432770887,-0.6883157460493325,2.9090844668283187,0.05452562704471101,4.164132562731402,0.440785669848857,0.8928811313388779,0.4407841911511445,0.8928808844918054,0.38958460992487537,6.5,10948.971635
CUST100138,900245.78,182802.42,692.3,0,47.0,Female,Post-Graduate,Salaried,2018-01-26,2,49,24.91,8.7,5.0,4.6,1,2018,1,26,Friday,3.0,0,0,0,0,1,0,0,0,1,0,Q4,Low,0,2,1,0.8163538438978308,0.9318252816058814,-0.3470526748635128,0.5363291922670574,0.608171727657711,-0.25079410759100546,3.2546289945740186,0.0385951370127364,4.990991885387112,-0.05280489023069617,1.1608687902354704,-0.05280524328622253,1.160868532822888,0.20305834702163225,8.166666666666666,18687.601983166667
CUST100139,566284.03,326346.92,675.9,0,24.0,Female,Graduate,Self-Employed,2022-12-12,0,41,12.07,9.2,4.8,5.1,0,2022,12,12,Monday,2.0,0,0,0,1,0,0,1,0,0,0,Q3,No_Missed,0,1,0,-1.4125324820340435,0.05765886667075523,0.10196058936546352,0.32417573833061347,-0.5628906490901286,-0.9929047862970714,2.570319527636131,0.07651109410864575,3.4741905532080417,0.54628899235868,0.4222932301185928,0.5462873929746289,0.42229310758981065,0.5762954678414646,6.833333333333333,5695.873535083334
CUST100140,866492.72,162343.8,635.9,0,41.0,Male,Graduate,Unemployed,2022-04-18,0,32,6.82,8.9,5.4,4.8,0,2022,4,18,Monday,2.0,1,0,1,0,0,0,0,0,1,0,Q4,No_Missed,0,0,2,0.23490523713299402,0.8434744706124361,-0.41104810309531714,-0.1932717102948604,-1.8803358229314484,-1.2963378909081964,2.05668455455722,0.1278772378516624,2.6115129714401193,-0.17245071935596823,1.1021140790590132,-0.17245069185837839,1.1021138192630202,0.18735737329680047,5.333333333333333,4924.566958666666
CUST100141,1070477.77,1112962.33,640.9,1,52.0,Male,Secondary,Salaried,2018-03-03,1,45,24.39,9.2,4.8,5.1,0,2018,3,3,Saturday,1.0,1,0,0,1,0,0,0,1,0,0,Q4,Low,0,1,0,1.3008943495351948,1.3774184922222836,2.562526845383038,-0.12859077921667617,0.022640539283791155,-0.28084843414296445,3.234355395716587,0.03938558487593541,4.938623289946299,1.8997613236951394,1.422525745188995,1.8997631839111933,1.4225255352161297,1.0396874752476177,7.5,21757.46067525
CUST100142,1519626.97,1956036.46,737.6,0,20.0,Other,Secondary,Salaried,2018-08-17,0,52,56.93,9.5,6.1,5.6,0,2018,8,17,Friday,1.0,2,1,0,0,0,0,0,0,1,0,Q4,No_Missed,1,3,1,-1.8001648865439348,2.5530954849766334,5.199698364307862,1.1223384278354076,1.047320118938151,1.5998588466277042,4.059235385108533,0.017262213015708613,7.545197147855051,2.563001934901361,1.9293620159137015,2.5630092742748216,1.9293621014731726,1.2871819851946955,8.666666666666666,72093.63616841666
CUST100143,321753.97,25028.09,546.7,0,39.0,Female,Secondary,Self-Employed,2023-01-13,1,43,18.37,9.2,4.8,5.1,0,2023,1,13,Friday,1.0,0,0,0,1,0,0,0,1,0,0,Q2,Low,0,1,0,0.041089034878048415,-0.5824143330117574,-0.840577448887176,-1.3471795207296664,-0.2701250549031688,-0.6287850607637212,2.9637254774189046,0.05162622612287041,4.286023798347368,-1.9286937619661548,-0.5588893612317821,-1.9286946843255115,-0.5588891071380869,0.07778642171843288,7.166666666666667,4925.517024083333
CUST100144,1720583.57,278967.96,713.2,0,41.0,Male,Primary,Self-Employed,2019-08-30,0,52,30.79,9.2,4.8,5.1,0,2019,8,30,Friday,0.0,1,0,0,1,0,1,0,0,0,0,Q4,No_Missed,1,3,1,0.23490523713299402,3.0791123434328855,-0.04624280042219179,0.8066954841738687,1.047320118938151,0.08905096957345462,3.459151774922711,0.031456432840515886,5.548873759602033,0.38166846663572146,2.1020605627296947,0.3816670761356628,2.1020608208987963,0.16213566423861644,8.666666666666666,44147.30676691667
CUST100145,242019.81,159452.57,662.24,1,47.0,Male,Primary,Unemployed,2020-11-24,1,34,35.79,8.7,5.0,4.6,0,2020,11,24,Tuesday,0.0,1,0,0,0,1,0,0,1,0,0,Q1,Low,0,0,2,0.8163538438978308,-0.7911236381793812,-0.42009199275975384,0.14746743462501455,-1.5875702287444884,0.3780348787269071,3.605226069116683,0.027181299266104922,5.98247440445841,-0.1904765948710421,-1.0891828045001384,-0.1904765075680382,-1.0891825221733376,0.6588409849590412,5.666666666666667,7218.24083325
CUST100146,1282582.36,904520.87,604.7,0,24.0,Male,Graduate,Self-Employed,2022-09-25,0,43,44.72,9.2,4.8,5.1,0,2022,9,25,Sunday,2.0,1,0,0,1,0,1,0,0,0,0,Q4,No_Missed,0,1,0,-1.4125324820340435,1.9326159333411688,1.910513146806961,-0.5968807202227292,-0.2701250549031688,0.8941601404749732,3.8225358389266098,0.021872265966754158,6.687301398920195,1.6625251664073721,1.6877154406796,1.6625256902029881,1.6877153485354544,0.7052341418448947,7.166666666666667,47797.56928266667
CUST100147,312175.9,168702.46,770.8,0,23.0,Female,Secondary,Salaried,2022-01-19,3,56,44.21,8.7,5.0,4.6,0,2022,1,19,Wednesday,1.0,0,0,0,0,1,0,0,0,1,0,Q2,Medium,1,3,3,-1.5094405831615163,-0.6074855488438029,-0.39115794580804925,1.55181981019455,1.6328513073120707,0.8646837817413212,3.811318301306514,0.02211900022119,6.649060083951716,-0.1338324572311949,-0.613982618475761,-0.13383255583815593,-0.613982351128702,0.5404083402978896,9.333333333333334,11501.080449166668
CUST100148,425952.5,631603.85,674.1,1,44.0,Male,Secondary,Self-Employed,2022-03-06,1,50,53.51,9.2,4.8,5.1,0,2022,3,6,Sunday,1.0,1,0,0,1,0,0,1,0,0,0,Q2,Low,0,3,1,0.5256295405154124,-0.30966796187311585,1.0568171708981322,0.30089060314246774,0.754554524751191,1.4021938527667426,3.9983841710761894,0.0183452577508714,7.315052973150639,1.2599301685765938,-0.06044414789157374,1.2599291584984895,-0.060444072724284384,1.4828034816088649,8.333333333333334,18993.93189583333
CUST100149,446956.6,171275.83,612.7,0,41.0,Male,Graduate,Salaried,2020-01-31,2,46,23.77,9.2,4.8,5.1,0,2020,1,31,Friday,2.0,1,0,0,1,0,0,0,0,1,0,Q2,Low,0,2,1,0.23490523713299402,-0.2546883757500378,-0.38310833566088986,-0.4933912304976344,0.16902333637727113,-0.31668243887799263,3.209633243501268,0.04037141703673799,4.8754486972995625,-0.11858643382769041,0.02276477780150165,-0.11858658140704417,0.022764817715607504,0.3832046109174806,7.666666666666667,8853.465318333332
CUST100150,274626.17,65490.85,723.2,0,41.0,Male,Graduate,Salaried,2019-08-18,2,45,46.43,9.2,4.8,5.1,0,2019,8,18,Sunday,2.0,1,0,0,1,0,0,0,1,0,0,Q1,Low,1,1,0,0.23490523713299402,-0.7057743883767195,-0.7140082250763462,0.9360573463302373,0.022640539283791155,0.992992637405454,3.85925493988949,0.02108370229812355,6.813956266369781,-1.0546167247925775,-0.8507170464264696,-1.054613933204785,-0.8507167463027804,0.23847272093551755,7.5,10625.744227583333
CUST100151,464025.72,243440.73,614.52,0,42.0,Female,Primary,Salaried,2022-05-12,2,55,34.3,9.5,6.1,5.6,0,2022,5,12,Thursday,0.0,0,1,0,0,0,0,0,0,1,0,Q3,Low,0,3,3,0.33181333826046683,-0.21000885350984871,-0.15737347774743674,-0.46984737158517614,1.4864685102185908,0.29191767379917816,3.563882963939251,0.028328611898017,5.856620185738529,0.2402054788149914,0.08709464927931306,0.2402043554233849,0.0870946618215227,0.524627665035464,9.166666666666666,13263.401829999999
CUST100152,282536.79,152385.84,694.4,0,31.0,Female,Graduate,Salaried,2020-11-21,2,35,31.32,8.9,5.4,4.8,0,2020,11,21,Saturday,2.0,0,0,1,0,0,0,0,0,1,0,Q1,Low,0,0,2,-0.734175774141734,-0.685067830439129,-0.4421970229401149,0.5634951833198951,-1.4411874316510085,0.11968326394372064,3.4756862336528944,0.03094059405940594,5.596427431853289,-0.23584565210501438,-0.7978235246207465,-0.2358454118957973,-0.7978232279957629,0.5393486632307247,5.833333333333333,7374.210218999999
CUST100153,265894.13,176705.88,633.9,0,41.0,Male,Primary,Self-Employed,2023-01-29,2,48,35.6,8.9,5.4,4.8,1,2023,1,29,Sunday,0.0,1,0,1,0,0,0,0,0,1,0,Q1,Low,0,2,1,0.23490523713299402,-0.7286310661305943,-0.3661229097098673,-0.21914408272613412,0.46178893056423104,0.367053490179076,3.6000482404073204,0.0273224043715847,5.966573556070519,-0.08710151683247784,-0.9112062345475557,-0.08710176398089023,-0.9112059335005653,0.6645723243307402,8.0,7888.192523333334
CUST100154,433090.5,102959.72,726.8,0,41.0,Female,Primary,Salaried,2023-08-11,1,49,20.85,8.7,5.0,4.6,0,2023,8,11,Friday,0.0,0,0,0,0,1,0,1,0,0,0,Q2,Low,1,2,1,0.23490523713299402,-0.29098378660511903,-0.5968040157498227,0.9826276167065288,0.608171727657711,-0.48544904182360876,3.084200921541599,0.04576659038901602,4.5661800227323495,-0.6221537647663741,-0.03163973282592589,-0.62215216652762,-0.031639669815482684,0.2377325755240533,8.166666666666666,7524.947437500001
CUST100155,1060692.22,948672.95,598.5,0,30.0,Female,Primary,Salaried,2021-12-29,0,50,45.66,8.9,5.4,4.8,0,2021,12,29,Wednesday,0.0,0,0,1,0,0,0,0,1,0,0,Q4,No_Missed,0,3,1,-0.8310838752692068,1.3518041841116437,2.048622719540844,-0.6770850747596782,0.754554524751191,0.9484891153958221,3.842887266593284,0.021431633090441493,6.757218362610461,1.7167343875961614,1.4088399845200672,1.7167351881455293,1.4088397704668651,0.8943904104434743,8.333333333333334,40359.33897099999
CUST100156,384726.95,1974290.1467000002,594.7,1,59.0,Male,Graduate,Salaried,2023-02-05,2,39,24.27,9.5,6.1,5.6,0,2023,2,5,Sunday,2.0,1,1,0,0,0,0,0,1,0,0,Q2,Low,0,0,0,1.9792510574275044,-0.4175784972779302,5.256796667965474,-0.7262425823790977,-0.8556562432770887,-0.2877840479626474,3.2296179214001026,0.03957261574990107,4.92645917470144,2.574153438055896,-0.23862386868878643,2.5741608916478684,-0.23862372087433487,5.13166583911005,6.5,7781.10256375
CUST100157,742339.16,315859.67,799.9,0,43.0,Male,Primary,Self-Employed,2021-03-05,0,41,31.41,9.5,6.1,5.6,0,2021,3,5,Friday,0.0,1,1,0,0,0,0,0,0,1,0,Q4,No_Missed,1,1,0,0.4287214393879396,0.5184945217211842,0.06915602802535413,1.9282628290695825,-0.5628906490901286,0.12488497430848279,3.478467017153456,0.030854674483184207,5.604462507680822,0.511857962460766,0.8604935571107426,0.5118563971577839,0.8604933149979157,0.42549239891911395,6.833333333333333,19430.727513
CUST100158,277863.02,73517.57,610.0,0,25.0,Male,Primary,Self-Employed,2021-05-04,1,38,38.39,9.2,4.8,5.1,0,2021,5,4,Tuesday,0.0,1,0,0,1,0,1,0,0,0,0,Q1,Low,0,0,2,-1.3156243809065706,-0.697301724785207,-0.6889003055931755,-0.5283189332798545,-1.0020390403705686,0.5283065114867025,3.6735119769828146,0.025387154100025386,6.1959664298638675,-0.94543717793778,-0.8288620640261383,-0.9454346090841763,-0.8288617650542394,0.2645820591743371,6.333333333333333,8889.301114833333
CUST100159,218401.01,165330.8,487.5,1,45.0,Female,Secondary,Salaried,2018-05-13,2,52,14.74,9.5,6.1,5.6,0,2018,5,13,Sunday,1.0,0,1,0,0,0,0,1,0,0,0,Q1,Low,0,3,1,0.6225376416428852,-0.8529473701518894,-0.4017046408222802,-2.113001744695368,1.047320118938151,-0.8385873788091278,2.756205242989257,0.06353240152477764,3.8392707640904935,-0.15413803413771046,-1.2866470290985819,-0.1541380667945299,-1.2866468114696172,0.7570056567046095,8.666666666666666,2682.692406166667
CUST100160,567855.97,244831.73,735.0,0,27.0,Male,Graduate,Salaried,2018-03-27,0,50,25.52,8.9,5.4,4.8,0,2018,3,27,Tuesday,2.0,1,0,1,0,0,0,0,1,0,0,Q3,No_Missed,1,3,1,-1.1218081786516252,0.06177352098159494,-0.15302237094402382,1.0887043436747514,0.754554524751191,-0.21553807067428427,3.277899165317662,0.03770739064856712,5.0517323761260355,0.24609460087284696,0.42688099367069093,0.24609346486129943,0.4268808694677785,0.4311511068554937,8.333333333333334,12076.403628666665
CUST100161,1161922.84,585486.62,758.9,0,47.0,Female,Secondary,Salaried,2022-02-08,0,31,9.74,9.5,6.1,5.6,0,2022,2,8,Tuesday,1.0,0,1,0,0,0,1,0,0,0,0,Q4,No_Missed,1,0,2,0.8163538438978308,1.616781859450392,0.9125605258891039,1.3978791942284718,-2.0267186200249285,-1.12757128796258,2.3739750890807185,0.0931098696461825,3.120897306865447,1.1762567920082607,1.543765024145301,1.176255576203876,1.5437648586618906,0.5038945787484477,5.166666666666667,9430.940384666666
CUST100162,496294.58,362976.75,849.0,0,51.0,Female,Secondary,Salaried,2023-01-05,0,48,54.18,9.2,4.8,5.1,0,2023,1,5,Thursday,1.0,0,0,0,1,0,0,1,0,0,0,Q3,No_Missed,1,2,1,1.203986248407722,-0.1255430317196481,0.21654024610224198,2.563429572257352,0.46178893056423104,1.4409176965933053,4.01060056878914,0.01812250815512867,7.3607064878311785,0.6589864187704332,0.2014915259941999,0.6589847451503943,0.20149149038373174,0.7313735926755436,8.0,22407.700287
CUST100163,697080.44,155264.52,482.4,0,29.0,Male,Primary,Self-Employed,2021-04-18,1,47,5.22,9.5,6.1,5.6,0,2021,4,18,Sunday,0.0,1,1,0,0,0,0,0,0,1,0,Q4,Low,0,2,1,-0.9279919763966795,0.400026903777055,-0.43319239020621936,-2.1789762943951163,0.3154061334707511,-1.3888127418373013,1.827769906751088,0.1607717041800643,2.2847319317591723,-0.21713322840389446,0.7604196289307852,-0.21713305165253394,0.7604194055524996,0.22273544212487156,7.833333333333333,3032.2999139999993
CUST100164,1006831.09,1167024.74,645.6,1,49.0,Female,Secondary,Salaried,2018-06-24,3,53,11.87,8.9,5.4,4.8,0,2018,6,24,Sunday,1.0,0,0,1,0,0,0,0,1,0,0,Q4,Medium,0,3,1,1.0101700461527763,1.2108192032973595,2.7316363493081983,-0.0677907040031824,1.1937029160316308,-1.0044641426632097,2.554899021608035,0.07770007770007771,3.4452866353904428,1.9545217650652713,1.3307786948877796,1.9545239800977037,1.3307784610605604,1.1591067772847579,8.833333333333334,9959.237531916666
CUST100165,433613.26,337573.34,815.8,0,43.0,Male,Graduate,Self-Employed,2023-05-30,4,52,24.74,9.5,6.1,5.6,0,2023,5,30,Tuesday,2.0,1,1,0,0,0,0,0,0,0,1,Q2,Medium,1,3,1,0.4287214393879396,-0.28961542859683964,0.13707730571339385,2.133948189898208,1.047320118938151,-0.2606195605022229,3.2480462021679806,0.038850038850038855,4.973932046178355,0.5820267866018211,-0.02955199641310318,0.5820251574169821,-0.029551934286210942,0.7785124929066976,8.666666666666666,8939.660043666665
CUST100166,406917.28,155034.42,666.2,0,47.0,Male,Graduate,Salaried,2019-08-01,0,41,44.42,8.9,5.4,4.8,0,2019,8,1,Thursday,2.0,1,0,1,0,0,0,0,1,0,0,Q2,No_Missed,0,1,0,0.8163538438978308,-0.35949387764012025,-0.43391215273351286,0.19869473203893695,-0.5628906490901286,0.8768211059257662,3.8159525366774125,0.022016732716864815,6.664833081180653,-0.21861706614116613,-0.14009576672603727,-0.21861688437717264,-0.14009565841018642,0.38099738600434957,6.833333333333333,15062.72131466667
CUST100167,573577.64,293827.85,711.5,0,39.0,Female,Secondary,Self-Employed,2022-12-04,3,38,17.88,8.9,5.4,4.8,0,2022,12,4,Sunday,1.0,0,0,1,0,0,1,0,0,0,0,Q3,Medium,1,0,2,0.041089034878048415,0.0767503611476975,0.00023956368777762688,0.7847039676072856,-1.0020390403705686,-0.6571054838607597,2.9381031607173544,0.05296610169491526,4.228474902373195,0.4359266676582487,0.44345568302247795,0.43592519566475246,0.4434555528272252,0.5122721485447026,6.333333333333333,8546.306836
CUST100168,632547.44,996116.99,716.1,0,35.0,Female,Secondary,Salaried,2023-09-28,1,40,22.37,8.9,5.4,4.8,0,2023,9,28,Thursday,1.0,0,0,1,0,0,1,0,0,0,0,Q3,Low,1,0,0,-0.3465433696318428,0.23110761510100605,2.1970296823197044,0.8442104241992153,-0.7092734461836087,-0.39759793344095923,3.1514531485507664,0.042789901583226354,4.729693436154187,1.7724349362863374,0.6038039231941622,1.7724360388177014,0.6038037402145982,1.5747704077341615,6.666666666666667,11791.738527333333
CUST100169,204958.69,27140.48,849.0,0,30.0,Male,Primary,Salaried,2018-05-25,0,49,7.8,8.9,5.4,4.8,0,2018,5,25,Friday,0.0,1,0,1,0,0,0,0,1,0,0,Q1,No_Missed,1,2,1,-0.8310838752692068,-0.888133509531057,-0.8339698036675777,2.563429572257352,0.608171727657711,-1.2396970447141198,2.174751721484161,0.11363636363636363,2.792848008753788,-1.8573715573475513,-1.4105011312954892,-1.8573715653560032,-1.4105009819834573,0.1324192694635197,8.166666666666666,1332.231485
CUST100170,520554.1,140671.31,799.0,0,39.0,Female,Secondary,Salaried,2020-02-01,1,42,18.43,8.7,5.0,4.6,0,2020,2,1,Saturday,1.0,0,0,0,0,1,0,0,1,0,0,Q3,Low,1,1,0,0.041089034878048415,-0.0620421738326387,-0.47884056800250513,1.9166202614755097,-0.41650785199664875,-0.6253172538538799,2.9668182633893485,0.0514668039114771,4.293017586733136,-0.3155436141041289,0.28192584606152776,-0.31554309844632394,0.28192577756772447,0.27023379510410156,7.0,7994.843385833333
CUST100171,442247.62,115150.18,736.4,0,29.0,Female,Primary,Salaried,2021-10-09,4,36,28.8,8.9,5.4,4.8,0,2021,10,9,Saturday,0.0,0,0,1,0,0,0,1,0,0,0,Q2,Medium,1,0,2,-0.9279919763966795,-0.26701443454150475,-0.5586717415278722,1.1068150043766427,-1.2948046345575286,-0.025964626269619377,3.3945083935113587,0.03355704697986577,5.366563145999495,-0.5130077579102214,0.004512194152779907,-0.513006541672797,0.004512241828986227,0.26037490037820893,6.0,10613.94288
CUST100172,286577.6,87131.58,643.5,0,37.0,Male,Graduate,Unemployed,2022-12-31,1,56,51.08,8.7,5.0,4.6,0,2022,12,31,Saturday,2.0,1,0,0,0,1,0,0,1,0,0,Q1,Low,0,3,3,-0.15272716737689718,-0.6744907497071769,-0.6463151067917868,-0.09495669505602007,1.6328513073120707,1.2617476729181647,3.9527809979003137,0.019201228878648235,7.147027354082255,-0.7833441742485354,-0.7714672861187706,-0.7833420491601101,-0.7714669921194143,0.3040418371847626,9.333333333333334,12198.653173333332
CUST100173,425748.59,100796.63,560.7,1,42.0,Other,Post-Graduate,Salaried,2020-07-17,3,49,12.47,8.7,5.0,4.6,0,2020,7,17,Friday,3.0,2,0,0,0,1,0,0,1,0,0,Q2,Medium,0,2,1,0.33181333826046683,-0.31020170944651126,-0.603570252712723,-1.1660729137107504,0.608171727657711,-0.9697860735647953,2.6004649904222727,0.07423904974016332,3.531288716601915,-0.6427654428379057,-0.061275252523872205,-0.6427637741292995,-0.061275177006885874,0.23675152981716274,8.166666666666666,4424.237431083334
CUST100174,233064.69,334308.39,684.4,0,41.0,Male,Post-Graduate,Self-Employed,2020-03-04,0,49,78.76,9.5,6.1,5.6,0,2020,3,4,Wednesday,3.0,1,1,0,0,0,1,0,0,0,0,Q1,No_Missed,0,2,1,0.23490523713299402,-0.8145642422177595,0.12686440409024283,0.4341333211635267,0.608171727657711,2.8615625939916782,4.379022125653583,0.012537612838515545,8.874683092933516,0.5717484284249499,-1.1612945935577694,0.571746807223494,-1.161294329037756,1.4344017105293814,8.166666666666666,15296.812487000001
CUST100175,192719.25,157792.47,634.5,0,47.0,Male,Post-Graduate,Self-Employed,2022-05-21,0,37,31.32,8.9,5.4,4.8,0,2022,5,21,Saturday,3.0,1,0,1,0,0,0,1,0,0,0,Q1,No_Missed,0,0,2,0.8163538438978308,-0.9201710329468781,-0.42528485573915414,-0.2113823709967517,-1.1484218374640485,0.11968326394372064,3.4756862336528944,0.03094059405940594,5.596427431853289,-0.20096436670738976,-1.5318069743671805,-0.20096424435081295,-1.5318069155778622,0.8187685973248651,6.166666666666667,5029.972425
CUST100176,458982.12,167489.72,707.3,0,38.0,Male,Graduate,Salaried,2022-07-19,3,49,18.32,9.2,4.8,5.1,0,2022,7,19,Tuesday,2.0,1,0,0,1,0,0,0,0,1,0,Q3,Medium,1,2,1,-0.05581906624942438,-0.22321080172807067,-0.39495144779566316,0.7303719855016102,0.608171727657711,-0.6316748998552558,2.961140828784372,0.05175983436853002,4.280186911806539,-0.1410923586166847,0.06837742833470432,-0.14109243373766575,0.06837744883545285,0.36491556577410905,8.166666666666666,7007.127032
CUST100177,726607.97,317104.68,581.0,0,54.0,Female,Graduate,Salaried,2018-11-15,1,44,39.22,9.5,6.1,5.6,0,2018,11,15,Thursday,2.0,0,1,0,0,0,1,0,0,0,0,Q4,Low,0,1,0,1.4947105517901405,0.4773171175275501,0.07305047193715655,-0.903468333533323,-0.12374225780968881,0.5762778404061755,3.6943643843445058,0.02486325211337643,6.26258732474047,0.5160005408364152,0.8265360456027123,0.5159989711572104,0.8265358091688606,0.43641783890699687,7.333333333333333,23747.970486166665
CUST100178,365488.5,188838.69,626.0,0,35.0,Female,Secondary,Salaried,2021-01-15,0,49,28.27,9.2,4.8,5.1,0,2021,1,15,Friday,1.0,0,0,0,1,0,1,0,0,0,0,Q2,No_Missed,0,2,1,-0.3465433696318428,-0.46793638067448295,-0.32817096712502447,-0.3213399538296649,0.608171727657711,-0.056596920639885404,3.3765631007037946,0.0341646737273659,5.316954015223378,-0.01987778097830975,-0.3295663956819658,-0.01987823302849655,-0.32956621361096783,0.5166747790970168,8.166666666666666,8610.2999125
CUST100179,260823.42,21509.73,650.9,0,68.0,Male,Graduate,Salaried,2022-04-26,1,36,36.1,8.9,5.4,4.8,0,2022,4,26,Tuesday,2.0,1,0,1,0,0,0,0,0,0,1,Q1,Low,0,0,2,2.8514239675747595,-0.741903976521906,-0.8515830277030323,0.0007710829396922982,-1.2948046345575286,0.3959518810944213,3.6136169696133895,0.026954177897574122,6.008327554319921,-2.0609331303393756,-0.9474056418252201,-2.0609362161147917,-0.9474053418965318,0.0824685528623158,6.0,7846.437884999999
CUST100180,284101.16,212649.58,574.9,0,45.0,Male,Secondary,Salaried,2019-11-29,0,52,35.11,9.5,6.1,5.6,0,2019,11,29,Friday,1.0,1,1,0,0,0,0,1,0,0,0,Q1,No_Missed,0,3,1,0.6225376416428852,-0.6809729910914131,-0.2536894966186861,-0.9823790694487081,1.047320118938151,0.3387330670820376,3.5865698352893665,0.027693159789531987,5.92536918681022,0.10113805019178482,-0.7875680599309494,0.10113725956279203,-0.787567764259833,0.7484995133423602,8.666666666666666,8312.326439666665
CUST100181,598343.02,230135.82,653.2,0,29.0,Male,Secondary,Salaried,2020-04-26,1,47,53.57,8.7,5.0,4.6,0,2020,4,26,Sunday,1.0,1,0,0,0,1,0,0,0,1,0,Q3,Low,0,2,1,-0.9279919763966795,0.14157534020325124,-0.19899179868186997,0.03052431123565793,0.3154061334707511,1.4056616596765843,3.9994842811981406,0.01832508704416346,7.3191529564560955,0.18224181536339135,0.5130372848941943,0.18224082274036693,0.5130371305693161,0.3846218846172886,7.833333333333333,26711.029651166664
CUST100182,497005.24,829827.23,712.9,0,26.0,Male,Graduate,Salaried,2022-12-07,1,43,28.08,9.5,6.1,5.6,1,2022,12,7,Wednesday,2.0,1,1,0,0,0,0,0,0,1,0,Q3,Low,1,1,0,-1.218716279779098,-0.12368283334531997,1.676868283273046,0.8028146283091768,-0.2701250549031688,-0.06757830918771668,3.3700506526653187,0.034387895460797804,5.299056519796708,1.5649609137115958,0.20391246787246955,1.5649609818032884,0.2039124312574723,1.669654891364928,7.166666666666667,11629.922616
CUST100183,1070477.77,226180.72,802.8,0,43.0,Female,Secondary,Self-Employed,2020-02-22,1,57,34.73,8.9,5.4,4.8,1,2020,2,22,Saturday,1.0,0,0,1,0,0,1,0,0,0,0,Q4,Low,1,3,3,0.4287214393879396,1.3774184922222836,-0.21136351868056047,1.9657777690949292,1.7792341044055506,0.316770289986375,3.5759906720353185,0.0279876854184159,5.8932164392630275,0.1644108352914534,1.422525745188995,0.16440988522657704,1.4225255352161297,0.21128950674052763,9.5,30981.41079341666
CUST100184,904769.55,511156.58,591.2,0,36.0,Female,Secondary,Salaried,2023-09-21,2,45,13.47,9.5,6.1,5.6,0,2023,9,21,Thursday,1.0,0,1,0,0,0,0,0,0,1,0,Q4,Low,0,1,0,-0.24963526850436998,0.9436665412797545,0.6800530185260883,-0.7715192341338266,0.022640539283791155,-0.9119892917341047,2.6720775406433925,0.0691085003455425,3.670149860700514,1.0275580897276766,1.168547860623011,1.0275566013234585,1.1685476037323272,0.5649577618963857,7.5,10156.038198750002
CUST100185,248651.34,38742.27,722.5,0,46.0,Male,Post-Graduate,Salaried,2021-01-21,1,45,28.81,8.9,5.4,4.8,0,2021,1,21,Thursday,3.0,1,0,1,0,0,0,0,0,0,1,Q1,Low,1,1,0,0.719445742770358,-0.7737651807942624,-0.7976789140911809,0.9270020159792909,0.022640539283791155,-0.025386658451312587,3.39484390768998,0.03354579000335458,5.367494760127856,-1.5391340751414375,-1.0377586452161445,-1.5391316633784404,-1.037758353953711,0.15580961679112607,7.5,5969.7042544999995
CUST100186,315651.85,188829.76,491.8,1,43.0,Female,Primary,Salaried,2022-10-17,0,46,27.6,8.9,5.4,4.8,1,2022,10,17,Monday,0.0,0,0,1,0,0,0,0,0,1,0,Q2,No_Missed,0,2,1,0.4287214393879396,-0.5983870255847958,-0.3281989005425331,-2.0573761439681295,0.16902333637727113,-0.09532076446644794,3.353406717825807,0.03496503496503496,5.253570214625479,-0.019925767235712367,-0.5937637559293251,-0.019926219143625412,-0.5937634932318578,0.5982216166323753,7.666666666666667,7259.99255
CUST100187,774737.83,718069.32,649.4,0,39.0,Male,Secondary,Salaried,2022-07-08,2,51,52.78,8.7,5.0,4.6,0,2022,7,8,Friday,1.0,1,0,0,0,1,1,0,0,0,0,Q4,Low,0,3,1,0.041089034878048415,0.6033001295567108,1.327284816316749,-0.018633196383762974,0.9009373218446709,1.3600022020303388,3.9849016508407185,0.01859427296392711,7.264984514780469,1.4025668674454295,0.9278587050080954,1.402566296773703,0.9278584538237064,0.9268545980257605,8.5,34075.552222833336
CUST100188,204935.86,132316.68,655.7,0,29.0,Other,Post-Graduate,Self-Employed,2018-10-19,1,41,19.14,8.9,5.4,4.8,0,2018,10,19,Friday,3.0,2,0,1,0,0,1,0,0,0,0,Q1,Low,0,1,0,-0.9279919763966795,-0.8881932685281666,-0.504974203827809,0.06286477677475005,-0.5628906490901286,-0.5842815387540896,3.0027078872904163,0.04965243296921549,4.374928570845472,-0.3762397030927909,-1.4107194686836781,-0.3762389734794993,-1.410719319512855,0.645649228983156,6.833333333333333,3268.7269669999996
CUST100189,390457.43,200645.3,715.1,0,21.0,Female,Graduate,Salaried,2020-08-26,0,41,22.24,8.9,5.4,4.8,1,2020,8,26,Wednesday,2.0,0,0,1,0,0,1,0,0,0,0,Q2,No_Missed,1,1,0,-1.703256785416462,-0.402578596368747,-0.29123939193002596,0.8312742379835785,-0.5628906490901286,-0.40511151507894916,3.1458749319837103,0.04302925989672978,4.715930449020639,0.04179468643683935,-0.2125566124064899,0.04179405662502218,-0.2125564748356327,0.5138724085747325,6.833333333333333,7236.477702666666
CUST100190,742746.84,593596.38,608.4,0,33.0,Female,Graduate,Self-Employed,2022-01-27,2,45,31.06,8.9,5.4,4.8,0,2022,1,27,Thursday,2.0,0,0,1,0,0,0,0,0,1,0,Q4,Low,0,1,0,-0.5403595718867884,0.5195616504089476,0.9379281980027243,-0.5490168312248737,0.022640539283791155,0.10465610066774103,3.467609147181407,0.03119151590767311,5.573149917237109,1.1914043086499282,0.8613623945969081,1.1914031272669983,0.8613621523482946,0.7991907175263109,7.5,19224.764042
CUST100191,509983.77,474837.37,669.6,0,47.0,Male,Secondary,Self-Employed,2023-01-17,2,50,40.95,8.7,5.0,4.6,0,2023,1,17,Tuesday,1.0,1,0,0,0,1,0,0,1,0,0,Q3,Low,0,3,1,0.8163538438978308,-0.08971069419696538,0.5664449942805221,0.24267776517210193,0.754554524751191,0.6762662729732702,3.7364784329132155,0.023837902264600714,6.3992187023104625,0.9474394005515614,0.24742816015718763,0.9474378135963933,0.24742810563307197,0.9310832970233542,8.333333333333334,17403.196151250002
CUST100192,260195.61,13941.3458,738.7,0,40.0,Female,Secondary,Self-Employed,2018-04-07,2,42,32.63,9.5,6.1,5.6,0,2018,4,7,Saturday,1.0,0,1,0,0,0,0,0,0,1,0,Q1,Low,1,1,0,0.13799713600552121,-0.7435473096789531,-0.8752572534280234,1.1365682326726083,-0.41650785199664875,0.19539704814192532,3.515418525752178,0.029735355337496282,5.712267500739089,-2.431605975716579,-0.9519445733574338,-2.4316194723341282,-0.9519442736608612,0.053580249874315714,7.0,7075.15229525
CUST100193,180420.99,61090.66,559.8,0,24.0,Male,Post-Graduate,Self-Employed,2021-01-23,3,35,44.27,9.5,6.1,5.6,0,2021,1,23,Saturday,3.0,1,1,0,0,0,0,0,0,1,0,Q1,Medium,0,0,2,-1.4125324820340435,-0.9523625215054932,-0.7277722054108606,-1.1777154813048247,-1.4411874316510085,0.8681515886511627,3.8126445614478675,0.02208968411751712,6.653570470055908,-1.119862033085893,-1.6631012671638188,-1.1198591472637678,-1.6631013355368711,0.3386006251268215,5.833333333333333,6656.03102275
CUST100194,923128.15,100507.48,493.3,1,40.0,Male,Graduate,Salaried,2018-03-15,0,41,13.27,9.5,6.1,5.6,0,2018,3,15,Thursday,2.0,1,1,0,0,0,0,1,0,0,0,Q4,No_Missed,0,1,0,0.13799713600552121,0.9917213605673765,-0.6044747261363081,-2.0379718646446743,-0.5628906490901286,-0.9235486481002428,2.658159431488745,0.0700770847932726,3.642801120017397,-0.6455517474363065,1.1992582033571497,-0.6455500692558627,1.1992579490521371,0.10887706111009614,6.833333333333333,10208.258792083334
CUST100195,143005.53,27002.81,736.4,0,42.0,Male,Graduate,Salaried,2021-09-21,0,54,36.68,8.9,5.4,4.8,0,2021,9,21,Tuesday,2.0,1,0,1,0,0,1,0,0,0,0,Q1,No_Missed,1,3,3,0.33181333826046683,-1.0502999006554963,-0.8344004412474668,1.1068150043766427,1.340085713125111,0.4294740145562217,3.629129449708162,0.02653927813163482,6.056401571890688,-1.8618600597613306,-2.1374892500015656,-1.861860120602078,-2.137490081593488,0.18882353710377495,9.0,4371.202367000001
CUST100196,626445.68,501349.54,570.2,1,28.0,Male,Primary,Self-Employed,2020-12-27,1,50,37.51,9.2,4.8,5.1,0,2020,12,27,Sunday,0.0,1,0,0,1,0,0,0,0,1,0,Q3,Low,0,3,1,-1.0249000775241524,0.21513586485118114,0.6493761828213128,-1.0431791446622003,0.754554524751191,0.4774453434756947,3.6509179478268177,0.025967281225655676,6.124540799113024,1.0064584268757881,0.5880376616645955,1.006456909276103,0.5880374834115565,0.8003080809815784,8.333333333333334,19581.647880666667
CUST100197,329992.62,266861.16,686.6,0,40.0,Male,Primary,Salaried,2020-01-28,2,55,67.19,9.2,4.8,5.1,0,2020,1,28,Tuesday,0.0,1,0,0,1,0,0,0,0,0,1,Q2,Low,0,3,3,0.13799713600552121,-0.560849135397344,-0.08411338262748277,0.46259293083792835,1.4864685102185908,2.1928538282105885,4.222297926532561,0.014664906877841326,8.196950652529269,0.335441509625474,-0.5130091210164849,0.33544019793663854,-0.5130088793025133,0.8086882670285171,9.166666666666666,18476.8367815
CUST100198,786924.49,365821.16,806.0,0,39.0,Female,Post-Graduate,Self-Employed,2023-04-26,1,38,13.12,8.9,5.4,4.8,0,2023,4,26,Wednesday,3.0,0,0,1,0,0,0,0,0,1,0,Q4,Low,1,0,2,0.041089034878048415,0.6351994979192053,0.2254376808274006,2.0071735649849676,-1.0020390403705686,-0.9322181653748466,2.647592232065096,0.0708215297450425,3.6221540552549665,0.6672898817128872,0.9523521657562907,0.6672882049393398,0.9523519120293643,0.4648745396143409,6.333333333333333,8603.707757333332
CUST100199,1944925.16,209195.43,716.9,0,25.0,Female,Secondary,Salaried,2018-07-27,0,41,46.8,9.2,4.8,5.1,0,2018,7,27,Friday,1.0,0,0,0,1,0,0,1,0,0,0,Q4,No_Missed,1,1,0,-1.3156243809065706,3.666340921110257,-0.26449422384011584,0.8545593731717243,-0.5628906490901286,1.0143774466828093,3.86702563949741,0.020920502092050212,6.841052550594828,0.08438776760318263,2.2690212800624567,0.08438702129800976,2.2690217441902716,0.10755962969803938,6.833333333333333,75852.08123999998
CUST100200,1863821.33,212403.03,572.3,1,42.0,Male,Graduate,Unemployed,2021-05-29,1,43,33.83,8.7,5.0,4.6,0,2021,5,29,Saturday,2.0,1,0,0,0,1,0,0,0,1,0,Q4,Low,0,1,0,0.33181333826046683,3.454046416399439,-0.2544607154413902,-1.0160131536093642,-0.2701250549031688,0.26475318633875367,3.5504790843779097,0.02871088142405972,5.816356247686347,0.099950850659404,2.211380766828717,0.09995006314352538,2.2113811553550953,0.11396104689927547,7.166666666666667,52544.22966158334
CUST100201,551978.5,86337.86,533.0,1,44.0,Female,Primary,Self-Employed,2021-07-09,2,47,12.68,8.9,5.4,4.8,0,2021,7,9,Friday,0.0,0,0,1,0,0,1,0,0,0,0,Q3,Low,0,2,1,0.5256295405154124,0.020213219455626794,-0.6487978965056653,-1.5244052718838916,0.3154061334707511,-0.9576487493803503,2.615934912194404,0.07309941520467836,3.560898762952971,-0.7921255910444585,0.37984699584042003,-0.7921234392521214,0.379846889102641,0.1564152589276575,7.833333333333333,5832.572816666667
CUST100202,604337.48,76057.81,587.7,0,50.0,Male,Graduate,Salaried,2019-02-14,1,50,39.98,8.9,5.4,4.8,0,2019,2,14,Thursday,2.0,1,0,1,0,0,0,0,0,1,0,Q3,Low,0,3,1,1.1070781472802491,0.15726622578422567,-0.6809543274865604,-0.8167958858885556,0.754554524751191,0.6202033945975002,3.7130841428107537,0.02440214738897023,6.322973983814895,-0.9131857943663383,0.5293753304574619,-0.9131833044292434,0.5293751707257316,0.12585320705245684,8.333333333333334,20134.51037533333
CUST100203,289185.62,51812.35,663.8,0,50.0,Female,Post-Graduate,Salaried,2024-07-06,0,48,33.41,8.9,5.4,4.8,0,2024,7,6,Saturday,3.0,0,0,1,0,0,1,0,0,0,0,Q1,No_Missed,0,2,1,1.1070781472802491,-0.6676640891884824,-0.7567951513239981,0.16764788512140733,0.46178893056423104,0.24047853796986357,3.538347219809389,0.029061319383900032,5.78013840664737,-1.273099934869067,-0.7546855190197166,-1.2730969741436984,-0.7546852269849836,0.17916641221648572,8.0,8051.409636833332
CUST100204,411120.16,349265.07,630.0,1,23.0,Male,Graduate,Self-Employed,2024-07-19,2,36,39.82,8.9,5.4,4.8,0,2024,7,19,Friday,2.0,1,0,1,0,0,0,0,1,0,0,Q2,Low,0,0,2,-1.5094405831615163,-0.34849256823267316,0.17364953141193223,-0.26959520896711753,-1.2948046345575286,0.6109559095045899,3.709172157381699,0.02449779519843214,6.3103090257134005,0.6180917230479969,-0.12214041202910003,0.6180900696461866,-0.1221403111105152,0.8495449846098523,6.0,13642.337309333332
CUST100205,417025.65,213152.2,758.9,0,28.0,Male,Primary,Self-Employed,2020-02-10,3,49,66.76,8.7,5.0,4.6,0,2020,2,10,Monday,0.0,1,0,0,0,1,0,0,0,0,1,Q2,Medium,1,2,1,-1.0249000775241524,-0.3330345673636057,-0.2521172800108274,1.3978791942284718,0.608171727657711,2.168001212023392,4.215972050343799,0.014757969303423848,8.1706792863262,0.10355433839006266,-0.09726975343148274,0.10355354143848657,-0.0972696628373998,0.5111249152180447,8.166666666666666,23200.526995000007
CUST100206,1188066.29,569889.79,703.4,0,39.0,Female,Graduate,Salaried,2023-01-18,2,39,26.92,9.2,4.8,5.1,0,2023,1,18,Wednesday,2.0,0,0,0,1,0,0,0,0,1,0,Q4,Low,1,0,0,0.041089034878048415,1.6852140255907828,0.8637729823055851,0.6799208592606267,-0.8556562432770887,-0.13462257611131745,3.329343277894172,0.03581661891117478,5.1884487084291395,1.1465692052897034,1.5763909132523135,1.1465679256173713,1.5763907623845839,0.4796784445420129,6.5,26652.287105666666
CUST100207,551455.94,391930.25,591.5,0,44.0,Male,Graduate,Self-Employed,2018-03-15,1,43,5.48,9.2,4.8,5.1,0,2018,3,15,Thursday,2.0,1,0,0,1,0,0,1,0,0,0,Q3,Low,0,1,0,0.5256295405154124,0.01884538496024357,0.30710801808830673,-0.7676383782691362,-0.2701250549031688,-1.3737855785613218,1.8687205103641833,0.15432098765432098,2.340939982143925,0.7408268500280107,0.3782722796786319,0.7408251595827777,0.37827217353672987,0.7107190648812307,7.166666666666667,2518.315459333333
CUST100208,596662.16,80293.21,717.7,0,44.0,Male,Secondary,Salaried,2022-07-19,1,41,14.16,9.5,6.1,5.6,0,2022,7,19,Tuesday,1.0,1,1,0,0,0,1,0,0,0,0,Q3,Low,1,1,0,0.5256295405154124,0.13717558076910094,-0.6677058172384114,0.8649083221442346,-0.5628906490901286,-0.8721095122709283,2.7186603802142257,0.06596306068601583,3.7629775444453557,-0.8615719011348011,0.508421771435417,-0.8615695479352856,0.5084216186566203,0.13457064212015724,6.833333333333333,7040.613488000001
CUST100209,593004.27,393954.1,770.5,0,75.0,Female,Post-Graduate,Salaried,2018-09-11,3,38,27.85,8.9,5.4,4.8,0,2018,9,11,Tuesday,3.0,0,0,1,0,0,1,0,0,0,0,Q3,Medium,1,0,2,3.529780675467069,0.1276008178283538,0.31343870644494737,1.5479389543298596,-1.0020390403705686,-0.0808715690087753,3.3621099929541085,0.03466204506065858,5.277309920783504,0.7463354846462426,0.4983248662883705,0.7463337942199719,0.49832471691981944,0.6643360257760033,6.333333333333333,13762.64076625
CUST100210,625143.18,148135.34,624.8,0,44.0,Male,Graduate,Self-Employed,2020-03-30,1,53,53.6,9.2,4.8,5.1,0,2020,3,30,Monday,2.0,1,0,0,1,0,0,1,0,0,0,Q3,Low,0,3,1,0.5256295405154124,0.21172648711420078,-0.4554927666266042,-0.3368633772884297,1.1937029160316308,1.407395563131505,4.000033882750859,0.018315018315018316,7.321202087089251,-0.26408421322199865,0.5846489495036225,-0.26408387630472724,0.5846487722808132,0.23696225879005828,8.833333333333334,27923.062040000004
CUST100211,206034.84,139367.53,688.4,0,50.0,Male,Post-Graduate,Self-Employed,2020-09-12,3,33,45.09,9.2,4.8,5.1,0,2020,9,12,Saturday,3.0,1,0,0,1,0,1,0,0,0,0,Q1,Medium,0,0,2,1.1070781472802491,-0.8853166175144341,-0.48291884695876225,0.4858780660260741,-1.7339530258379685,0.9155449497523289,3.830596006732417,0.02169668040789759,6.7149087856798175,-0.32479143892167567,-1.40024130163525,-0.32479089085187535,-1.4002411457730473,0.6764270062286554,5.5,7741.759113
CUST100212,1365590.45,1185540.02,580.0,1,48.0,Male,Graduate,Self-Employed,2018-11-28,2,40,48.83,9.5,6.1,5.6,0,2018,11,28,Wednesday,2.0,1,1,0,0,0,0,0,0,1,0,Q4,Low,0,0,0,0.9132619450253036,2.149894961391274,2.7895529278668576,-0.9164045197489599,-0.7092734461836087,1.131704913799111,3.908617212293313,0.02006823198876179,6.987846592477542,1.972735741399381,1.7778670411431154,1.9727380783190724,1.7778670069938394,0.8681519558078339,6.666666666666667,55568.15139458333
CUST100213,273042.1,154876.49,638.7,0,45.0,Female,Primary,Self-Employed,2021-11-22,1,47,38.5,8.7,5.0,4.6,0,2021,11,22,Monday,0.0,0,0,0,0,1,1,0,0,0,0,Q1,Low,0,2,1,0.6225376416428852,-0.7099207937447183,-0.4344061644498774,-0.15705038889107636,0.3154061334707511,0.5346641574880784,3.676300671907076,0.02531645569620253,6.2048368229954285,-0.21963668721579885,-0.8615223340810443,-0.21963650200539528,-0.8615220335450188,0.5672256769194202,7.833333333333333,8760.100708333333
CUST100214,433166.57,65069.83,578.6,0,35.0,Male,Secondary,Salaried,2020-04-15,0,43,36.47,9.5,6.1,5.6,0,2020,4,15,Wednesday,1.0,1,1,0,0,0,0,1,0,0,0,Q2,No_Missed,0,1,0,-0.3465433696318428,-0.29078466847502143,-0.7153251934346301,-0.9345151804508511,-0.2701250549031688,0.4173366903717766,3.623540612805596,0.02668801708033093,6.039039658753699,-1.060680573403848,-0.03133575089558421,-1.0606777717193472,-0.03133568801377232,0.15021895618583864,7.166666666666667,13164.654006583332
CUST100215,1027167.52,896546.21,749.1,1,46.0,Male,Secondary,Self-Employed,2022-08-19,1,56,17.86,9.2,4.8,5.1,0,2022,8,19,Friday,1.0,1,0,0,1,0,0,0,0,1,0,Q4,Low,1,3,3,0.719445742770358,1.2640511201431637,1.885568073204585,1.2711045693152312,1.6328513073120707,-0.6582614194973735,2.937043277205311,0.053022269353128315,4.226109321823087,1.6524728860915996,1.3608124018762457,1.652473360420831,1.360812174961211,0.8728334887380395,9.333333333333334,15287.676589333332
CUST100216,1282143.59,300355.83,609.9,0,29.0,Female,Post-Graduate,Salaried,2019-03-31,0,40,39.52,8.7,5.0,4.6,0,2019,3,31,Sunday,3.0,0,0,0,0,1,0,1,0,0,0,Q4,No_Missed,0,0,0,-0.9279919763966795,1.9314674245736794,0.020659361092913258,-0.5296125519014184,-0.7092734461836087,0.5936168749553828,3.7017956793804827,0.024679170779861793,6.286493458200685,0.45896118502298977,1.6872209856692821,0.45895968212713123,1.6872208932332908,0.23426068058414581,6.666666666666667,42225.262230666674
CUST100217,689191.7,14590.72,685.2,0,35.0,Female,Graduate,Salaried,2023-04-14,1,45,42.28,8.9,5.4,4.8,0,2023,4,14,Friday,2.0,0,0,1,0,0,1,0,0,0,0,Q4,Low,0,1,0,-0.3465433696318428,0.3793776181503169,-0.8732259834786484,0.444482270136037,0.022640539283791155,0.7531359928080885,3.767690634538226,0.02310536044362292,6.502307282803543,-2.393230882950217,0.7422014067981176,-2.3932429313086416,0.742201187459959,0.021170771499424618,7.5,24282.520896666665
CUST100218,290201.42,62316.76,700.8,0,33.0,Male,Graduate,Salaried,2021-02-12,1,39,71.1,8.9,5.4,4.8,1,2021,2,12,Friday,2.0,1,0,1,0,0,0,0,0,0,1,Q1,Low,1,0,0,-0.5403595718867884,-0.6650051671883099,-0.7239369127784634,0.6462867750999707,-0.8556562432770887,2.4188392451685883,4.278054044290903,0.013869625520110958,8.432081593533118,-1.1012541482084635,-0.7481968736148574,-1.101251285923829,-0.748196582399417,0.21473623388886245,6.5,17194.434134999996
CUST100219,474612.52,416861.09,849.0,1,39.0,Male,Secondary,Salaried,2018-11-09,0,41,39.88,8.9,5.4,4.8,0,2018,11,9,Friday,1.0,1,0,1,0,0,0,1,0,0,0,Q3,No_Missed,1,1,0,0.041089034878048415,-0.18229722185851369,0.3850927395396361,2.563429572257352,-0.5628906490901286,0.6144237164144314,3.7106409458954492,0.02446183953033268,6.315061361538778,0.8069179181764543,0.12562280779105647,0.806916237713366,0.1256228039981449,0.8783187809710541,6.833333333333333,15772.956081333336
CUST100220,484965.0,405391.24,628.7,0,63.0,Male,Secondary,Salaried,2020-10-14,1,40,42.12,9.2,4.8,5.1,0,2020,10,14,Wednesday,1.0,1,0,0,1,0,1,0,0,0,0,Q3,Low,0,0,0,2.3668834619373955,-0.15519893791645273,0.34921456386089716,-0.28641225104744483,-0.7092734461836087,0.7438885077151779,3.7639869266007415,0.02319109461966605,6.48999229583518,0.7769806838053255,0.1623410225903344,0.7769789961744477,0.16234100332554266,0.8359185508232553,6.666666666666667,17022.2715
CUST100221,494506.09,115455.19,587.8,0,18.0,Male,Graduate,Salaried,2018-08-16,1,39,24.84,9.2,4.8,5.1,0,2018,8,16,Thursday,2.0,1,0,0,1,0,0,0,1,0,0,Q3,Low,0,0,0,-1.9939810887988803,-0.13022451961892792,-0.5577176573538183,-0.815502267266993,-0.8556562432770887,-0.2548398823191538,3.2519236789144013,0.03869969040247678,4.983974317750845,-0.5104169224767467,0.19538090400298638,-0.5104157154296487,0.19538087093151094,0.23347576973217862,6.5,10236.276063000001
CUST100222,224913.43,72944.15,644.2,0,46.0,Male,Secondary,Salaried,2020-05-07,2,43,18.05,9.5,6.1,5.6,0,2020,5,7,Thursday,1.0,1,1,0,0,0,1,0,0,0,0,Q1,Low,0,1,0,0.719445742770358,-0.835900690872146,-0.6906939875940475,-0.0859013647050737,-0.2701250549031688,-0.6472800309495422,2.94706710157271,0.05249343832020997,4.2485291572496005,-0.9528603764595501,-1.2298001372011917,-0.9528577902150744,-1.2297998956847505,0.3243210065312685,7.166666666666667,3383.072842916666
CUST100223,884749.86,864765.26,582.0,0,20.0,Female,Secondary,Salaried,2021-06-22,0,38,26.5,8.7,5.0,4.6,0,2021,6,22,Tuesday,1.0,0,0,0,0,1,0,0,0,1,0,Q4,No_Missed,0,0,2,-1.8001648865439348,0.8912637118077786,1.786155918090332,-0.8905321473176862,-1.0020390403705686,-0.15889722448020757,3.3141860046725258,0.03636363636363636,5.1478150704935,1.6115697353860807,1.134219420435185,1.611570014398686,1.134219161591853,0.9774121467507212,6.333333333333333,19538.226075000002
CUST100224,476405.15,395478.72,611.0,1,33.0,Male,Graduate,Self-Employed,2020-10-14,1,43,58.96,9.2,4.8,5.1,0,2020,10,14,Wednesday,2.0,1,0,0,1,0,0,0,1,0,0,Q3,Low,0,1,0,-0.5403595718867884,-0.17760489724228096,0.31820778225703894,-0.5153827470642176,-0.2701250549031688,1.717186313744006,4.093677673234397,0.01667778519012675,7.678541528180987,0.7504679650649321,0.13204739843889027,0.750466274749315,0.1320473919308739,0.8301310764587662,7.166666666666667,23407.373036666668
CUST100225,297384.05,120690.36,708.2,0,50.0,Female,Primary,Salaried,2020-08-07,0,60,54.21,9.2,4.8,5.1,0,2020,8,7,Friday,0.0,0,0,0,1,0,0,0,0,1,0,Q1,No_Missed,1,3,3,1.1070781472802491,-0.6462041700175097,-0.541341824281192,0.7420145530956845,2.2183824956859906,1.4426516000482261,4.011144096295953,0.018112660749864156,7.362744053679987,-0.46691084987674475,-0.7030591579301666,-0.46690979755923767,-0.7030588733059361,0.4058400576628101,10.0,13434.32445875
CUST100226,336342.01,104896.04,596.3,0,39.0,Male,Secondary,Salaried,2019-03-03,3,51,37.02,8.9,5.4,4.8,0,2019,3,3,Sunday,1.0,1,0,1,0,0,0,0,0,1,0,Q2,Medium,0,3,1,0.041089034878048415,-0.5442291976549979,-0.5907471249334427,-0.7055446844340798,0.9009373218446709,0.44912492037865664,3.6381123370602833,0.026301946344029457,6.084406298070503,-0.604041084232385,-0.4785521148749598,-0.6040395484568868,-0.478551883195838,0.31187314364922775,8.5,10376.1510085
CUST100227,513198.26,217160.38,695.0,0,26.0,Female,Secondary,Self-Employed,2023-09-21,0,57,39.42,8.9,5.4,4.8,0,2023,9,21,Thursday,1.0,0,0,1,0,0,0,0,1,0,0,Q3,No_Missed,0,3,3,-1.218716279779098,-0.08129655934725638,-0.23957952352822237,0.5712568950492776,1.7792341044055506,0.5878371967723137,3.699324711975475,0.024740227610094014,6.278534860936905,0.1226361337092194,0.25800666281988466,0.12263528746900236,0.25800660398873276,0.4231510449782117,9.5,16858.562841
CUST100228,204515.97,84081.49,697.7,0,30.0,Male,Primary,Self-Employed,2019-04-10,0,43,61.32,9.5,6.1,5.6,0,2019,4,10,Wednesday,0.0,1,1,0,0,0,1,0,0,0,0,Q1,No_Missed,0,1,0,-0.8310838752692068,-0.8892923576782479,-0.6558559172519032,0.6061845978314976,-0.2701250549031688,1.8535867188644355,4.132282401562493,0.016046213093709884,7.830708780180757,-0.8175048254174797,-1.414740201876099,-0.8175025979300463,-1.4147400553191598,0.4111243244231734,7.166666666666667,10450.766067
CUST100229,278581.91,395677.95,669.9,0,45.0,Other,Post-Graduate,Self-Employed,2022-07-04,1,60,45.59,9.2,4.8,5.1,1,2022,7,4,Monday,3.0,2,0,0,1,0,0,0,1,0,0,Q1,Low,0,3,3,0.6225376416428852,-0.6954199838551972,0.31883098211932803,0.2465586210367924,2.2183824956859906,0.9444433406676742,3.8413859258287055,0.0214638334406525,6.7520367297579185,0.7510068848692387,-0.8240484531879785,0.7510051945741493,-0.8240481545260221,1.420328943828406,10.0,10583.791064083332
CUST100230,503380.52,268390.07,679.8799999999999,0,39.0,Female,Secondary,Salaried,2018-10-05,2,43,12.6,8.7,5.0,4.6,0,2018,10,5,Friday,1.0,0,0,0,0,1,0,0,0,0,1,Q3,Low,0,1,0,0.041089034878048415,-0.10699512685855124,-0.07933088751403476,0.3756617594688469,-0.2701250549031688,-0.9622724919268054,2.6100697927420065,0.07352941176470588,3.5496478698597698,0.34138544451080216,0.2254516313320884,0.34138412221536263,0.2254515858160921,0.533175320332221,7.166666666666667,5285.49546
CUST100231,1046675.27,446745.88,626.4,0,40.0,Male,Primary,Self-Employed,2018-01-19,1,41,14.47,8.9,5.4,4.8,0,2018,1,19,Friday,0.0,1,0,1,0,0,1,0,0,0,0,Q4,Low,0,1,0,0.13799713600552121,1.3151139136545484,0.47857362601524095,-0.31616547934341044,-0.5628906490901286,-0.8541925099034142,2.738902664584975,0.06464124111182934,3.803945320322047,0.8814688425443258,1.3889776624850485,0.8814671992697802,1.3889774428395447,0.4268237655027428,6.833333333333333,12621.159297416665
CUST100232,461700.2,178222.38,489.8,1,39.0,Female,Secondary,Salaried,2018-03-07,0,46,45.29,8.9,5.4,4.8,0,2018,3,7,Wednesday,1.0,0,0,1,0,0,0,0,0,1,0,Q3,No_Missed,0,2,1,0.041089034878048415,-0.21609605206255691,-0.3613792336010422,-2.0832485163994034,0.16902333637727113,0.9271043061184668,3.8349259550431793,0.02160293799956794,6.729784543356496,-0.07846886801512043,0.07849407966763129,-0.07846914207908647,0.07849409586552904,0.38601321810127004,7.666666666666667,17425.335048333334
CUST100233,243556.11,27458.94,654.7,0,31.0,Male,Graduate,Salaried,2018-06-16,0,52,3.92,9.2,4.8,5.1,0,2018,6,16,Saturday,2.0,1,0,0,1,0,0,1,0,0,0,Q1,No_Missed,0,3,1,-0.734175774141734,-0.7871022738666573,-0.8329736473249357,0.0499285905591132,1.047320118938151,-1.463948558217199,1.5933085305042167,0.2032520325203252,1.9798989873223332,-1.847069145733861,-1.0771245407391539,-1.8470690347714285,-1.0771242560440717,0.11274174152313403,8.666666666666666,795.6166259999999
CUST100234,228938.4,103330.13,656.3,0,62.0,Female,Secondary,Salaried,2022-05-28,0,52,26.42,8.9,5.4,4.8,0,2022,5,28,Saturday,1.0,0,0,1,0,0,1,0,0,0,0,Q1,No_Missed,0,3,1,2.269975360809923,-0.8253650723615787,-0.595645357611036,0.07062648850413097,1.047320118938151,-0.1635209670266627,3.3112726741341683,0.03646973012399708,5.140038910358559,-0.6186645646062022,-1.1956176229505364,-0.6186629783631705,-1.1956173691884369,0.4513446848584598,8.666666666666666,5040.46044
CUST100235,356864.67,64351.73,620.4,0,45.0,Male,Graduate,Self-Employed,2019-02-07,2,46,47.87,8.9,5.4,4.8,0,2019,2,7,Thursday,2.0,1,0,1,0,0,0,0,0,0,1,Q2,Low,0,2,1,0.6225376416428852,-0.49050981177582914,-0.7175714405917335,-0.39378259663723153,0.16902333637727113,1.0762200032416482,3.8891637112820634,0.020462451401677923,6.918814927427962,-1.0711077253772303,-0.3721626288568217,-1.0711049069484606,-0.3721624316778107,0.1803253037068646,7.666666666666667,14235.926460749999
CUST100236,378246.88,186459.25,701.8,0,18.0,Male,Primary,Salaried,2019-02-13,2,43,10.29,9.5,6.1,5.6,0,2019,2,13,Wednesday,0.0,1,1,0,0,0,0,0,0,0,1,Q2,Low,1,1,0,-1.9939810887988803,-0.43454049834670133,-0.33561395603394817,0.6592229613156075,-0.2701250549031688,-1.0957830579557006,2.4239173781615704,0.08857395925597875,3.207802986469088,-0.032739043211306794,-0.2686520241314542,-0.03273945691836258,-0.26865186473499975,0.4929564785835114,7.166666666666667,3243.4669959999997
CUST100237,323840.39,162932.2,711.1,0,40.0,Female,Primary,Salaried,2023-11-30,0,39,59.94,8.9,5.4,4.8,0,2023,11,30,Thursday,0.0,0,0,1,0,0,1,0,0,0,0,Q2,No_Missed,1,0,0,0.13799713600552121,-0.5769529941265438,-0.40920756302117745,0.7795294931210311,-0.8556562432770887,1.7738271599380826,4.109889773557563,0.016409583196586808,7.742092740338364,-0.16881876139392768,-0.5471418001333084,-0.16881874587611753,-0.5471415490978817,0.5031250116762768,6.5,16175.8274805
CUST100238,474807.29,227763.53,667.5,0,31.0,Male,Secondary,Salaried,2019-08-20,4,40,30.93,9.5,6.1,5.6,0,2019,8,20,Tuesday,1.0,1,1,0,0,0,0,0,1,0,0,Q3,Medium,0,0,0,-0.734175774141734,-0.18178739882447797,-0.20641242208853317,0.21551177411926425,-0.7092734461836087,0.09714251902975132,3.4635460067266908,0.03131850923896023,5.561474624593733,0.17158117202683554,0.12632221145363828,0.17158020471940327,0.12632220736501093,0.4796967839310134,6.666666666666667,12238.15789975
CUST100239,319350.96,406517.65,657.9,0,47.0,Female,Graduate,Salaried,2020-11-28,1,35,26.95,8.9,5.4,4.8,0,2020,11,28,Saturday,2.0,0,0,1,0,0,1,0,0,0,0,Q2,Low,0,0,2,0.8163538438978308,-0.5887043666361267,0.35273802195897946,0.09132438644915022,-1.4411874316510085,-0.13288867265639687,3.3304171996011083,0.03577817531305903,5.191338940966964,0.7799552840223095,-0.5725300573792818,0.7799535969066737,-0.5725297998344191,1.272949516106042,5.833333333333333,7172.0903100000005
CUST100240,508801.5,345925.56,747.5,0,29.0,Male,Post-Graduate,Self-Employed,2023-11-23,1,40,28.83,8.9,5.4,4.8,0,2023,11,23,Thursday,3.0,1,0,1,0,0,0,0,0,1,0,Q3,Low,1,0,0,-0.9279919763966795,-0.09280536215635106,0.16320340295681682,1.250406671370212,-0.7092734461836087,-0.0242307228146988,3.395514598526657,0.03352329869259135,5.36935750346352,0.6079062289268785,0.24351787588855733,0.6079045817625257,0.243517822961424,0.6798831371369778,6.666666666666667,12223.9560375
CUST100241,332250.13,381605.37,564.1,1,37.0,Female,Primary,Salaried,2018-11-20,1,49,1.41,9.2,4.8,5.1,0,2018,11,20,Tuesday,0.0,0,0,0,1,0,0,0,0,1,0,Q2,Low,0,2,1,-0.15272716737689718,-0.5549399574050135,0.2748113569722592,-1.1220898805775854,0.608171727657711,-1.609018480612232,0.8796267475025636,0.41493775933609955,1.1874342087037917,0.7123063318543299,-0.5006701044482499,0.7123046436490068,-0.5006698662577673,1.1485484445107665,8.166666666666666,390.39390275
CUST100242,626207.48,199203.53,623.5,0,44.0,Female,Graduate,Self-Employed,2023-06-06,1,44,26.74,8.7,5.0,4.6,0,2023,6,6,Tuesday,2.0,0,0,0,0,1,1,0,0,0,0,Q3,Low,0,1,0,0.5256295405154124,0.2145123609917194,-0.29574930943969996,-0.35368041936875705,-0.12374225780968881,-0.14502599684084194,3.3228754148866853,0.036049026676279745,5.171073389539158,0.03444688615141447,0.5874185513929328,0.034446276968782365,0.5874183733277438,0.31811106759695684,7.333333333333333,13953.990012666665
CUST100243,373041.77,94825.51,729.8,0,48.0,Male,Post-Graduate,Salaried,2021-12-08,1,59,19.89,9.2,4.8,5.1,0,2021,12,8,Wednesday,3.0,1,0,0,1,0,1,0,0,0,0,Q2,Low,1,3,3,0.9132619450253036,-0.4481652094043089,-0.6222481684970472,1.0214361753534393,2.0719996985925104,-0.5409339523810717,3.0392705755684744,0.04786979415988511,4.459820624195552,-0.7018703505103854,-0.2932099302361693,-0.7018684840974125,-0.29320976155832335,0.25419542160117886,9.833333333333334,6183.16733775
CUST100244,878010.36,1195388.78,632.32,0,25.0,Male,Secondary,Self-Employed,2019-03-05,1,38,8.81,9.5,6.1,5.6,0,2019,3,5,Tuesday,1.0,1,1,0,0,0,0,0,0,0,1,Q4,Low,0,0,2,-1.3156243809065706,0.8736226359856065,2.820360265495313,-0.23958325694683938,-1.0020390403705686,-1.1813222950651223,2.2834022735772717,0.1019367991845056,2.968164415931166,1.9823169226066764,1.1224586736407092,1.9823193244197521,1.1224584143516092,1.3614745730335118,6.333333333333333,6446.0593930000005
CUST100245,633339.62,318775.7,631.2,0,34.0,Male,Graduate,Salaried,2020-12-20,3,48,9.3,8.9,5.4,4.8,0,2020,12,20,Sunday,2.0,1,0,1,0,0,0,1,0,0,0,Q3,Medium,0,2,1,-0.44345147075931557,0.2331811973318554,0.07827749313819116,-0.2540717855083527,0.46178893056423104,-1.1530018719680841,2.33214389523559,0.0970873786407767,3.0495901363953815,0.5215369358216101,0.605837813226613,0.5215353604110127,0.6058376296454298,0.5033250564681238,8.0,4908.382055000001
CUST100246,492117.08,371148.27,718.5200000000001,0,33.0,Male,Primary,Salaried,2022-06-24,2,41,41.51,9.5,6.1,5.6,0,2022,6,24,Friday,0.0,1,1,0,0,0,1,0,0,0,0,Q3,Low,1,1,0,-0.5403595718867884,-0.13647790734055823,0.24210110610671706,0.8755159948410575,-0.5628906490901286,0.7086324707984567,3.749739342370699,0.02352387673488591,6.442825467137846,0.682680950982906,0.18717819474768416,0.6826792692213561,0.18717816509200805,0.7541869304759754,6.833333333333333,17023.149992333332
CUST100247,394659.05,283673.73,606.1,1,31.0,Male,Post-Graduate,Salaried,2021-10-09,0,42,35.59,8.9,5.4,4.8,0,2021,10,9,Saturday,3.0,1,0,1,0,0,1,0,0,0,0,Q2,No_Missed,0,1,0,-0.734175774141734,-0.3915805850925463,-0.03152295292952734,-0.5787700595208378,-0.41650785199664875,0.36647552236076925,3.5997749790311153,0.027329871549603715,5.965735495309862,0.3991352365502923,-0.1937258338566029,0.39913381849938917,-0.19372570378509094,0.7187817687191007,7.0,11704.929657916668
CUST100248,191864.5,127542.08,662.9,0,57.0,Female,Graduate,Self-Employed,2019-01-28,1,55,34.36,9.5,6.1,5.6,0,2019,1,28,Monday,2.0,0,1,0,0,0,0,0,1,0,0,Q1,Low,0,3,3,1.7854348551725587,-0.9224083961873264,-0.5199093544702067,0.15600531752733446,1.4864685102185908,0.2953854807090197,3.5655812377694427,0.02828054298642534,5.861740355901138,-0.4125443461460915,-1.5406122751794484,-0.41254348753371856,-1.540612223936481,0.6647508006952824,9.166666666666666,5493.720183333334
CUST100249,962656.73,53437.33,705.0,0,42.0,Female,Post-Graduate,Salaried,2024-03-01,3,45,19.04,9.5,6.1,5.6,0,2024,3,1,Friday,3.0,0,1,0,0,0,0,1,0,0,0,Q4,Medium,1,1,0,0.33181333826046683,1.0951899675742456,-0.7517121451892677,0.700618757205646,0.022640539283791155,-0.5900612169371587,2.997730276216664,0.0499001996007984,4.363484845854286,-1.2445112212417635,1.2630298215883775,-1.2445082567347505,1.2630295752655194,0.05551026480643833,7.5,15274.153449333331
CUST100250,304240.14,1010472.32,753.3,0,24.0,Female,Graduate,Salaried,2024-04-24,1,52,70.72,8.7,5.0,4.6,0,2024,4,24,Wednesday,2.0,0,0,0,0,1,0,0,1,0,0,Q2,Low,1,3,1,-1.4125324820340435,-0.628257912352455,2.241933761419803,1.3254365514209052,1.047320118938151,2.396876468072926,4.272769648736932,0.013943112102621306,8.409518416651455,1.7888034787191038,-0.6611440642917165,1.7888046733965108,-0.6611437871223347,3.3212984979562523,8.666666666666666,17929.885584
CUST100251,465051.15,64944.86,702.9,0,48.0,Female,Secondary,Salaried,2024-12-08,0,41,33.07,9.2,4.8,5.1,0,2024,12,8,Sunday,1.0,0,0,0,1,0,0,0,1,0,0,Q3,No_Missed,1,1,0,0.9132619450253036,-0.20732472436372054,-0.715716104877637,0.6734527661528084,-0.5628906490901286,0.220827632147429,3.5284172316728752,0.0293513354857646,5.75065213693195,-1.0624874956584327,0.09087108573155214,-1.0624846910160297,0.09087109666941202,0.13965100398095995,6.833333333333333,12816.034608750002
CUST100252,534502.87,163745.44,759.1,0,61.0,Female,Post-Graduate,Salaried,2022-03-21,1,51,15.91,8.9,5.4,4.8,0,2022,3,21,Monday,3.0,0,0,1,0,0,0,0,1,0,0,Q3,Low,1,3,1,2.17306725968245,-0.025530368921882735,-0.40666371392210665,1.4004664314715998,0.9009373218446709,-0.7709651440672199,2.827905162910489,0.05913660555884092,3.988734135035826,-0.16381894637758385,0.3262194257667749,-0.16381894731178506,0.32621933969043426,0.3063509088360929,8.5,7086.617218083333
CUST100253,399939.53,166570.85,672.8,0,49.0,Female,Secondary,Salaried,2019-03-22,3,43,16.52,8.9,5.4,4.8,0,2019,3,22,Friday,1.0,0,0,1,0,0,0,0,1,0,0,Q2,Medium,0,1,0,1.0101700461527763,-0.377758588199978,-0.39782571200015776,0.28407356106213894,-0.2701250549031688,-0.7357091071504988,2.8633430855082453,0.05707762557077626,4.064480286580315,-0.14662561069368438,-0.17038870123587652,-0.1466256678442101,-0.17038858056366676,0.41649008788903663,7.166666666666667,5505.834196333333
CUST100254,931946.4,303001.26,473.0,1,21.0,Male,Secondary,Self-Employed,2021-04-18,5,47,42.52,8.7,5.0,4.6,0,2021,4,18,Sunday,1.0,1,0,0,0,1,1,0,0,0,0,Q4,Medium,0,2,1,-1.703256785416462,1.01480369855519,0.028934377966351513,-2.3005764448221027,0.3154061334707511,0.7670072204474544,3.773220602547687,0.022977941176470586,6.520736154760443,0.4681637183779733,1.2137572148756663,0.468162203762983,1.213756962072247,0.3251273463795772,7.833333333333333,33021.96744
CUST100255,225989.99,21896.15,475.4,0,33.0,Female,Graduate,Salaried,2020-10-20,3,59,14.41,9.2,4.8,5.1,0,2020,10,20,Tuesday,2.0,0,0,0,1,0,0,0,0,1,0,Q1,Medium,0,3,3,-0.5403595718867884,-0.8330827256540857,-0.8503742896074356,-2.269529597904574,2.0719996985925104,-0.8576603168132556,2.7350166493320245,0.06489292667099286,3.7960505792204615,-2.045465198118509,-1.2205878541316015,-2.0454679963714306,-1.220587609161594,0.09688991092039077,9.833333333333334,2713.7631299166665
CUST100256,1148151.88,894645.12,739.3,0,52.0,Female,Graduate,Self-Employed,2018-12-08,1,49,37.42,9.5,6.1,5.6,0,2018,12,8,Saturday,2.0,0,1,0,0,0,0,1,0,0,0,Q4,Low,1,2,1,1.3008943495351948,1.5807354836800673,1.879621383317525,1.1443299444019892,0.608171727657711,0.47224363311093276,3.6485781573404106,0.026028110359187923,6.117188896870849,1.650064261124623,1.526233327688513,1.6500647236871953,1.5262331548233,0.7792045073339949,8.166666666666666,35803.20279133333
CUST100257,2425107.09,230345.45,698.3,0,30.0,Male,Post-Graduate,Self-Employed,2018-05-13,1,49,8.93,8.9,5.4,4.8,1,2018,5,13,Sunday,3.0,1,0,1,0,0,0,0,1,0,0,Q4,Low,0,2,1,-0.8310838752692068,4.923248085672454,-0.1983360671799293,0.6139463095608786,0.608171727657711,-1.1743866812454395,2.295560478057081,0.10070493454179255,2.988310559496787,0.18317894352105282,2.5611696001264757,0.1831779486910743,2.561170524357295,0.09498361987799889,8.166666666666666,18046.838594749996
CUST100258,386338.3,372470.93,592.5,1,43.0,Male,Secondary,Self-Employed,2024-10-26,1,38,14.66,9.2,4.8,5.1,0,2024,10,26,Saturday,1.0,1,0,0,1,0,0,0,0,1,0,Q2,Low,0,0,2,0.4287214393879396,-0.4133606847508798,0.24623844250111104,-0.7547021920534993,-1.0020390403705686,-0.8432111213555831,2.751109690562657,0.06385696040868455,3.8288379438153295,0.68647059074646,-0.2312485043604881,0.6864689079282505,-0.2312483594272801,0.9641056297032937,6.333333333333333,4719.766231666667
CUST100259,388723.47,160829.14,619.2,0,47.0,Male,Graduate,Self-Employed,2023-02-03,2,50,25.22,8.9,5.4,4.8,0,2023,2,3,Friday,2.0,1,0,1,0,0,0,0,0,0,1,Q2,Low,0,3,1,0.8163538438978308,-0.407117348476858,-0.4157860236063576,-0.40930602009599487,0.754554524751191,-0.23287710522349145,3.2665224783355535,0.03813882532418002,5.021951811795888,-0.18185662278328077,-0.220396860978993,-0.18185656415055057,-0.2203967203097429,0.4137366339109908,8.333333333333334,8169.671594499999
CUST100260,130711.54,115955.39,676.9,0,28.0,Male,Graduate,Self-Employed,2024-04-19,0,44,9.46,8.7,5.0,4.6,0,2024,4,19,Friday,2.0,1,0,0,0,1,0,0,0,1,0,Q1,No_Missed,0,1,0,-1.0249000775241524,-1.0824802122137762,-0.5561530106082632,0.33711192454625033,-0.12374225780968881,-1.1437543868751736,2.347558458636777,0.09560229445506692,3.0757112998459397,-0.50618181238031,-2.3259417246100944,-0.506180620363562,-2.3259430173230187,0.8871090494381751,7.333333333333333,1030.4426403333332
CUST100261,277471.08,48076.79,592.1,0,37.0,Female,Primary,Salaried,2018-09-22,1,47,8.7,9.5,6.1,5.6,0,2018,9,22,Saturday,0.0,0,1,0,0,0,0,1,0,0,0,Q1,Low,0,2,1,-0.15272716737689718,-0.6983276530080339,-0.7684801409218105,-0.7598766665397537,0.3154061334707511,-1.1876799410664984,2.272125885509337,0.10309278350515465,2.949576240750525,-1.3421120047328214,-0.8314925742762637,-1.3421090919560175,-0.8314922751435181,0.17326775100309552,7.833333333333333,2011.6653299999998
CUST100262,364161.57,146724.19,584.6,0,18.0,Male,Secondary,Self-Employed,2018-04-03,1,42,24.72,8.7,5.0,4.6,0,2018,4,3,Tuesday,1.0,1,0,0,0,1,1,0,0,0,0,Q2,Low,0,1,0,-1.9939810887988803,-0.4714097055117431,-0.45990690348184227,-0.8568980631570301,-0.41650785199664875,-0.2617754961388367,3.2472688993694185,0.038880248833592534,4.971921157862421,-0.27362577968562524,-0.33604382989725695,-0.273625409855243,-0.33604364548661236,0.40290959312373353,7.0,7501.728341999999
CUST100263,487408.44,70094.21,597.6,0,27.0,Male,Secondary,Salaried,2022-08-13,1,52,6.47,8.9,5.4,4.8,0,2022,8,13,Saturday,1.0,1,0,1,0,0,0,0,0,1,0,Q3,Low,0,3,1,-1.1218081786516252,-0.14880307616010163,-0.6996087203929825,-0.6887276423537511,1.047320118938151,-1.3165667645489383,2.010894999144726,0.13386880856760375,2.543619468395381,-0.9905774084084438,0.17087417456825907,-0.9905747385899668,0.17087415172586068,0.14381000460312096,8.666666666666666,2627.943839
CUST100264,2457149.8175999983,1974290.1467000002,590.8,0,35.0,Other,Secondary,Self-Employed,2021-12-05,3,49,6.54,9.5,6.1,5.6,0,2021,12,5,Sunday,1.0,2,1,0,0,0,1,0,0,0,0,Q4,Medium,0,2,1,-0.3465433696318428,5.007121991324325,5.256796667965474,-0.7766937086200825,0.608171727657711,-1.31252098982079,2.020222182019865,0.13262599469496023,2.5573423705088842,2.574153438055896,2.5782138696822097,2.5741608916478684,2.5782148248841006,0.8034878999068817,8.166666666666666,13391.46650591999
CUST100265,218085.22,1087974.87,653.5,0,24.0,Male,Post-Graduate,Salaried,2023-12-26,1,36,12.41,9.5,6.1,5.6,1,2023,12,26,Tuesday,3.0,1,1,0,0,0,0,0,1,0,0,Q1,Low,0,0,2,-1.4125324820340435,-0.8537739708394603,2.4843650141781435,0.0344051671003484,-1.2948046345575286,-0.9732538804746367,2.596000697293587,0.07457121551081282,3.5227829907617076,1.873611901880177,-1.2894536587435441,1.8736135988161624,-1.2894534424112631,4.988760219514188,6.0,2255.3646501666667
CUST100266,513880.95,314058.52,783.0,0,56.0,Male,Graduate,Salaried,2021-05-16,1,39,17.99,9.2,4.8,5.1,0,2021,5,16,Sunday,2.0,1,0,0,1,0,0,0,0,1,0,Q3,Low,1,0,0,1.688526754045086,-0.07950957425147202,0.06352195468317798,1.7096412820253202,-0.8556562432770887,-0.6507478378593837,2.9439125248241944,0.05265929436545551,4.241462012089699,0.5058380104781292,0.2602433666772207,0.5058364516681113,0.26024330693795383,0.6111503452307387,6.5,7703.931908749999
CUST100267,495382.33,33831.69,569.4,0,22.0,Male,Graduate,Salaried,2020-09-28,1,29,38.45,8.7,5.0,4.6,0,2020,9,28,Monday,2.0,1,0,0,0,1,0,0,0,0,1,Q3,Low,0,0,2,-1.6063486842889891,-0.12793090491777503,-0.8130394159220243,-1.0535280936347107,-2.3194842142118883,0.531774318396544,3.6750340472918834,0.025348542458808618,6.2008063991709985,-1.6612830717132339,0.19837791311931274,-1.6612813109861115,0.1983778788019448,0.06829409922634908,4.833333333333333,15872.875490416667
CUST100268,288201.08,123398.88,644.1,0,33.0,Female,Post-Graduate,Salaried,2022-07-19,1,45,18.74,8.7,5.0,4.6,1,2022,7,19,Tuesday,3.0,0,0,0,0,1,0,0,0,1,0,Q1,Low,0,1,0,-0.5403595718867884,-0.6702411861229672,-0.5328694592206744,-0.08719498332663768,0.022640539283791155,-0.6074002514863659,2.9826470340053355,0.050658561296859174,4.328972164382672,-0.4450852518014698,-0.7609999004425859,-0.44508427726179023,-0.760999607642344,0.42816938784545844,7.5,4500.740199333333
CUST100269,172248.75,115514.74,686.8,0,39.0,Female,Secondary,Self-Employed,2022-05-16,2,50,42.62,8.7,5.0,4.6,0,2022,5,16,Monday,1.0,0,0,0,0,1,0,0,1,0,0,Q1,Low,0,3,1,0.041089034878048415,-0.9737538866626988,-0.5575313824363897,0.46518016808105483,0.754554524751191,0.7727868986305231,3.775515760773483,0.02292526364053187,6.528399497579786,-0.5099118304362877,-1.756259089775189,-0.5099106251812806,-1.7562592684870344,0.6706274501266337,8.333333333333334,6117.7014375
CUST100270,317050.84,487998.73,692.8,0,54.0,Male,Graduate,Unemployed,2024-06-12,0,45,38.79,9.5,6.1,5.6,0,2024,6,12,Wednesday,2.0,1,1,0,0,0,0,0,0,1,0,Q2,No_Missed,0,1,0,1.4947105517901405,-0.5947250790510082,0.6076142847464938,0.5427972853748759,0.022640539283791155,0.5514252242189785,3.683615624438837,0.025131942699170646,6.228161847608008,0.9771100754942739,-0.5856992901316261,0.9771085211486392,-0.5856990293591037,1.5391813186806254,7.5,10248.668403
CUST100271,395131.7,415442.19,609.5,1,22.0,Female,Secondary,Salaried,2018-09-23,0,45,64.75,8.9,5.4,4.8,0,2018,9,23,Sunday,1.0,0,0,1,0,0,0,0,0,1,0,Q2,No_Missed,0,1,0,-1.6063486842889891,-0.39034339324042816,0.38065436035677286,-0.5347870263876728,0.022640539283791155,2.0518296805437037,4.185859671057874,0.015209125475285171,8.04673846971554,0.8032562144806933,-0.19162215438659436,0.8032545329040089,-0.19162202515772703,1.051401823746361,7.5,21320.647979166668
CUST100272,511279.79,198265.18,699.5,0,51.0,Male,Post-Graduate,Self-Employed,2019-10-08,3,41,20.93,8.9,5.4,4.8,1,2019,10,8,Tuesday,3.0,1,0,1,0,0,1,0,0,0,0,Q3,Medium,0,1,0,1.203986248407722,-0.08631827827782439,-0.2986845079076961,0.6294697330196434,-0.5628906490901286,-0.4808252992771536,3.0878555624297968,0.045599635202918376,4.57493169347915,0.029638138460418205,0.25170253744727666,0.02963754286111275,0.2517024811804735,0.3877821573976159,6.833333333333333,8917.571670583331
CUST100273,588735.91,311631.62,683.6,0,38.0,Female,Secondary,Unemployed,2024-06-23,3,48,45.48,8.7,5.0,4.6,0,2024,6,23,Sunday,1.0,0,0,0,0,1,1,0,0,0,0,Q3,Medium,0,2,1,-0.05581906624942438,0.1164281102986667,0.055930508887920664,0.4237843721910178,0.46178893056423104,0.9380856946662979,3.8390221125436557,0.02151462994836489,6.743886120034946,0.49767574380898366,0.4864506466398433,0.4976741940543235,0.48645050133017564,0.5293232750147685,8.0,22313.090989
CUST100274,499743.31,93387.62,613.9,0,27.0,Female,Post-Graduate,Salaried,2021-02-10,1,48,26.15,8.9,5.4,4.8,0,2021,2,10,Wednesday,3.0,0,0,1,0,0,0,0,0,1,0,Q3,Low,0,2,1,-1.1218081786516252,-0.11651575856582373,-0.6267459492026974,-0.47786780703887105,0.46178893056423104,-0.17912609812094932,3.3013770463799443,0.03683241252302026,5.113707070218238,-0.7166187336313447,0.21320240728603718,-0.7166168190719904,0.21320236682377763,0.186871175924296,8.0,10890.239630416667
CUST100275,1050585.54,72750.87,541.8,0,43.0,Female,Secondary,Salaried,2021-11-02,0,51,29.87,9.5,6.1,5.6,1,2021,11,2,Tuesday,1.0,0,1,0,0,0,0,0,1,0,0,Q4,No_Missed,0,3,1,0.4287214393879396,1.3253492975191028,-0.691298575604805,-1.410566833186288,0.9009373218446709,0.03587793028921947,3.429784838514068,0.032393909944930355,5.465345368775884,-0.9553746884001287,1.3945496564910353,-0.9553720963333003,1.3945494383751855,0.0692479262564379,8.5,26150.8250665
CUST100276,148722.26,59355.74,558.5,0,40.0,Male,Secondary,Self-Employed,2019-03-30,2,49,21.54,9.5,6.1,5.6,0,2019,3,30,Saturday,1.0,1,1,0,0,0,1,0,0,0,0,Q1,Low,0,2,1,0.13799713600552121,-1.0353359912579319,-0.7331991085132167,-1.194532523385152,0.608171727657711,-0.4455692623604325,3.11529150861163,0.044365572315882874,4.641120554348917,-1.1467931755875709,-2.056190861250981,-1.146790260749841,-2.056191523977691,0.3991046128535163,8.166666666666666,2669.564567
CUST100277,153742.46,89895.75,709.7,0,31.0,Female,Graduate,Salaried,2024-02-17,0,39,38.52,9.5,6.1,5.6,0,2024,2,17,Saturday,2.0,0,1,0,0,0,1,0,0,0,0,Q1,No_Missed,1,0,0,-0.734175774141734,-1.0221952940485741,-0.63766866617871,0.7614188324191398,-0.8556562432770887,0.5358200931246924,3.6768068728796672,0.025303643724696356,6.20644825967316,-0.753331367165766,-1.9877477696548698,-0.753329335187772,-1.9877483033058576,0.5847164797545193,6.5,4935.132966
CUST100278,129109.2296,28775.2,764.2,0,39.0,Female,Secondary,Self-Employed,2023-03-30,0,36,12.41,8.7,5.0,4.6,1,2023,3,30,Thursday,1.0,0,0,0,0,1,0,1,0,0,0,Q1,No_Missed,1,0,2,0.041089034878048415,-1.0866743630049407,-0.8288563304010965,1.466440981171348,-1.2948046345575286,-0.9732538804746367,2.596000697293587,0.07457121551081282,3.5227829907617076,-1.805630990320899,-2.3520202021613557,-1.805630432206542,-2.35202156682591,0.22287484860028936,6.0,1335.2046161133335
CUST100279,376772.31,89288.65,650.1,0,34.0,Male,Graduate,Salaried,2022-01-03,1,46,55.88,9.2,4.8,5.1,0,2022,1,3,Monday,2.0,1,0,0,1,0,1,0,0,0,0,Q2,Low,0,2,1,-0.44345147075931557,-0.43840028040399054,-0.6395677006433772,-0.00957786603281659,0.16902333637727113,1.5391722257054794,4.040943785494986,0.017580872011251757,7.475292636412303,-0.7598489981789363,-0.27556890082129526,-0.7598469457481535,-0.27556873879260424,0.23698304686987215,7.666666666666667,17545.030569000002
CUST100280,764306.71,596704.82,762.2,0,39.0,Female,Secondary,Salaried,2021-04-25,1,39,8.84,9.2,4.8,5.1,0,2021,4,25,Sunday,1.0,0,0,0,1,0,0,0,1,0,0,Q4,Low,1,0,0,0.041089034878048415,0.575996000343835,0.94765152972954,1.4405686087400742,-0.8556562432770887,-1.1795883916102017,2.286455711064162,0.1016260162601626,2.973213749463701,1.197159415856229,0.9065340161572993,1.197158247877136,0.9065337675198749,0.7807138314931188,6.5,5630.392763666666
CUST100281,753049.37,315375.03,645.8,0,45.0,Male,Graduate,Salaried,2020-04-10,1,42,43.77,8.9,5.4,4.8,0,2020,4,10,Friday,2.0,1,0,1,0,0,1,0,0,0,0,Q4,Low,0,1,0,0.6225376416428852,0.5465291870051645,0.06764005361758574,-0.06520346676005592,-0.41650785199664875,0.8392531977358175,3.8015382722528743,0.022336385972749607,6.615889962809237,0.5102412983541903,0.8831360906736335,0.5102397347793832,0.8831358451795578,0.4187972828395036,7.0,27467.475770750003
CUST100282,684568.28,1625515.68,558.4,0,55.0,Female,Secondary,Salaried,2021-10-22,1,46,37.21,9.2,4.8,5.1,0,2021,10,22,Friday,1.0,0,0,0,1,0,0,0,0,0,1,Q4,Low,0,2,1,1.591618652917613,0.3672755181758758,4.165815391966132,-1.195826142006716,0.16902333637727113,0.4601063089264877,3.6430972614588084,0.02617115938236064,6.1,2.342330407429582,0.7314106984275406,2.3423356370793034,0.7314104815690046,2.3745121231734543,7.666666666666667,21227.321415666665
CUST100283,333266.41,248464.49,633.2,0,24.0,Male,Primary,Salaried,2021-01-17,1,50,14.92,8.9,5.4,4.8,0,2021,1,17,Sunday,0.0,1,0,1,0,0,0,0,0,1,0,Q2,Low,0,3,1,-1.4125324820340435,-0.55227977897389,-0.1416589440919992,-0.22819941307707903,0.754554524751191,-0.8281839580796035,2.767576180416237,0.06281407035175879,3.862641583165593,0.2613295041312474,-0.4951472328493252,0.26132833605681105,-0.4951469962615122,0.7455431526987674,8.333333333333334,4143.612364333333
CUST100284,830135.93,151322.44,769.3,0,39.0,Female,Secondary,Self-Employed,2024-02-13,1,47,16.08,9.2,4.8,5.1,0,2024,2,13,Tuesday,1.0,0,0,0,1,0,0,0,0,1,0,Q4,Low,1,2,1,0.041089034878048415,0.7483082284519216,-0.44552338309449974,1.5324155308710947,0.3154061334707511,-0.7611396911560027,2.837908188360424,0.0585480093676815,4.009987531152684,-0.2428412082793171,1.0357641185752993,-0.2428409442146394,1.0357638593918084,0.18228633953959805,7.833333333333333,11123.821461999998
CUST100285,265112.93,13941.3458,601.7,0,18.0,Male,Secondary,Salaried,2023-05-24,0,43,7.77,8.7,5.0,4.6,0,2023,5,24,Wednesday,1.0,1,0,0,0,1,0,1,0,0,0,Q1,No_Missed,0,1,0,-1.9939810887988803,-0.7306759075034381,-0.8752572534280234,-0.6356892788696397,-0.2701250549031688,-1.2414309481690406,2.1713368063840917,0.11402508551881414,2.787471972953271,-2.431605975716579,-0.9167304473173049,-2.4316194723341282,-0.9167301463579179,0.05258644231346996,7.166666666666667,1716.6062217499998
CUST100286,707410.49,511485.8,639.1,1,36.0,Male,Secondary,Self-Employed,2023-12-20,1,41,31.6,8.7,5.0,4.6,0,2023,12,20,Wednesday,1.0,1,0,0,0,1,0,0,0,1,0,Q4,Low,0,1,0,-0.24963526850436998,0.4270664757477991,0.6810828326036006,-0.1518759144048219,-0.5628906490901286,0.13586636285631407,3.484312288372662,0.03067484662576687,5.621387729022079,1.0282598617960557,0.7839155144696097,1.028258374402952,0.7839152861582699,0.7230396032153835,6.833333333333333,18628.47623666667
CUST100287,176130.95,113398.05,744.9,0,44.0,Male,Secondary,Salaried,2020-05-21,0,60,58.21,8.9,5.4,4.8,0,2020,5,21,Thursday,1.0,1,0,1,0,0,0,0,0,1,0,Q1,No_Missed,1,3,3,0.5256295405154124,-0.9635919778331363,-0.5641524782377672,1.216772587209556,2.2183824956859906,1.673838727370988,4.081090446543684,0.01688903901368012,7.62954782408499,-0.5280153708700323,-1.7113763443471905,-0.52801410147247,-1.7113764677202912,0.6438280722382976,10.0,8543.818832916668
CUST100288,218724.17,89219.87,739.3,0,41.0,Male,Secondary,Self-Employed,2019-09-27,2,43,51.6,9.2,4.8,5.1,1,2019,9,27,Friday,1.0,1,0,0,1,0,1,0,0,0,0,Q1,Low,1,1,0,0.23490523713299402,-0.8521014780140908,-0.6397828473909967,1.1443299444019892,-0.2701250549031688,1.291801999470124,3.9627161197436642,0.019011406844106463,7.183313998427188,-0.7605899904022799,-1.2837797928736194,-0.7605879356541485,-1.283779573931542,0.40791042892058976,7.166666666666667,9405.13931
CUST100289,1097931.25,619768.88,674.5,0,31.0,Male,Primary,Salaried,2021-10-31,2,58,24.85,8.7,5.0,4.6,0,2021,10,31,Sunday,0.0,1,0,0,0,1,0,1,0,0,0,Q4,Low,0,3,3,-0.734175774141734,1.4492797463601996,1.0197968844242373,0.3060650776287222,1.9256169014990308,-0.2542619145008468,3.2523106009544382,0.03868471953578336,4.984977432245807,1.2390122272726523,1.460155642139172,1.239011162186364,1.4601554443541478,0.5644878766316197,9.666666666666666,22736.326302083333
CUST100290,395494.03,303847.83,692.8,1,36.0,Male,Graduate,Salaried,2019-11-22,2,48,1.89,8.9,5.4,4.8,0,2019,11,22,Friday,2.0,1,0,1,0,0,0,1,0,0,0,Q2,Low,0,2,1,-0.24963526850436998,-0.38939497110189447,0.03158248471442147,0.5427972853748759,0.46178893056423104,-1.5812760253335005,1.0612565021243408,0.34602076124567477,1.374772708486752,0.47109289395670834,-0.19001147537596544,0.47109137568710024,-0.190011346792902,0.7682741254020952,8.0,622.9030972500001
CUST100291,848596.58,235002.65,735.0,0,33.0,Male,Post-Graduate,Salaried,2023-02-09,0,53,44.7,8.9,5.4,4.8,1,2023,2,9,Thursday,3.0,1,0,1,0,0,0,1,0,0,0,Q4,No_Missed,1,3,1,-0.5403595718867884,0.7966301701948669,-0.18376814870052272,1.0887043436747514,1.1937029160316308,0.8930042048383596,3.822098297900159,0.02188183807439825,6.685805860178712,0.20379688077924538,1.0698685643997081,0.2037958381556173,1.0698683044745438,0.2769309416731328,8.833333333333334,31610.222605000003
CUST100292,811400.7,270128.17,674.7,0,32.0,Male,Secondary,Unemployed,2020-11-23,1,40,25.32,8.9,5.4,4.8,0,2020,11,23,Monday,1.0,1,0,1,0,0,0,0,0,1,0,Q4,Low,0,0,0,-0.6372676730142611,0.699267555853682,-0.07389403723724691,0.30865231487185013,-0.7092734461836087,-0.22709742704042232,3.2703291064571163,0.037993920972644375,5.03189825016365,0.3481045917042689,1.000235931755616,0.34810325758558536,1.0002356742772385,0.3329158700503956,6.666666666666667,17120.554769999995
CUST100293,864195.58,239728.38,752.4,0,47.0,Male,Graduate,Self-Employed,2023-05-10,1,44,5.93,9.5,6.1,5.6,0,2023,5,10,Wednesday,2.0,1,1,0,0,0,0,1,0,0,0,Q4,Low,1,1,0,0.8163538438978308,0.8374615585397088,-0.16898586548406505,1.3137939838268322,-0.12374225780968881,-1.347777026737511,1.9358598132018119,0.14430014430014432,2.435159132377184,0.2243341087895951,1.0980187185108454,0.22433302002919467,1.0980184586529094,0.2774006087834886,7.333333333333333,4270.566491166666
CUST100294,348605.28,118541.08,703.8,0,42.0,Female,Graduate,Salaried,2019-08-05,0,52,33.04,8.9,5.4,4.8,0,2019,8,5,Monday,2.0,0,0,1,0,0,0,0,1,0,0,Q2,No_Missed,1,3,1,0.33181333826046683,-0.5121292976775859,-0.5480648629802856,0.6850953337468813,1.047320118938151,0.21909372869250823,3.5275363037051735,0.02937720329024677,5.748043145279966,-0.48455599321934784,-0.4140995151746975,-0.48455487807295783,-0.41409930380697785,0.34004384557801304,8.666666666666666,9598.265376
CUST100295,515635.24,255082.14,638.2,0,30.0,Male,Secondary,Salaried,2024-01-28,0,45,17.14,8.7,5.0,4.6,0,2024,1,28,Sunday,1.0,1,0,0,0,1,0,0,0,1,0,Q3,No_Missed,0,1,0,-0.8310838752692068,-0.07491760705745497,-0.12095865513613606,-0.1635184819988948,0.022640539283791155,-0.6998751024154706,2.8981194446869907,0.05512679162072767,4.1400483088968905,0.28855848983994964,0.26597510653919,0.28855726658996167,0.26597504447698345,0.4946949320221016,7.5,7364.990011333333
CUST100296,477013.03,260094.6,684.8,0,48.0,Female,Graduate,Unemployed,2021-10-21,0,42,59.23,9.2,4.8,5.1,0,2021,10,21,Thursday,2.0,0,0,0,1,0,0,0,0,0,1,Q3,No_Missed,0,1,0,0.9132619450253036,-0.17601373214534766,-0.10527946835839695,0.4393077956497811,-0.41650785199664875,1.7327914448382922,4.09817056705563,0.016603021749958494,7.6961029099148615,0.30874976951696587,0.1342195757102183,0.3087485071476184,0.13421956828488665,0.5452568035720115,7.0,23544.568139083334
CUST100297,129109.2296,49402.74,700.8599999999999,0,39.0,Female,Secondary,Salaried,2020-02-23,2,38,33.67,9.2,4.8,5.1,0,2020,2,23,Sunday,1.0,0,0,0,1,0,0,1,0,0,0,Q1,Low,1,0,2,0.041089034878048415,-1.0866743630049407,-0.7643325132683344,0.6470629462729082,-1.0020390403705686,0.2555057012458434,3.545874759696932,0.028843380444188056,5.8025856305616035,-1.3170634583498622,-2.3520202021613557,-1.3170605215244553,-2.35202156682591,0.38264297721438806,6.333333333333333,3622.5898005266667
CUST100298,205310.13,110459.05,572.8,1,47.0,Female,Graduate,Salaried,2018-06-30,3,39,29.93,8.9,5.4,4.8,0,2018,6,30,Saturday,2.0,0,0,1,0,0,0,0,0,0,1,Q1,Medium,0,0,0,0.8163538438978308,-0.8872135926697254,-0.5733457944816425,-1.0095450605015457,-0.8556562432770887,0.03934573719906082,3.4317265866969784,0.032331070158422244,5.470831746635972,-0.5536791096047861,-1.4071436679798297,-0.5536777496639765,-1.407143516505969,0.538010715788841,6.5,5120.776825750001
CUST100299,742842.95,697782.67,558.7,0,45.0,Male,Primary,Self-Employed,2018-01-19,5,30,41.98,9.2,4.8,5.1,0,2018,1,19,Friday,0.0,1,0,0,1,0,0,0,0,1,0,Q4,Medium,0,0,2,0.6225376416428852,0.5198132245312518,1.2638273175148393,-1.191945286142024,-2.173101417118408,0.7357969582588811,3.7607348912143643,0.02326663564448581,6.479197481170025,1.3705929334827385,0.8615671408313611,1.3705922544977214,0.8615668985507947,0.9393407718280157,5.0,25987.12253416666
CUST100300,279866.41,62511.67,633.5,0,29.0,Female,Graduate,Unemployed,2021-06-03,2,44,40.2,9.5,6.1,5.6,0,2021,6,3,Thursday,2.0,0,1,0,0,0,1,0,0,0,0,Q1,Low,0,1,0,-0.9279919763966795,-0.6920577222788815,-0.7233272260587991,-0.22431855721238855,-0.12374225780968881,0.6329186866002524,3.7184382563554808,0.024271844660194174,6.340346993658944,-1.0983274526395588,-0.8154835375526615,-1.0983245943073698,-0.8154832394915943,0.22336253214524746,7.333333333333333,9375.524735
CUST100301,592088.17,44527.61,675.0,0,32.0,Male,Graduate,Salaried,2022-06-05,2,38,20.56,9.5,6.1,5.6,0,2022,6,5,Sunday,2.0,1,1,0,0,0,0,0,1,0,0,Q3,Low,0,0,2,-0.6372676730142611,0.12520286700697367,-0.7795821260005577,0.31253317073654063,-1.0020390403705686,-0.5022101085545092,3.070839746040796,0.0463821892393321,4.534313619501853,-1.4124567494145177,0.49578477138543037,-1.4124539483539293,0.49578462288078445,0.07520435681057434,6.333333333333333,10144.443979333333
CUST100302,511279.79,257217.42,794.1,0,46.0,Male,Primary,Salaried,2024-02-01,1,47,42.25,9.5,6.1,5.6,0,2024,2,1,Thursday,0.0,1,1,0,0,0,1,0,0,0,0,Q3,Low,1,2,1,0.719445742770358,-0.08631827827782439,-0.11427940902888117,1.8532329490188895,0.3154061334707511,0.7514020893531678,3.7669972333778885,0.023121387283236993,6.5,0.2972044930452551,0.25170253744727666,0.29720325285513643,0.2517024811804735,0.5030854436863229,7.833333333333333,18001.309272916664
CUST100303,863274.52,56519.22,683.3,0,45.0,Male,Secondary,Unemployed,2021-05-30,2,63,6.46,9.5,6.1,5.6,0,2021,5,30,Sunday,1.0,1,1,0,0,0,0,0,1,0,0,Q4,Low,0,3,3,0.6225376416428852,0.8350506245985012,-0.7420718629848319,0.41990351632632583,2.6575308869664305,-1.317144732367245,2.0095554142156695,0.13404825737265416,2.541653005427767,-1.1924398951519815,1.096373077888539,-1.1924369457053212,1.0963728180094776,0.06547073809151693,10.5,4647.294499333334
CUST100304,208963.46,127405.13,665.3,0,38.0,Female,Post-Graduate,Salaried,2022-06-27,1,44,11.37,8.7,5.0,4.6,0,2022,6,27,Monday,3.0,0,0,0,0,1,0,0,0,0,1,Q1,Low,0,1,0,-0.05581906624942438,-0.8776507658230135,-0.5203377398596585,0.1870521644448626,-0.12374225780968881,-1.033362533578555,2.5152741864043966,0.08084074373484236,3.371943060017473,-0.4136041747566341,-1.3726338107959197,-0.413603312371555,-1.3726336381273891,0.6097005189328316,7.333333333333333,1979.9287834999998
CUST100305,499743.31,164300.75,642.0,0,39.0,Male,Secondary,Salaried,2018-02-23,1,50,23.04,8.7,5.0,4.6,1,2018,2,23,Friday,1.0,1,0,0,0,1,0,0,1,0,0,Q3,Low,0,3,1,0.041089034878048415,-0.11651575856582373,-0.40492668076682037,-0.11436097437947534,0.754554524751191,-0.3588740896143967,3.179719109667007,0.0415973377703827,4.8,-0.16041811557466007,0.21320240728603718,-0.1604181276728757,0.21320236682377763,0.32877028408844533,8.333333333333334,9595.071552
CUST100306,479182.11,101834.63,621.4,0,52.0,Male,Graduate,Self-Employed,2021-11-27,1,36,10.87,9.5,6.1,5.6,1,2021,11,27,Saturday,2.0,1,1,0,0,0,1,0,0,0,0,Q3,Low,0,0,2,1.3008943495351948,-0.17033602538010448,-0.6003233448321029,-0.38084641042159467,-1.2948046345575286,-1.0622609244939,2.4740142086215764,0.08424599831508003,3.2969683043669074,-0.6328238271406512,0.14194426117392317,-0.6328221923355217,0.14194425048954168,0.21251759586767546,6.0,4340.59127975
CUST100307,286537.33,279802.56,660.5,0,31.0,Other,Post-Graduate,Self-Employed,2024-07-24,1,50,20.59,8.9,5.4,4.8,0,2024,7,24,Wednesday,3.0,2,0,1,0,0,1,0,0,0,0,Q1,Low,0,3,1,-0.734175774141734,-0.6745961590288414,-0.04363213634014411,0.12495847060980633,0.754554524751191,-0.5004762050995883,3.072230244526716,0.04631773969430292,4.537620521815371,0.38478616915859454,-0.7717278052533051,0.3847847736502775,-0.7717275112252173,0.9764960118808952,8.333333333333334,4916.503020583334
CUST100308,285432.82,125418.34,627.9,0,44.0,Female,Graduate,Salaried,2019-03-19,1,36,17.26,8.9,5.4,4.8,0,2019,3,19,Tuesday,2.0,0,0,1,0,0,1,0,0,0,0,Q1,Low,0,0,2,0.5256295405154124,-0.677487285174156,-0.5265525029696174,-0.2967612000199552,-1.2948046345575286,-0.6929394885957877,2.9047128751668225,0.054764512595837894,4.154515615568198,-0.4290996744492883,-0.7788899157274322,-0.42909875687657034,-0.7788896209311484,0.43939705321903766,6.0,4105.4753943333335
CUST100309,501377.45,311383.46,624.0,0,36.0,Male,Graduate,Unemployed,2019-08-03,1,52,11.43,8.9,5.4,4.8,0,2019,8,3,Saturday,2.0,1,0,1,0,0,0,0,1,0,0,Q3,Low,0,3,1,-0.24963526850436998,-0.11223829174424282,0.055154253917155144,-0.3472123262609386,1.047320118938151,-1.0298947266687133,2.5201129055226197,0.08045052292839903,3.380828300875393,0.4968377980292066,0.21871860607605603,0.496836249220532,0.21871856333517511,0.6210559729002572,8.666666666666666,4775.6202112500005
CUST100310,625507.5,331070.82,715.7,0,36.0,Male,Graduate,Self-Employed,2018-10-09,2,40,53.81,9.5,6.1,5.6,0,2018,10,9,Tuesday,2.0,1,1,0,0,0,0,0,0,1,0,Q3,Low,1,0,0,-0.24963526850436998,0.21268011820605223,0.11673714826455943,0.8390359497129609,-0.7092734461836087,1.41953288731595,4.003872659058025,0.018244845831052726,7.335529974037323,0.5614638432450539,0.585597629130443,0.5614622305077605,0.5855974516187195,0.5292835337705784,6.666666666666667,28048.7988125
CUST100311,458161.93,128904.75,577.4,0,50.0,Female,Post-Graduate,Salaried,2024-08-04,3,37,13.33,9.2,4.8,5.1,0,2024,8,4,Sunday,3.0,0,0,0,1,0,1,0,0,0,0,Q3,Medium,0,0,2,1.1070781472802491,-0.22535770194004298,-0.5156468651044219,-0.950038603909616,-1.1484218374640485,-0.9200808411904013,2.6623552418400807,0.06978367062107467,3.651027252705737,-0.4020560796771923,0.06531096509139221,-0.40205525838302547,0.06531098689683058,0.2813519447152669,6.166666666666667,5089.415439083334
CUST100312,466070.8,80291.36,630.0,0,39.0,Male,Secondary,Unemployed,2020-04-02,0,32,48.08,9.2,4.8,5.1,0,2020,4,2,Thursday,1.0,1,0,0,1,0,0,1,0,0,0,Q3,No_Missed,0,0,2,0.041089034878048415,-0.2046557247402949,-0.6677116041166188,-0.26959520896711753,-1.8803358229314484,1.0883573274260931,3.8934516198427107,0.020374898125509373,6.9339743293438865,-0.8615938887850472,0.09461661892251043,-0.8615915355247574,0.09461662826974387,0.17227288214580275,5.333333333333333,18673.903386666665
CUST100313,336323.27,124862.36,595.0,0,47.0,Male,Secondary,Salaried,2022-07-28,2,48,24.58,8.7,5.0,4.6,0,2022,7,28,Thursday,1.0,1,0,0,0,1,0,0,1,0,0,Q2,Low,0,2,1,0.8163538438978308,-0.5442782508133788,-0.5282916319132275,-0.7223617265144072,0.46178893056423104,-0.2698670455951334,3.2418107961506966,0.03909304143862393,4.957822102496216,-0.4334767120176979,-0.47865269434388225,-0.43347577884890126,-0.47865246263459355,0.37125697546886954,8.0,6889.021647166666
CUST100314,348815.29,58182.35,659.4,0,52.0,Male,Secondary,Salaried,2019-10-03,1,39,53.26,8.7,5.0,4.6,0,2019,10,3,Thursday,1.0,1,0,0,0,1,0,0,0,1,0,Q2,Low,0,0,0,1.3008943495351948,-0.5115795829608542,-0.7368695220373408,0.1107286657726055,-0.8556562432770887,1.38774465730907,3.9937873072307855,0.018429782528566165,7.297944916207576,-1.1654250578060903,-0.41301888959327027,-1.1654221265561366,-0.41301867858201385,0.16679988425966075,6.5,15481.58528783333
CUST100315,286112.77,367805.5,718.3,0,38.0,Female,Post-Graduate,Self-Employed,2020-10-28,0,36,4.58,8.7,5.0,4.6,0,2020,10,28,Wednesday,3.0,0,0,0,0,1,0,1,0,0,0,Q1,No_Missed,1,0,2,-0.05581906624942438,-0.6757074722050506,0.23164478023378773,0.8726700338736155,-1.2948046345575286,-1.4258026822089434,1.7191887763932197,0.17921146953405018,2.1400934559032696,0.6730471971182062,-0.7744770165582209,0.6730455183481788,-0.774476722230341,1.285526332851204,6.0,1091.9970721666668
CUST100316,332624.36,187829.21,678.0,0,46.0,Female,Graduate,Salaried,2023-07-10,2,43,22.74,9.2,4.8,5.1,0,2023,7,10,Monday,2.0,0,0,0,1,0,1,0,0,0,0,Q2,Low,0,1,0,0.719445742770358,-0.5539603862491516,-0.33132866323998444,0.35134172938345115,-0.2701250549031688,-0.3762131241636039,3.167161389181522,0.04212299915754002,4.768647607026545,-0.02531570898149528,-0.4986341003237699,-0.02531614487118985,-0.4986338627222874,0.5646886776422508,7.166666666666667,6303.231621999999
CUST100317,613583.46,52453.17,632.3,0,35.0,Female,Primary,Salaried,2019-07-17,2,47,17.93,9.5,6.1,5.6,0,2019,7,17,Wednesday,0.0,0,1,0,0,0,0,0,1,0,0,Q3,Low,0,2,1,-0.3465433696318428,0.1814681746276542,-0.7547906392738449,-0.23984198067115337,0.3154061334707511,-0.6542156447692251,2.9407479652212314,0.05282620179609086,4.2343830719480255,-1.2617277538754048,0.5542084444925759,-1.2617247905751265,0.5542082767456326,0.08548661008561086,7.833333333333333,9167.959531499999
CUST100318,652471.73,216587.73,725.2,0,42.0,Female,Post-Graduate,Salaried,2024-12-13,0,47,46.44,8.9,5.4,4.8,0,2024,12,13,Friday,3.0,0,0,1,0,0,0,1,0,0,0,Q3,No_Missed,1,2,1,0.33181333826046683,0.2832607289214595,-0.24137079693654329,0.9619297187615109,0.3154061334707511,0.9935706052237608,3.85946575468947,0.021079258010118045,6.814690014960328,0.11993002866537691,0.6540767028663951,0.11992918934521377,0.6540765055783117,0.33194960032981047,7.833333333333333,25250.655950999997
CUST100319,219315.89,68215.31,720.6,0,39.0,Male,Secondary,Salaried,2018-12-07,0,34,20.09,8.9,5.4,4.8,0,2018,12,7,Friday,1.0,1,0,1,0,0,0,0,0,1,0,Q1,No_Missed,1,0,2,0.041089034878048415,-0.8505526127591764,-0.705485999021978,0.9024232621695811,-1.5875702287444884,-0.5293745960149336,3.0487989944906833,0.0474158368895211,4.4821869662029945,-1.0162299298726953,-1.2785425412980311,-1.0162272080729808,-1.2785423199875983,0.3110367880776901,5.666666666666667,3671.713525083334
CUST100320,270211.38,365592.91,849.0,0,39.0,Male,Primary,Self-Employed,2019-04-17,3,41,33.06,8.9,5.4,4.8,0,2019,4,17,Wednesday,0.0,1,0,1,0,0,0,1,0,0,0,Q1,Medium,1,1,0,0.041089034878048415,-0.7173303858734131,0.22472370517831433,2.563429572257352,-0.5628906490901286,0.2202496643291222,3.5281236752345424,0.02935995302407516,5.749782604586021,0.6666257848825107,-0.881014567528001,0.6666241083492765,-0.8810142665168732,1.3529885750925812,6.833333333333333,7444.3235190000005
CUST100321,299323.76,78195.88,777.4,0,45.0,Male,Graduate,Self-Employed,2022-09-07,1,46,38.63,9.2,4.8,5.1,0,2022,9,7,Wednesday,2.0,1,0,0,1,0,1,0,0,0,0,Q1,Low,1,2,1,0.6225376416428852,-0.6411268540173575,-0.6742663541413604,1.6371986392177535,0.16902333637727113,0.5421777391260683,3.679586407202344,0.025233409033560434,6.215303693304134,-0.8868062101088618,-0.6910872111118251,-0.8868037885407067,-0.6910869284895134,0.26124180719900086,7.666666666666667,9635.730707333334
CUST100322,427102.68,220918.67,683.6,0,29.0,Male,Secondary,Unemployed,2024-04-15,1,53,20.0,9.2,4.8,5.1,0,2024,4,15,Monday,1.0,1,0,0,1,0,0,0,0,1,0,Q2,Low,0,3,1,-0.9279919763966795,-0.3066572915579373,-0.22782343352951728,0.4237843721910178,1.1937029160316308,-0.5345763063796958,3.044522437723423,0.047619047619047616,4.47213595499958,0.1402335888641174,-0.05576487127443177,0.1402326981953899,-0.05576479807734081,0.5172495522622336,8.833333333333334,7118.378000000001
CUST100323,175302.08,130620.04,681.4,0,61.0,Male,Post-Graduate,Salaried,2018-08-23,2,45,30.09,8.7,5.0,4.6,0,2018,8,23,Thursday,3.0,1,0,0,0,1,0,0,1,0,0,Q1,Low,0,1,0,2.17306725968245,-0.965761598504807,-0.5102813654719086,0.39532476251661613,0.022640539283791155,0.048593222291971314,3.4368862240706624,0.0321646831778707,5.485435260760991,-0.38899908983082876,-1.7208615473698523,-0.38899831494161263,-1.7208616820955218,0.7451140340148845,7.5,4395.699656
CUST100324,272829.17,141802.32,553.8,1,27.0,Female,Secondary,Salaried,2021-01-11,1,51,58.24,8.9,5.4,4.8,0,2021,1,11,Monday,1.0,0,0,1,0,0,0,0,1,0,0,Q1,Low,0,3,1,-1.1218081786516252,-0.7104781517497357,-0.47530272090996156,-1.2553325985986459,0.9009373218446709,1.675572630825909,4.081596989399598,0.016880486158001348,7.631513611335565,-0.3075854796577193,-0.8629803487500474,-0.3075849918274273,-0.8629800481664504,0.5197476501504587,8.5,13241.309050666665
CUST100325,206474.08,65548.06,515.3,1,25.0,Male,Graduate,Salaried,2021-01-21,1,52,24.03,9.5,6.1,5.6,0,2021,1,21,Thursday,2.0,1,1,0,0,0,0,0,0,0,1,Q1,Low,0,3,1,-1.3156243809065706,-0.8841668784916386,-0.7138292697778392,-1.7533757679006645,1.047320118938151,-0.301655275602013,3.2200751054436827,0.03995205753096284,4.902040391510457,-1.0537955371760128,-1.3960716078582165,-1.0537927469755892,-1.3960714493814133,0.3174638676196063,8.666666666666666,4134.643452
CUST100326,551427.24,119304.85,655.1,0,51.0,Female,Graduate,Salaried,2023-03-24,0,35,34.69,9.2,4.8,5.1,0,2023,3,24,Friday,2.0,0,0,0,1,0,0,0,0,1,0,Q3,No_Missed,0,0,2,1.203986248407722,0.018770260859628463,-0.5456757581325196,0.05510306504536765,-1.4411874316510085,0.31445841871314745,3.574870537502069,0.02801905295601009,5.8898217290508885,-0.4782518351643877,0.3781857428311163,-0.4782507424567065,0.3781856367219798,0.21635646799022842,5.833333333333333,15940.842462999999
CUST100327,435251.27,139341.33,729.8,0,47.0,Male,Primary,Salaried,2021-11-18,2,41,21.64,8.9,5.4,4.8,0,2021,11,18,Thursday,0.0,1,0,1,0,0,0,0,0,1,0,Q2,Low,1,1,0,0.8163538438978308,-0.28532783180071586,-0.48300080166634635,1.0214361753534393,-0.5628906490901286,-0.43978958417736336,3.119718253334982,0.044169611307420496,4.651881339845203,-0.3249780995937889,-0.02302926756439568,-0.3249775508689858,-0.023029208199784688,0.32013997339973294,6.833333333333333,7849.031235666668
CUST100328,343038.81,315914.27,676.3,0,45.0,Male,Post-Graduate,Self-Employed,2020-04-03,3,45,65.4,9.2,4.8,5.1,0,2020,4,3,Friday,3.0,1,0,0,1,0,0,0,1,0,0,Q2,Medium,0,1,0,0.6225376416428852,-0.5266998918361803,0.06932681913352559,0.32935021281686794,0.022640539283791155,2.089397588733653,4.1956970564823886,0.01506024096385542,8.087026647662292,0.5120399530316768,-0.44302225357261416,0.5120383875348632,-0.4430220328540269,0.9209286552737285,7.5,18695.615145
CUST100329,246519.78,255124.52,619.6,0,45.0,Female,Graduate,Unemployed,2021-07-15,0,45,49.1,8.9,5.4,4.8,0,2021,7,15,Thursday,2.0,0,0,1,0,0,0,0,1,0,0,Q1,No_Missed,0,1,0,0.6225376416428852,-0.7793446765401646,-0.12082608870455552,-0.40413154560974046,0.022640539283791155,1.1473100448933977,3.914021008090819,0.01996007984031936,7.00713921654194,0.2887307439081849,-1.0541116382290956,0.2887295203179519,-1.0541113494810428,1.034904866457369,7.5,10086.767665
CUST100330,345966.4,320404.83,616.9,1,38.0,Male,Secondary,Unemployed,2019-09-24,0,44,32.99,9.5,6.1,5.6,0,2019,9,24,Tuesday,1.0,1,1,0,0,0,0,0,0,1,0,Q2,No_Missed,0,1,0,-0.05581906624942438,-0.5190367362361753,0.08337348064835946,-0.43905924839196053,-0.12374225780968881,0.21620388960097386,3.5260663637080247,0.02942041776993233,5.7436921923097515,0.5269086684384383,-0.427743168618806,0.5269070875954661,-0.4277429527938702,0.9261154551424647,7.333333333333333,9511.192946666668
CUST100331,324298.39,176469.29,656.6,0,28.0,Female,Secondary,Salaried,2019-06-13,2,32,10.47,9.2,4.8,5.1,0,2019,6,13,Thursday,1.0,0,0,0,1,0,1,0,0,0,0,Q2,Low,0,0,2,-1.0249000775241524,-0.5757541495940778,-0.36686297323152034,0.07450734436882292,-1.8803358229314484,-1.0853796372261764,2.4397349311412793,0.08718395815170009,3.2357379374726873,-0.08845449805595088,-0.5445748500369308,-0.08845474097058731,-0.5445745996801706,0.5441571572402811,5.333333333333333,2829.50345275
CUST100332,586349.13,989452.93,651.3,1,39.0,Male,Post-Graduate,Self-Employed,2023-06-04,1,41,31.53,8.9,5.4,4.8,1,2023,6,4,Sunday,3.0,1,0,1,0,0,0,1,0,0,0,Q3,Low,0,1,0,0.041089034878048415,0.11018055974582978,2.176184220921896,0.005945557425946743,-0.5628906490901286,0.1318205881281657,3.48216274048526,0.03074085459575776,5.6151580565465835,1.7647617533133935,0.4797669741103115,1.7647628131816615,0.4797668311078431,1.687480852917783,6.833333333333333,15406.32339075
CUST100333,765558.45,819188.3,505.9,1,31.0,Male,Secondary,Salaried,2023-12-10,1,47,53.31,8.9,5.4,4.8,0,2023,12,10,Sunday,1.0,1,0,1,0,0,0,1,0,0,0,Q4,Low,0,2,1,-0.734175774141734,0.5792725105077412,1.643589260480786,-1.8749759183276506,0.3154061334707511,1.3906344964006048,3.994708372046754,0.018412815319462345,7.301369734508724,1.5504060382604554,0.9091108562415888,1.550406043019607,0.9091106072801556,1.0700532402196072,7.833333333333333,34009.93414125
CUST100334,302582.92,93242.65,793.1,0,49.0,Male,Secondary,Salaried,2023-08-20,0,48,26.61,9.2,4.8,5.1,0,2023,8,20,Sunday,1.0,1,0,0,1,0,0,1,0,0,0,Q2,No_Missed,1,2,1,1.0101700461527763,-0.6325957925622658,-0.6271994214911883,1.8402967628032525,0.46178893056423104,-0.15253957847883165,3.3181780259420632,0.036218761318362915,5.158488150611572,-0.7181173618142842,-0.6711739005642687,-0.7181154423923857,-0.6711736214985382,0.3081556949744553,8.0,6709.776250999999
CUST100335,484492.6,176984.84,745.8,0,36.0,Male,Primary,Self-Employed,2021-09-01,1,41,15.74,8.7,5.0,4.6,0,2021,9,1,Wednesday,0.0,1,0,0,0,1,1,0,0,0,0,Q3,Low,1,1,0,-0.24963526850436998,-0.1564354753774505,-0.36525031103705635,1.2284151548036288,-0.5628906490901286,-0.7807905969784373,2.8178010650613294,0.05973715651135005,3.9673668849754744,-0.08550839378450997,0.1606854904045378,-0.08550864591285302,0.16068547183470525,0.3652993668014744,6.833333333333333,6354.927936666667
CUST100336,743641.81,158300.88,724.3,0,29.0,Male,Secondary,Self-Employed,2021-07-20,0,46,78.91,9.2,4.8,5.1,0,2021,7,20,Tuesday,1.0,1,0,0,1,0,0,0,0,1,0,Q4,No_Missed,1,2,1,-0.9279919763966795,0.5219042920928368,-0.42369452776652783,0.9502871511674366,0.16902333637727113,2.870232111266281,4.380901001386372,0.012514078338130397,8.88313007897554,-0.19774162174371013,0.8632677834012231,-0.1977415101782231,0.8632675408564507,0.21287248494002778,7.666666666666667,48900.646022583336
CUST100337,302531.96,107278.76,752.8,0,34.0,Female,Graduate,Salaried,2021-08-22,0,41,29.76,9.5,6.1,5.6,0,2021,8,22,Sunday,2.0,0,1,0,0,0,0,0,0,1,0,Q2,No_Missed,1,1,0,-0.44345147075931557,-0.6327291836482363,-0.5832938760458596,1.3189684583130867,-0.5628906490901286,0.02952028428784355,3.4262151446374434,0.03250975292587776,5.455272678794342,-0.5821738815943397,-0.6714833355798291,-0.5821724218152714,-0.6714830564567057,0.35460306408618775,6.833333333333333,7502.792608000002
CUST100338,202924.46,142986.97,612.6,0,43.0,Female,Secondary,Salaried,2021-05-18,0,36,14.63,9.5,6.1,5.6,0,2021,5,18,Tuesday,1.0,0,1,0,0,0,0,0,0,1,0,Q1,No_Missed,0,0,2,0.4287214393879396,-0.8934582377259881,-0.47159708562982994,-0.49468484911919836,-1.2948046345575286,-0.8449450248105037,2.749192144433385,0.06397952655150352,3.8249182997810554,-0.2993128444960834,-1.430067861628239,-0.2993123855261796,-1.430067725272932,0.7046315165751827,6.0,2473.9873748333334
CUST100339,164674.79,63251.02,713.7,0,32.0,Male,Secondary,Salaried,2023-06-05,3,42,15.32,8.7,5.0,4.6,0,2023,6,5,Monday,1.0,1,0,0,0,1,0,0,1,0,0,Q1,Medium,1,1,0,-0.6372676730142611,-0.9935792153419922,-0.7210145080033689,0.8131635772816872,-0.41650785199664875,-0.8050652453473273,2.792391349535961,0.061274509803921566,3.9140771581561853,-1.0873021155801714,-1.8473194274990365,-1.0872992727339954,-1.8473197314955894,0.3840965578277039,7.0,2102.3481523333335
CUST100340,890685.62,425064.57,612.5,0,29.0,Female,Secondary,Self-Employed,2022-10-20,0,33,14.63,8.7,5.0,4.6,0,2022,10,20,Thursday,1.0,0,0,0,0,1,1,0,0,0,0,Q4,No_Missed,0,0,2,-0.9279919763966795,0.9068009463536969,0.4107535717751945,-0.4959784677407623,-1.7339530258379685,-0.8449450248105037,2.749192144433385,0.06397952655150352,3.8249182997810554,0.8278642365616641,1.1444913985293022,0.827862563744846,1.1444911401679325,0.47723299945046826,5.5,10858.942183833335
CUST100341,719038.53,75122.01,661.8,0,41.0,Male,Secondary,Salaried,2024-11-16,1,48,23.48,9.5,6.1,5.6,1,2024,11,16,Saturday,1.0,1,1,0,0,0,0,1,0,0,0,Q4,Low,0,2,1,0.23490523713299402,0.4575036202397125,-0.6838815494467572,0.14177551269013364,0.46178893056423104,-0.33344350560889285,3.1978564576441255,0.04084967320261438,4.845616575834287,-0.924948933291227,0.8098896466701857,-0.9249464139540263,0.8098894132795292,0.10447563915663878,8.0,14069.187237000002
CUST100342,519295.77,432688.15,626.1600000000001,0,41.0,Female,Post-Graduate,Unemployed,2023-05-03,1,37,44.38,9.5,6.1,5.6,0,2023,5,3,Wednesday,3.0,0,1,0,0,0,0,0,0,1,0,Q3,Low,0,0,2,0.23490523713299402,-0.06533593374647698,0.43460045229594413,-0.31927016403516195,-1.1484218374640485,0.8745092346525386,3.8150714793516958,0.022036139268400173,6.661831579978587,0.8469961662009634,0.27786215218739596,0.8469945022751605,0.27786208532743084,0.8332210177641154,6.166666666666667,19205.2885605
CUST100343,322600.32,188699.6,638.1,0,32.0,Male,Secondary,Salaried,2023-10-29,1,36,16.39,8.7,5.0,4.6,0,2023,10,29,Sunday,1.0,1,0,0,0,1,0,0,0,1,0,Q2,Low,0,0,2,-0.6372676730142611,-0.5801989573129525,-0.328606046524943,-0.16481210062045876,-1.2948046345575286,-0.7432226887884884,2.855895328366192,0.05750431282346176,4.0484564959994325,-0.020625434354922385,-0.554113318905654,-0.020625884187736223,-0.5541130660458166,0.5849330837613552,6.0,4406.182704000001
CUST100344,220280.19,225141.78,527.6,1,33.0,Male,Post-Graduate,Salaried,2024-12-02,0,40,41.01,9.2,4.8,5.1,0,2024,12,2,Monday,3.0,1,0,0,1,0,0,0,1,0,0,Q1,No_Missed,0,0,0,-0.5403595718867884,-0.8480284953297943,-0.21461336692091837,-1.5942606774483303,-0.7092734461836087,0.6797340798831114,3.7379076851812907,0.023803856224708403,6.4039050586341455,0.15967893826459129,-1.2700428341054202,0.15967799967261542,-1.2700426090337962,1.0220700281763875,6.666666666666667,7528.0754932499985
CUST100345,244088.11,47540.46,549.7,1,41.0,Male,Secondary,Salaried,2020-06-20,2,42,29.76,9.2,4.8,5.1,0,2020,6,20,Saturday,1.0,1,0,0,1,0,0,0,0,1,0,Q1,Low,0,1,0,0.23490523713299402,-0.7857097295625701,-0.7701578038347325,-1.3083709620827557,-0.41650785199664875,0.02952028428784355,3.4262151446374434,0.03250975292587776,5.455272678794342,-1.3524263868426871,-1.0729695886365558,-1.3524234862814193,-1.0729693031646566,0.19476761895530267,7.0,6053.385128
CUST100346,211595.32,79012.43,645.7,0,22.0,Male,Secondary,Salaried,2020-06-09,0,37,43.42,8.9,5.4,4.8,0,2020,6,9,Tuesday,1.0,1,0,1,0,0,1,0,0,0,0,Q1,No_Missed,0,0,2,-1.6063486842889891,-0.8707617025670831,-0.671712151222362,-0.06649708538161843,-1.1484218374640485,0.8190243240950758,3.7936898184662815,0.022512381809995496,6.589385403814228,-0.8769079445925109,-1.348206051576074,-0.876905549508622,-1.348205865015177,0.3734129374884094,6.166666666666667,7656.223995333334
CUST100347,706089.25,86511.29,593.4,0,23.0,Male,Post-Graduate,Salaried,2022-04-20,3,33,39.3,8.7,5.0,4.6,0,2022,4,20,Wednesday,3.0,1,0,0,0,1,0,0,0,1,0,Q4,Medium,0,0,2,-1.5094405831615163,0.42360804485243797,-0.6482554001340508,-0.7430596244594264,-1.7339530258379685,0.5809015829526306,3.696351468952637,0.02481389578163772,6.268971207462991,-0.7902004482893576,0.7809327219113792,-0.7901983023294558,0.7809324942087049,0.12252174919813606,5.5,23124.4229375
CUST100348,1005412.67,406160.44,654.6,0,30.0,Male,Secondary,Self-Employed,2022-12-30,1,38,13.71,8.7,5.0,4.6,0,2022,12,30,Friday,1.0,1,0,0,0,1,0,0,0,1,0,Q4,Low,0,0,2,-0.8310838752692068,1.2071063974856993,0.35162065397821224,0.048634971937549225,-1.0020390403705686,-0.8981180640947389,2.688527534613346,0.06798096532970768,3.702701716314724,0.7790128005103791,1.3286575655286492,0.7790111132268043,1.3286573312456005,0.4039738627920812,6.333333333333333,11486.83975475
CUST100349,451569.32,207720.92,784.0,0,36.0,Male,Graduate,Self-Employed,2023-08-28,1,42,3.9,8.9,5.4,4.8,0,2023,8,28,Monday,2.0,1,0,1,0,0,0,0,0,1,0,Q3,Low,1,1,0,-0.24963526850436998,-0.24261428371554705,-0.26910655345384715,1.722577468240957,-0.41650785199664875,-1.465104493853813,1.589235205116581,0.2040816326530612,1.9748417658131499,0.07715908483401916,0.0404281009834926,0.07715835792081334,0.04042813337999462,0.45999785813615507,7.0,1467.6002899999999
CUST100350,191992.29,77565.55,600.3,0,41.0,Other,Post-Graduate,Unemployed,2021-04-03,0,41,64.53,9.5,6.1,5.6,0,2021,4,3,Saturday,3.0,2,1,0,0,0,1,0,0,0,0,Q1,No_Missed,0,1,0,0.23490523713299402,-0.9220738976222524,-0.6762380530280573,-0.6537999395715325,-0.5628906490901286,2.039114388540952,4.182508053051405,0.015260186174271325,8.03305670339753,-0.8945129407184951,-1.539292927222398,-0.8945104988379567,-1.5392928748400019,0.4040034628473883,6.833333333333333,10324.38539475
CUST100351,581357.58,123946.97,628.8,0,54.0,Male,Primary,Salaried,2022-03-29,0,53,38.01,9.2,4.8,5.1,0,2022,3,29,Tuesday,0.0,1,0,0,1,0,1,0,0,0,0,Q3,No_Missed,0,3,1,1.4947105517901405,0.0971148557588628,-0.5311550105306078,-0.2851186324258823,1.1937029160316308,0.50634373439104,3.663818023518565,0.025634452704434763,6.165225056719341,-0.4407228272673275,0.46568605586716455,-0.44072186827545495,0.4656859177772756,0.2132026385550869,8.833333333333334,18414.501346499997
CUST100352,887125.35,71067.61,703.2,0,47.0,Male,Primary,Self-Employed,2018-07-21,2,39,51.02,8.9,5.4,4.8,0,2018,7,21,Saturday,0.0,1,0,1,0,0,0,0,0,0,1,Q4,Low,1,0,0,0.8163538438978308,0.8974817100576208,-0.6965638840432758,0.6773336220175002,-0.8556562432770887,1.2582798660083236,3.9516282600205055,0.019223375624759707,7.142828571371428,-0.9775375962028022,1.1383398823204207,-0.9775349543475769,1.1383396236600016,0.08010999798393767,6.5,37717.6127975
CUST100353,754957.49,286898.33,596.4,0,36.0,Male,Graduate,Self-Employed,2020-01-11,2,38,56.62,8.7,5.0,4.6,0,2020,1,11,Saturday,2.0,1,0,0,0,1,0,1,0,0,0,Q4,Low,0,0,2,-0.24963526850436998,0.5515238141433502,-0.021436267812140232,-0.7042510658125158,-1.0020390403705686,1.58194184426019,4.053869729656382,0.017355085039916698,7.524626236564844,0.41094960801671176,0.8871306402271947,0.4109481720354867,0.8871303941709942,0.38001918492125963,6.333333333333333,35621.41090316666
CUST100354,435381.49,25410.62,592.8,0,38.0,Male,Secondary,Self-Employed,2021-10-01,2,34,18.78,8.9,5.4,4.8,0,2021,10,1,Friday,1.0,1,0,1,0,0,0,0,0,1,0,Q2,Low,0,0,2,-0.05581906624942438,-0.28498697255395233,-0.8393808788760262,-0.7508213361888089,-1.5875702287444884,-0.6050883802131382,2.984671326194566,0.05055611729019211,4.3335897360040905,-1.9153737634065686,-0.022511946534662083,-1.9153745025386155,-0.022511887389241123,0.058364033804009445,5.666666666666667,6813.720318500001
CUST100355,388883.37,299935.1,614.4,0,27.0,Male,Secondary,Salaried,2021-10-21,1,45,32.34,8.9,5.4,4.8,0,2021,10,21,Thursday,1.0,1,0,1,0,0,0,0,1,0,0,Q2,Low,0,1,0,-1.1218081786516252,-0.4066987999162874,0.01934329986688875,-0.4713997139310526,0.022640539283791155,0.17863598141102513,3.506757877322648,0.029994001199760045,5.686826883245173,0.45749068182947894,-0.21967215387595132,0.4574891808395564,-0.2196720134924899,0.7712726311747401,7.5,10480.4068215
CUST100356,433461.61,146686.83,720.5,0,38.0,Male,Primary,Salaried,2023-06-24,1,48,10.44,9.5,6.1,5.6,0,2023,6,24,Saturday,0.0,1,1,0,0,0,0,0,1,0,0,Q2,Low,1,2,1,-0.05581906624942438,-0.290012382250439,-0.4600237671412064,0.9011296435480172,0.46178893056423104,-1.087113540681097,2.437115985951652,0.08741258741258742,3.2310988842807022,-0.2738795469519351,-0.03015733568524788,-0.2738791762446645,-0.030157273302149595,0.3384078926851215,8.0,3771.116007
CUST100357,867947.89,386483.95,508.5,0,35.0,Male,Primary,Salaried,2022-01-11,1,39,56.5,9.5,6.1,5.6,0,2022,1,11,Tuesday,0.0,1,1,0,0,0,0,0,1,0,0,Q4,Low,0,0,0,-0.3465433696318428,0.8472834719187868,0.2900717614503285,-1.8413418341669945,-0.8556562432770887,1.5750062304405072,4.051784947803305,0.017391304347826087,7.516648189186454,0.7258705970243722,1.1047018230473118,0.7258689072662446,1.1047015632973443,0.44528473938683116,6.5,40865.879820833325
CUST100358,672125.92,266111.21,582.2,0,42.0,Male,Graduate,Salaried,2022-03-17,0,45,35.74,8.9,5.4,4.8,0,2022,3,17,Thursday,2.0,1,0,1,0,0,0,1,0,0,0,Q4,No_Missed,0,1,0,0.33181333826046683,0.3347068385754958,-0.08645925793101931,-0.8879449100745582,0.022640539283791155,0.3751450396353727,3.6038660797869797,0.02721829069134458,5.97829407105405,0.3325143690309411,0.7019438352234729,0.3325130626160876,0.7019436254563284,0.39592463566945907,7.5,20018.150317333337
CUST100359,357837.28,238014.49,772.5,0,29.0,Male,Primary,Salaried,2018-11-15,2,61,6.94,9.5,6.1,5.6,0,2018,11,15,Thursday,0.0,1,1,0,0,0,0,0,0,1,0,Q2,Low,1,3,3,-0.9279919763966795,-0.4879639423856068,-0.1743469858573946,1.5738113267611333,2.3647652927794707,-1.2894022770885136,2.0719132752590443,0.12594458438287154,2.6343879744638983,0.2169296165720123,-0.3672988112636978,0.2169285442747745,-0.36729861577569445,0.6651472702900043,10.166666666666666,2069.4922693333333
CUST100360,352919.97,687590.99,471.25800000000004,0,44.0,Male,Secondary,Unemployed,2024-03-14,1,35,29.18,9.2,4.8,5.1,0,2024,3,14,Thursday,1.0,1,0,0,1,0,0,0,0,1,0,Q2,Low,0,0,2,0.5256295405154124,-0.5008353183854771,1.231947311629715,-2.3231112812097416,-1.4411874316510085,-0.004001849173957047,3.407179453339703,0.03313452617627568,5.401851534427802,1.3542027283759868,-0.3920489551951336,1.3542019960762988,-0.3920487511985873,1.948291534763533,5.833333333333333,8581.8372705
CUST100361,339445.17,248726.43,639.8,0,55.0,Male,Graduate,Salaried,2020-11-23,3,41,45.53,8.9,5.4,4.8,0,2020,11,23,Monday,2.0,1,0,1,0,0,1,0,0,0,0,Q2,Medium,0,1,0,1.591618652917613,-0.5361064762589995,-0.14083958469869512,-0.14282058405387701,-0.5628906490901286,0.9409755337578326,3.8400972658565573,0.02149151085321298,6.747592163134936,0.26242000903186735,-0.4619866890164604,0.2624188386949287,-0.4619864623728294,0.7327440540691741,6.833333333333333,12879.11549175
CUST100362,246336.08,42976.06,772.4,0,37.0,Male,Secondary,Salaried,2023-03-10,0,40,4.84,8.9,5.4,4.8,0,2023,3,10,Friday,1.0,1,0,1,0,0,0,0,1,0,0,Q1,No_Missed,1,0,0,-0.15272716737689718,-0.7798255231353919,-0.7844354399910933,1.5725177081395691,-0.7092734461836087,-1.4107755189329638,1.7647307968401356,0.17123287671232876,2.2,-1.4448577354645329,-1.0555286686034207,-1.4448550095496955,-1.055528380087454,0.1744610858466206,6.666666666666667,993.5555226666665
CUST100363,930531.33,387033.51,802.8,0,42.0,Male,Primary,Salaried,2024-05-02,0,50,68.56,9.5,6.1,5.6,0,2024,5,2,Thursday,0.0,1,1,0,0,0,1,0,0,0,0,Q4,No_Missed,1,3,1,0.33181333826046683,1.011099661584542,0.2917908083625381,1.9657777690949292,0.754554524751191,2.2720354193186347,4.242189689486082,0.01437607820586544,8.280096617793781,0.7273886046770796,1.2114413529279162,0.7273869148001002,1.2114410998724388,0.415927435780158,8.333333333333334,53164.356653999996
CUST100364,286844.9,171247.02,713.9,0,39.0,Female,Graduate,Salaried,2019-12-25,0,39,26.75,8.9,5.4,4.8,0,2019,12,25,Wednesday,2.0,0,0,1,0,0,0,1,0,0,0,Q1,No_Missed,1,0,0,0.041089034878048415,-0.6737910747213074,-0.3831984545588096,0.8157508145248137,-0.8556562432770887,-0.14444802902253492,3.3232358401924436,0.036036036036036036,5.172040216394301,-0.1187559395299847,-0.7697391209026717,-0.11875608656750991,-0.7697388270952487,0.5970021429699464,6.5,6394.250895833335
CUST100365,579344.07,187744.48,743.7,0,39.0,Male,Primary,Salaried,2022-08-28,2,43,18.32,8.7,5.0,4.6,0,2022,8,28,Sunday,0.0,1,0,0,0,1,1,0,0,0,0,Q3,Low,1,1,0,0.041089034878048415,0.09184436349998576,-0.3315937022618774,1.2012491637507927,-0.2701250549031688,-0.6316748998552558,2.961140828784372,0.05175983436853002,4.280186911806539,-0.025773370882798213,0.45996608180976345,-0.025773805408948722,0.4599659457352074,0.32406386760806927,7.166666666666667,8844.652801999999
CUST100366,307495.21,193857.17,574.1,0,40.0,Male,Graduate,Salaried,2019-02-17,1,42,20.22,8.7,5.0,4.6,0,2019,2,17,Sunday,2.0,1,0,0,0,1,0,1,0,0,0,Q2,Low,0,1,0,0.13799713600552121,-0.6197375567360921,-0.31247294953279464,-0.9927280184212169,-0.41650785199664875,-0.521861014376944,3.054944133185837,0.047125353440150806,4.496665431183423,0.006761907767377394,-0.6416279053588088,0.006761377665881706,-0.6416276320757698,0.6304396416451495,7.0,5181.2942885
CUST100367,340280.95,407996.7,580.7,1,38.0,Male,Post-Graduate,Salaried,2021-06-29,1,52,20.08,8.7,5.0,4.6,0,2021,6,29,Tuesday,3.0,1,0,0,0,1,0,0,0,1,0,Q2,Low,0,3,1,-0.05581906624942438,-0.5339187682167627,0.3573645528846357,-0.9073491893980135,1.047320118938151,-0.5299525638332406,3.0483247236731614,0.04743833017077799,4.481071300481616,0.7838495318782873,-0.45755526496213605,0.7838478455027129,-0.45755503968792155,1.1989995325921126,8.666666666666666,5694.034563333333
CUST100368,415553.06,153983.58,787.1,0,39.0,Female,Secondary,Salaried,2019-02-05,1,39,9.58,8.9,5.4,4.8,0,2019,2,5,Tuesday,1.0,0,0,1,0,0,0,0,0,0,1,Q2,Low,1,0,0,0.041089034878048415,-0.3368891666432218,-0.4371992246769338,1.7626796455094316,-0.8556562432770887,-1.1368187730554908,2.3589654264301534,0.0945179584120983,3.095157508108432,-0.22541967268666255,-0.10343287340691848,-0.22541946789910394,-0.10343278024654254,0.3705509472123728,6.5,3317.498595666667
CUST100369,597125.95,345503.23,628.9,0,29.0,Male,Graduate,Self-Employed,2023-01-14,1,55,38.6,8.7,5.0,4.6,0,2023,1,14,Saturday,2.0,1,0,0,0,1,0,0,1,0,0,Q3,Low,0,3,3,-0.9279919763966795,0.13838958099991389,0.16188233686315368,-0.28382501380431835,1.4864685102185908,0.5404438356711475,3.6788291182604347,0.025252525252525252,6.212889826803627,0.6066116288554663,0.509696816746686,0.6066099825179728,0.5096966635399729,0.5786103082607614,9.166666666666666,19207.551391666664
CUST100370,383627.33,325671.76,499.8,1,38.0,Male,Secondary,Self-Employed,2019-12-25,1,51,14.96,9.2,4.8,5.1,0,2019,12,25,Wednesday,1.0,1,0,0,1,0,0,0,1,0,0,Q2,Low,0,3,1,-0.05581906624942438,-0.4204568235329309,0.09984866034361439,-1.9538866542430349,0.9009373218446709,-0.8258720868063758,2.7700855920216627,0.06265664160401002,3.867815921162743,0.5441035056790862,-0.24367768732444328,0.5441019083026731,-0.24367753754374563,0.8489274213075486,8.5,4782.554047333334
CUST100371,236437.02,39156.36,683.5,0,43.0,Male,Secondary,Salaried,2024-05-18,1,47,8.13,9.2,4.8,5.1,0,2024,5,18,Saturday,1.0,1,0,0,1,0,1,0,0,0,0,Q1,Low,0,2,1,0.4287214393879396,-0.8057369509903114,-0.7963836230658572,0.4224907535694538,0.3154061334707511,-1.2206241067099919,2.211565694606877,0.10952902519167579,2.8513154858766505,-1.529501987517821,-1.1337652208554307,-1.5294995366857411,-1.133764948786442,0.16561010623463282,7.833333333333333,1601.8608105
CUST100372,447080.85,137192.58,634.7,0,54.0,Male,Post-Graduate,Salaried,2021-02-09,3,43,14.4,8.9,5.4,4.8,0,2021,2,9,Tuesday,3.0,1,0,1,0,0,0,1,0,0,0,Q2,Medium,0,1,0,1.4947105517901405,-0.25436314336322796,-0.48972218250303473,-0.20879513375362374,-0.2701250549031688,-0.8582382846315625,2.7343675094195836,0.06493506493506493,3.794733192202055,-0.34039877352861275,0.02324334539862503,-0.34039817058971994,0.023243385109119483,0.30686302041342184,7.166666666666667,5364.9702
CUST100373,290201.42,116176.27,656.5,0,49.0,Male,Post-Graduate,Salaried,2020-01-21,1,44,29.7,8.9,5.4,4.8,0,2020,1,21,Tuesday,3.0,1,0,1,0,0,1,0,0,0,0,Q1,Low,0,1,0,1.0101700461527763,-0.6650051671883099,-0.5554620886307378,0.07321372574725894,-0.12374225780968881,0.02605247737800199,3.4242626545931514,0.03257328990228013,5.449770637375485,-0.504317053155193,-0.7481968736148574,-0.5043158677592127,-0.748196582399417,0.4003297778487783,7.333333333333333,7182.485144999999
CUST100374,1034171.38,1287198.35,471.25800000000004,1,62.0,Male,Secondary,Self-Employed,2018-09-25,2,45,32.75,9.5,6.1,5.6,0,2018,9,25,Tuesday,1.0,1,1,0,0,0,1,0,0,0,0,Q4,Low,0,1,0,2.269975360809923,1.2823841753116298,3.107544481631485,-2.3231112812097416,0.022640539283791155,0.20233266196160804,3.518980417318539,0.02962962962962963,5.722761571129799,2.0682669380156287,1.37099580536729,2.0682699459416236,1.3709955809919059,1.2446663820845634,7.5,28224.26057916667
CUST100375,383475.31,79311.65,471.25800000000004,0,30.0,Female,Graduate,Salaried,2024-06-03,0,47,21.22,9.2,4.8,5.1,0,2024,6,3,Monday,2.0,0,0,0,1,0,0,1,0,0,0,Q2,No_Missed,0,2,1,-0.8310838752692068,-0.42085474568538833,-0.6707761784130758,-2.3231112812097416,0.3154061334707511,-0.46406423254625345,3.100992784211484,0.045004500450045004,4.606517122512408,-0.8733045405800366,-0.2443776954839441,-0.8733021552457702,-0.24437754543141288,0.2068233545466069,7.833333333333333,6781.121731833333
CUST100376,306390.85,117723.61,674.2,0,48.0,Male,Post-Graduate,Salaried,2021-09-02,0,47,29.7,8.9,5.4,4.8,0,2021,9,2,Thursday,3.0,1,0,1,0,0,1,0,0,0,0,Q2,No_Missed,0,2,1,0.9132619450253036,-0.6226282902467345,-0.5506219436981764,0.3021842217640317,0.3154061334707511,0.02605247737800199,3.4242626545931514,0.03257328990228013,5.449770637375485,-0.49134530035065277,-0.6482221122591554,-0.49134416105216683,-0.6482218376343114,0.38422691147597915,7.833333333333333,7583.173537499999
CUST100377,1310789.83,245848.21,625.7,0,40.0,Female,Post-Graduate,Self-Employed,2019-07-24,1,35,24.22,9.5,6.1,5.6,0,2019,7,24,Wednesday,3.0,0,1,0,0,0,1,0,0,0,0,Q4,Low,0,0,2,0.13799713600552121,2.0064508049223906,-0.14984277853314454,-0.32522080969435535,-1.4411874316510085,-0.29067388705418196,3.2276373305367736,0.039651070578905635,4.921381919745713,0.2503784981207875,1.7190952251135256,0.25037735300804104,1.7190951520711615,0.18755730657446432,5.833333333333333,26456.108068833335
CUST100378,664233.71,108166.69,613.5,0,62.0,Other,Graduate,Salaried,2023-05-28,0,54,40.04,8.9,5.4,4.8,0,2023,5,28,Sunday,2.0,2,0,1,0,0,0,0,0,1,0,Q4,No_Missed,0,3,3,2.269975360809923,0.3140484700000071,-0.5805163934693288,-0.4830422815251255,1.340085713125111,0.6236712015073417,3.714547200862514,0.02436647173489279,6.32771680782255,-0.5741401324849645,0.6829212516284203,-0.5741387007689374,0.6829210466814929,0.16284432477839766,9.0,22163.26479033333
CUST100379,421701.55,65744.95,681.2,0,29.0,Male,Secondary,Salaried,2019-06-30,0,38,23.77,9.5,6.1,5.6,1,2019,6,30,Sunday,1.0,1,1,0,0,0,0,1,0,0,0,Q2,No_Missed,0,0,2,-0.9279919763966795,-0.3207950976051824,-0.7132133895344719,0.39273752527348965,-1.0020390403705686,-0.31668243887799263,3.209633243501268,0.04037141703673799,4.8754486972995625,-1.050974469885718,-0.07786703561904229,-1.0509716844875243,-0.07786695313457848,0.15590397995928637,6.333333333333333,8353.204869583333
CUST100380,286357.77,85966.59,587.7,0,29.0,Male,Secondary,Salaried,2018-12-31,1,47,39.59,9.2,4.8,5.1,0,2018,12,31,Monday,1.0,1,0,0,1,0,0,0,0,1,0,Q1,Low,0,2,1,-0.9279919763966795,-0.6750661689071157,-0.6499592447608077,-0.8167958858885556,0.3154061334707511,0.5976626496835312,3.7035217308508064,0.024636610002463658,6.292058486695749,-0.7962589334244097,-0.7728899545346928,-0.7962567691517383,-0.7728896603791442,0.3002069404297987,7.833333333333333,9447.420095250001
CUST100381,574238.81,116237.66,628.8,0,31.0,Male,Post-Graduate,Salaried,2019-07-01,1,49,28.34,8.7,5.0,4.6,0,2019,7,1,Monday,3.0,1,0,0,0,1,0,0,1,0,0,Q3,Low,0,2,1,-0.734175774141734,0.07848101625584294,-0.5552700581155247,-0.2851186324258823,0.608171727657711,-0.052551145911737054,3.3789517727148355,0.03408316291751875,5.323532661682466,-0.5037993581075675,0.44535854323253243,-0.503798174549938,0.44535841235503354,0.20242041808354957,8.166666666666666,13561.606562833333
CUST100382,453119.86,53785.7,614.1,0,18.0,Male,Primary,Self-Employed,2018-09-28,0,43,118.02,8.7,5.0,4.6,0,2018,9,28,Friday,0.0,1,0,0,0,1,1,0,0,0,0,Q3,No_Missed,0,1,0,-1.9939810887988803,-0.23855564528460851,-0.7506224291022044,-0.47528056979574307,-0.2701250549031688,5.130664248664586,4.779291546216706,0.008401949252226516,10.86370102681402,-1.238487431471126,0.04631832469518822,-1.2384844672902127,0.04631835458429586,0.11870082233870746,7.166666666666667,44564.338231
CUST100383,721867.26,217590.72,720.8,0,32.0,Male,Graduate,Self-Employed,2020-01-09,1,47,29.83,9.2,4.8,5.1,0,2020,1,9,Thursday,2.0,1,0,0,1,0,0,0,1,0,0,Q4,Low,1,2,1,-0.6372676730142611,0.4649080034150894,-0.23823340181594294,0.9050104994127076,0.3154061334707511,0.033566059015991696,3.428488241898059,0.032435939020434644,5.46168472176855,0.1246653854259968,0.8161342860003294,0.12466453401185497,0.8161340514483961,0.30142760595625295,7.833333333333333,17944.416971500003
CUST100384,307284.11,268030.65,499.7,1,30.0,Female,Secondary,Salaried,2021-06-11,1,56,8.04,9.2,4.8,5.1,0,2021,6,11,Friday,1.0,0,0,0,1,0,0,0,0,1,0,Q2,Low,0,3,3,-0.8310838752692068,-0.6202901245981087,-0.08045516846822787,-1.9551802728645988,1.6328513073120707,-1.2258258170747542,2.201659174404085,0.11061946902654868,2.835489375751565,0.3399909604947231,-0.6428862602145609,0.33998964067525256,-0.6428859866732298,0.8722567854224549,9.333333333333334,2058.803537
CUST100385,695951.82,354840.4,598.2,0,40.0,Female,Secondary,Salaried,2018-02-28,0,43,22.95,9.2,4.8,5.1,1,2018,2,28,Wednesday,1.0,0,0,0,1,0,0,0,1,0,0,Q4,No_Missed,0,1,0,0.13799713600552121,0.39707266815209474,0.19108939934455066,-0.6809659306243687,-0.2701250549031688,-0.36407579997915884,3.175968323856924,0.04175365344467641,4.790615826801393,0.6348967235481977,0.7578279782484115,0.6348950608992562,0.7578277554335248,0.5098634557777291,7.166666666666667,13310.078557499997
CUST100386,129177.33,13941.3458,737.2,0,42.0,Male,Secondary,Unemployed,2021-06-28,2,55,45.99,8.7,5.0,4.6,0,2021,6,28,Monday,1.0,1,0,0,0,1,1,0,0,0,0,Q1,Low,1,3,3,0.33181333826046683,-1.086496105816734,-0.8752572534280234,1.117163953349153,1.4864685102185908,0.9675620533999503,3.849934813114724,0.021281123643328365,6.7815927332743895,-2.431605975716579,-2.350904167088544,-2.4316194723341282,-2.3509055286316354,0.10792409008608553,9.166666666666666,4950.721172250001
CUST100387,406385.29,295486.11,583.0,0,59.0,Male,Post-Graduate,Unemployed,2023-02-14,2,48,26.94,9.2,4.8,5.1,0,2023,2,14,Tuesday,3.0,1,0,0,1,0,0,1,0,0,0,Q2,Low,0,2,1,1.9792510574275044,-0.36088639576856274,0.0054266710693934095,-0.8775959611020493,0.46178893056423104,-0.13346664047470366,3.330059353828816,0.03579098067287043,5.1903757089443925,0.4418226439215687,-0.1423839234780541,0.44182116380589037,-0.14238381422323812,0.7271082818967193,8.0,9123.349760500001
CUST100388,315070.43,176926.12,659.6,0,48.0,Female,Primary,Salaried,2018-03-27,3,39,14.86,8.9,5.4,4.8,0,2018,3,27,Tuesday,0.0,0,0,1,0,0,1,0,0,0,0,Q2,Medium,0,0,0,0.9132619450253036,-0.5999089299255521,-0.3654339896793974,0.11331590301573345,-0.8556562432770887,-0.8316517649894449,2.7638002162067017,0.06305170239596469,3.8548670534792766,-0.08584354624961991,-0.5971276167915036,-0.08584379733079028,-0.5971273533028698,0.5615446679651911,6.5,3901.6221581666664
CUST100389,344456.94,192217.26,783.6,0,32.0,Female,Graduate,Self-Employed,2020-02-02,1,38,21.7,8.9,5.4,4.8,0,2020,2,2,Sunday,2.0,0,0,1,0,0,1,0,0,0,0,Q2,Low,1,0,2,-0.6372676730142611,-0.5229878451182194,-0.3176026573386788,1.7174029937547026,-1.0020390403705686,-0.43632177726752197,3.122364924487357,0.04405286343612335,4.658325879540846,-0.0018721270718968883,-0.4356021253333184,-0.0018726320825629746,-0.4356019069781452,0.5580298657939654,6.333333333333333,6228.929665
CUST100390,418076.18,96463.51,662.7,0,28.0,Female,Primary,Salaried,2019-01-25,0,61,33.12,9.2,4.8,5.1,0,2019,1,25,Friday,0.0,0,0,0,1,0,0,0,0,1,0,Q2,No_Missed,0,3,3,-1.0249000775241524,-0.33028473734899544,-0.6171244352519067,0.15341808028420797,2.3647652927794707,0.22371747123896338,3.5298837226234783,0.02930832356389215,5.754997827975263,-0.6853202773099237,-0.09288854013541294,-0.6853184655277411,-0.09288845136859272,0.23073189675623232,10.166666666666666,11538.902568
CUST100391,827510.44,374209.09,821.2,0,39.0,Male,Secondary,Salaried,2021-04-18,1,39,22.91,9.2,4.8,5.1,0,2021,4,18,Sunday,1.0,1,0,0,1,0,0,0,0,1,0,Q4,Low,1,0,0,0.041089034878048415,0.7414358390817374,0.25167548046043553,2.2038035954626483,-0.8556562432770887,-0.3663876712523864,3.1742967814702334,0.04182350480970305,4.7864391775097275,0.6914317581903313,1.0308419694788813,0.6914300740915654,1.030841710475475,0.45221071772822596,6.5,15798.553483666665
CUST100392,234515.76,113565.78,762.0,0,23.0,Female,Secondary,Self-Employed,2019-12-20,3,47,34.94,8.7,5.0,4.6,0,2019,12,20,Friday,1.0,0,0,0,0,1,0,0,1,0,0,Q1,Medium,1,2,1,-1.5094405831615163,-0.8107659729257823,-0.5636278117071155,1.4379813714969463,0.3154061334707511,0.3289076141708201,3.581850881355413,0.02782415136338342,5.911006682452659,-0.5265694224531772,-1.1493924890413731,-0.5265681581714112,-1.1493922211414782,0.48425649517115604,7.833333333333333,6828.317212
CUST100393,132796.92,34706.23,597.9,0,58.0,Male,Graduate,Salaried,2018-05-29,0,44,21.87,8.9,5.4,4.8,0,2018,5,29,Tuesday,2.0,1,0,1,0,0,1,0,0,0,0,Q1,No_Missed,0,1,0,1.8823429563000316,-1.077021595595623,-0.810303817831545,-0.6848467864890606,-0.12374225780968881,-0.4264963243563045,3.12982600803469,0.043725404459991256,4.676537180435969,-1.6383728665601378,-2.2925539624561257,-1.638370960395632,-2.292555166029017,0.26134815476142065,7.333333333333333,2420.2238670000006
CUST100394,249963.59,366943.2,548.9,1,51.0,Male,Secondary,Unemployed,2019-08-06,2,44,6.68,9.2,4.8,5.1,0,2019,8,6,Tuesday,1.0,1,0,0,1,0,1,0,0,0,0,Q1,Low,0,1,0,1.203986248407722,-0.7703302818035888,0.22894746938074467,-1.318719911055266,-0.12374225780968881,-1.3044294403644932,2.038619547159581,0.13020833333333334,2.584569596664017,0.6705488919900549,-1.027772361504436,0.6705472140672292,-1.0277720688533303,1.46798659756807,7.333333333333333,1391.4639843333334
CUST100395,776335.28,577628.77,601.7,1,33.0,Male,Secondary,Salaried,2018-05-01,0,40,43.91,8.7,5.0,4.6,0,2018,5,1,Tuesday,1.0,1,0,0,0,1,0,0,1,0,0,Q4,No_Missed,0,0,0,-0.5403595718867884,0.6074815579374704,0.8879808389047774,-0.6356892788696397,-0.7092734461836087,0.8473447471921138,3.8046604870996465,0.022266755733689605,6.626462102811725,1.1613928697058198,0.9310948485715068,1.1613916213301818,0.931094597027534,0.7440454979709282,6.666666666666667,28407.401787333332
CUST100396,2036087.8,949175.78,680.4,0,19.0,Male,Primary,Salaried,2024-04-22,0,42,24.04,8.7,5.0,4.6,0,2024,4,22,Monday,0.0,1,0,0,0,1,0,1,0,0,0,Q4,No_Missed,0,1,0,-1.8970729876714074,3.904965009601893,2.0501955930375804,0.3823885763009793,-0.41650785199664875,-0.3010773077837062,3.2204745462318978,0.039936102236421724,4.903060268852505,1.7173381571822874,2.3305547858470534,1.7173389609091756,2.3305553360598616,0.4661762523207496,7.0,40789.62559333334
CUST100397,323006.85,112009.36,677.7,0,53.0,Female,Secondary,Unemployed,2020-02-05,0,58,42.32,9.2,4.8,5.1,0,2020,2,5,Wednesday,1.0,0,0,0,1,0,0,0,0,1,0,Q2,No_Missed,0,3,3,1.3978024506626676,-0.5791348388243424,-0.5684963592635267,0.3474608735187607,1.9256169014990308,0.7554478640813161,3.76861442213279,0.023084025854108955,6.505382386916237,-0.540063680273906,-0.5518244195944065,-0.5400623683056853,-0.5518241673305078,0.34677085021571524,9.666666666666666,11391.37491
CUST100398,702055.37,234100.18,703.2,0,37.0,Male,Post-Graduate,Unemployed,2020-03-10,1,42,53.35,9.2,4.8,5.1,0,2020,3,10,Tuesday,3.0,1,0,0,1,0,1,0,0,0,0,Q4,Low,1,1,0,-0.15272716737689718,0.41304910384234167,-0.18659111301172046,0.6773336220175002,-0.41650785199664875,1.3929463676738323,3.9954446135672184,0.01839926402943882,7.304108432930059,0.19983135247560085,0.7717855231077088,0.1998303189304169,0.7717852973036091,0.3334497391566138,7.0,31212.211657916665
CUST100399,428422.14,107428.6,576.0,1,39.0,Male,Post-Graduate,Salaried,2023-10-08,3,39,20.78,9.2,4.8,5.1,0,2023,10,8,Sunday,3.0,1,0,0,1,0,0,0,0,1,0,Q2,Medium,0,0,0,0.041089034878048415,-0.3032035199273529,-0.5828251701914934,-0.9681492646115073,-0.8556562432770887,-0.48949481655175714,3.0809921175048145,0.04591368227731864,4.558508528016593,-0.5808138513931927,-0.05041497850869003,-0.5808123963598327,-0.050414907566530824,0.2507540810099123,6.5,7418.843391
CUST100400,823063.55,638591.01,587.7,0,20.0,Male,Secondary,Salaried,2020-10-18,0,39,17.55,8.7,5.0,4.6,0,2020,10,18,Sunday,1.0,1,0,0,0,1,1,0,0,0,0,Q4,No_Missed,0,0,0,-1.8001648865439348,0.7297958177651921,1.0786733027547353,-0.8167958858885556,-0.8556562432770887,-0.6761784218648874,2.920469789053444,0.053908355795148244,4.189272013130682,1.2721095880847741,1.0224634520969742,1.2721086111392883,1.0224631934419421,0.775870842537007,6.5,12037.304418750002
CUST100401,144467.16,35395.53,694.7,0,31.0,Male,Graduate,Self-Employed,2022-01-09,2,39,12.07,8.9,5.4,4.8,0,2022,1,9,Sunday,2.0,1,0,1,0,0,0,0,0,1,0,Q1,Low,0,0,0,-0.734175774141734,-1.046473989882596,-0.8081476582919387,0.5673760391845871,-0.8556562432770887,-0.9929047862970714,2.570319527636131,0.07651109410864575,3.4741905532080417,-1.620689919576059,-2.116347156417866,-1.620687908852888,-2.1163479424266454,0.24500744667507826,6.5,1453.098851
CUST100402,370687.62,167256.57,809.3,0,38.0,Male,Post-Graduate,Salaried,2024-09-01,2,41,22.01,8.7,5.0,4.6,0,2024,9,1,Sunday,3.0,1,0,0,0,1,0,0,0,1,0,Q2,Low,1,1,0,-0.05581906624942438,-0.4543273488281188,-0.39568075085189297,2.049862979496569,-0.5628906490901286,-0.41840477490000777,3.1359289040472746,0.0434593654932638,4.69148164229596,-0.14249366876301386,-0.3044484848501138,-0.14249373933862997,-0.30444831198626543,0.4512062474597884,6.833333333333333,6799.0287635
CUST100403,923058.08,287473.13,562.2,1,39.0,Male,Primary,Unemployed,2021-01-14,0,34,35.33,9.5,6.1,5.6,0,2021,1,14,Thursday,0.0,1,1,0,0,0,0,0,0,1,0,Q4,No_Missed,0,0,2,0.041089034878048415,0.9915379478241669,-0.01963826911292981,-1.1466686343872952,-1.5875702287444884,0.35144835908478944,3.5926438462331105,0.027525461051472612,5.943904440685432,0.41304262184867635,1.1991423478921366,0.41304118275066837,1.199142093575861,0.31143558160500584,5.666666666666667,27176.368305333333
CUST100404,238045.02,107239.32,644.2,0,33.0,Female,Graduate,Unemployed,2021-06-04,1,35,17.63,9.2,4.8,5.1,0,2021,6,4,Friday,2.0,0,0,0,1,0,0,0,0,1,0,Q1,Low,0,0,2,-0.5403595718867884,-0.8015279073042735,-0.5834172460331541,-0.0859013647050737,-1.4411874316510085,-0.6715546793184323,2.924773184613497,0.05367686527106817,4.198809355043403,-0.5825321538403572,-1.1207993795402036,-0.5825306928114827,-1.1207991042405228,0.4505001616921035,5.833333333333333,3497.2780854999996
CUST100405,186656.8,299387.48,621.2,0,39.0,Male,Post-Graduate,Salaried,2022-07-08,0,46,49.9,8.9,5.4,4.8,1,2022,7,8,Friday,3.0,1,0,1,0,0,0,0,1,0,0,Q1,No_Missed,0,2,1,0.041089034878048415,-0.9360398867369407,0.017630321356691073,-0.3834336476647212,0.16902333637727113,1.19354747035795,3.929862923556477,0.019646365422396856,7.063993204979744,0.4555738119070937,-1.5952675750001162,0.4555723134153917,-1.5952675736998705,1.603946280017658,7.666666666666667,7761.8119333333325
CUST100406,388625.06,200827.08,661.6,0,26.0,Male,Primary,Salaried,2022-12-21,1,41,40.44,9.2,4.8,5.1,0,2022,12,21,Wednesday,0.0,1,0,0,1,0,0,0,0,1,0,Q2,Low,0,1,0,-1.218716279779098,-0.40737494299746924,-0.29067077640542177,0.13918827544700715,-0.5628906490901286,0.6467899142396178,3.7242465979512276,0.02413127413127413,6.359245238233858,0.04271762395331978,-0.2208430527474693,0.04271699156118488,-0.22084291190233454,0.516763072355653,6.833333333333333,13096.664522
CUST100407,561726.97,252807.17,554.2,1,36.0,Male,Secondary,Salaried,2021-09-07,1,41,35.96,9.2,4.8,5.1,0,2021,9,7,Tuesday,1.0,1,0,0,1,0,0,0,0,0,1,Q3,Low,0,1,0,-0.24963526850436998,0.04573046827529732,-0.12807485746867403,-1.25015812411239,-0.5628906490901286,0.38786033163812456,3.6098362467734835,0.027056277056277056,5.99666574022598,0.2792726342682323,0.4089088913502704,0.2792714295248256,0.4089087737428749,0.45005346636640936,6.833333333333333,16833.08486766667
CUST100408,886965.44,197911.01,657.0,0,39.0,Female,Post-Graduate,Unemployed,2021-09-03,0,28,33.67,8.9,5.4,4.8,0,2021,9,3,Friday,3.0,0,0,1,0,0,0,0,1,0,0,Q4,No_Missed,0,0,2,0.041089034878048415,0.8970631353214054,-0.2997923666399496,0.07968181885507736,-2.465867011305368,0.2555057012458434,3.545874759696932,0.028843380444188056,5.8025856305616035,0.0278176358567794,1.1380629108237743,0.027817045416805367,1.1380626521506296,0.22313271867729145,4.666666666666667,24886.77197066667
CUST100409,560402.12,553799.26,747.7,1,44.0,Female,Graduate,Salaried,2024-09-12,2,49,6.94,9.5,6.1,5.6,0,2024,9,12,Thursday,2.0,0,1,0,0,0,0,1,0,0,0,Q3,Low,1,2,1,0.5256295405154124,0.04226258797215847,0.8134411242512933,1.25299390861334,0.608171727657711,-1.2894022770885136,2.0719132752590443,0.12594458438287154,2.6343879744638983,1.1151408113336347,0.40499396092304873,1.1151394692115042,0.40499384476548356,0.9882176391481174,8.166666666666666,3240.992260666667
CUST100410,319595.92,259108.98,520.1,1,46.0,Female,Primary,Salaried,2022-09-29,3,44,6.32,8.7,5.0,4.6,0,2022,9,29,Thursday,0.0,0,0,0,0,1,0,1,0,0,0,Q2,Medium,0,1,0,0.719445742770358,-0.5880631680407711,-0.10836252938469446,-1.6912820740656067,-0.12374225780968881,-1.3252362818235417,1.9906103279732201,0.13661202185792348,2.513961017995307,0.3048081748718669,-0.571134070490753,0.3048069200175742,-0.5711338132940683,0.8107393235808518,7.333333333333333,1683.2051786666668
CUST100411,602675.7,338439.46,729.7,0,26.0,Male,Secondary,Salaried,2020-06-17,2,37,16.28,9.5,6.1,5.6,0,2020,6,17,Wednesday,1.0,1,1,0,0,0,0,0,1,0,0,Q3,Low,1,0,2,-1.218716279779098,0.15291640948037974,0.13978656568792439,1.0201425567318767,-1.1484218374640485,-0.7495803347898644,2.8495497633759097,0.057870370370370364,4.034848200366403,0.5847379235637201,0.5248651071122615,0.5847362923526459,0.5248649488627355,0.5615614832321928,6.166666666666667,8176.30033
CUST100412,307432.27,194115.1,554.4,1,21.0,Male,Secondary,Self-Employed,2024-05-29,3,47,64.02,9.5,6.1,5.6,0,2024,5,29,Wednesday,1.0,1,1,0,0,0,0,0,0,1,0,Q2,Medium,0,2,1,-1.703256785416462,-0.6199023062445493,-0.31166613358901013,-1.2475708868692634,0.3154061334707511,2.0096380298072996,4.174694914875759,0.015379883112888343,8.001249902359005,0.008113720727144532,-0.6420029816129204,0.008113186715395676,-0.6420027082527876,0.631407691847053,7.833333333333333,16401.5116045
CUST100413,514191.87,137698.15,670.7,0,52.0,Male,Graduate,Salaried,2019-04-30,0,42,53.54,8.9,5.4,4.8,0,2019,4,30,Tuesday,2.0,1,0,1,0,0,0,0,0,0,1,Q3,No_Missed,0,1,0,1.3008943495351948,-0.07869572110292547,-0.48814073817046716,0.25690757000930275,-0.41650785199664875,1.4039277562216634,3.9989343774174424,0.018335166850018337,7.3171032519706865,-0.33675044573931523,0.26126088866668407,-0.3367498556443441,0.261260828514603,0.2677952687194374,7.0,22941.5272665
CUST100414,222234.05,122840.94,689.1,0,42.0,Female,Graduate,Salaried,2020-03-13,0,44,43.5,9.2,4.8,5.1,0,2020,3,13,Friday,2.0,0,0,0,1,0,0,0,1,0,0,Q1,No_Missed,0,1,0,0.33181333826046683,-0.8429141407922308,-0.5346147191271418,0.49493339637702044,-0.12374225780968881,0.8236480666415309,3.7954891891721947,0.02247191011235955,6.59545297913646,-0.44954458764555844,-1.2529530371816013,-0.44954359721242654,-1.2529528048536236,0.5527548096252577,7.333333333333333,8055.9843125
CUST100415,449549.87,277443.65,561.74,0,30.0,Female,Post-Graduate,Unemployed,2022-09-12,0,50,23.77,8.9,5.4,4.8,0,2022,9,12,Monday,3.0,0,0,1,0,0,0,0,0,1,0,Q2,No_Missed,0,3,1,-0.8310838752692068,-0.24790032430744344,-0.051010906541178375,-1.1526192800464885,0.754554524751191,-0.31668243887799263,3.209633243501268,0.04037141703673799,4.8754486972995625,0.3759518946499302,0.032721109732367006,0.3759505134346919,0.03272114540943687,0.6171587815162755,8.333333333333334,8904.833674916666
CUST100416,850952.16,313506.6,623.3,0,55.0,Male,Secondary,Unemployed,2023-03-31,1,47,28.75,9.5,6.1,5.6,0,2023,3,31,Friday,1.0,1,1,0,0,0,0,0,1,0,0,Q4,Low,0,2,1,1.591618652917613,0.8027960527358853,0.06179552559120109,-0.356267656611885,0.3154061334707511,-0.028854465361153943,3.392829131991639,0.03361344537815126,5.361902647381804,0.5039869228204026,1.0741579827422436,0.503985366038641,1.074157722787209,0.36841859594081056,7.833333333333333,20387.395500000002
CUST100417,1271605.45,236898.43,703.0,0,39.0,Female,Graduate,Self-Employed,2022-10-24,2,49,23.29,8.7,5.0,4.6,1,2022,10,24,Monday,2.0,0,0,0,0,1,0,1,0,0,0,Q4,Low,1,2,1,0.041089034878048415,1.9038831636100075,-0.17783806871793884,0.6747463847743723,0.608171727657711,-0.3444248941567241,3.190064743014081,0.04116920543433512,4.825971404805461,0.21208126707266028,1.6752857970560042,0.2120802056599916,1.6752856976606543,0.1862986903681484,8.166666666666666,24679.742442083334
CUST100418,807363.87,83272.04,549.4,0,51.0,Female,Graduate,Salaried,2022-12-15,1,40,20.11,9.5,6.1,5.6,0,2022,12,15,Thursday,2.0,0,1,0,0,0,0,0,0,1,0,Q4,Low,0,0,0,1.203986248407722,0.6887008930283659,-0.6583879110707548,-1.3122518179474476,-0.7092734461836087,-0.5282186603783199,3.0497468618602293,0.047370914258645196,4.484417464955732,-0.8267636640069117,0.9924554398120085,-0.8267614094808179,0.9924551828311632,0.10314065701255618,6.666666666666667,13530.072854749998
CUST100419,2425107.09,1974290.1467000002,723.2,1,39.0,Male,Secondary,Salaried,2024-04-10,1,55,37.87,8.9,5.4,4.8,0,2024,4,10,Wednesday,1.0,1,0,1,0,0,0,0,0,0,1,Q4,Low,1,3,3,0.041089034878048415,4.923248085672454,5.256796667965474,0.9360573463302373,1.4864685102185908,0.4982521849347432,3.660222744864132,0.02572678157962439,6.153860576906174,2.574153438055896,2.5611696001264757,2.5741608916478684,2.561170524357295,0.8141043151624286,9.166666666666666,76532.33791524998
CUST100420,435425.49,123261.93,612.8,0,61.0,Female,Secondary,Salaried,2021-12-14,1,64,15.64,9.2,4.8,5.1,0,2021,12,14,Tuesday,1.0,0,0,0,1,0,0,0,0,1,0,Q2,Low,0,3,3,2.17306725968245,-0.2848717997167722,-0.5332978446101262,-0.49209761187607187,2.8039136840599106,-0.7865702751615063,2.8118094353930627,0.06009615384615384,3.954743986657038,-0.44617808904908546,-0.02233718985870653,-0.44617711061443965,-0.02233713078733874,0.28308386355608167,10.666666666666666,5675.045553
CUST100421,620205.21,534029.16,675.8,0,57.0,Male,Post-Graduate,Salaried,2023-05-07,1,44,8.65,9.5,6.1,5.6,0,2023,5,7,Sunday,3.0,1,1,0,0,0,0,0,1,0,0,Q3,Low,0,1,0,1.7854348551725587,0.19880103223214532,0.7515994156861218,0.3228821197090495,-0.12374225780968881,-1.190569780158033,2.2669579153508947,0.10362694300518134,2.9410882339705484,1.0753437064668296,0.5717266527396675,1.075342292836519,0.5717264794912842,0.8610523603953603,7.333333333333333,4470.64588875
CUST100422,575085.74,107016.95,641.0600000000001,0,35.0,Male,Post-Graduate,Unemployed,2024-05-09,0,47,19.84,9.2,4.8,5.1,0,2024,5,9,Thursday,3.0,1,0,0,1,0,0,0,0,0,1,Q3,No_Missed,0,2,1,-0.3465433696318428,0.08069791014204683,-0.5841128287936681,-0.1265209894221732,0.3154061334707511,-0.5438237914726063,3.0368742168851663,0.04798464491362764,4.454211490264018,-0.5845544505475286,0.4477922950150094,-0.5845529824667915,0.44779216326666954,0.186088686532203,7.833333333333333,9508.084234666667
CUST100423,500722.34,497598.06,772.6,0,49.0,Male,Secondary,Self-Employed,2022-07-29,2,53,33.84,8.7,5.0,4.6,0,2022,7,29,Friday,1.0,1,0,0,0,1,0,0,0,1,0,Q3,Low,1,3,1,1.0101700461527763,-0.11395308441163104,0.6376413947904951,1.5751049453826973,1.1937029160316308,0.2653311541570609,3.5507661519843023,0.028702640642939148,5.817215828899595,0.9982857466953864,0.2165097398867304,0.9982842184124718,0.2165096980577504,0.9937604541471027,8.833333333333334,14120.369988000002
CUST100424,682380.58,242816.23,685.1,0,45.0,Male,Graduate,Salaried,2023-01-23,1,43,45.18,8.7,5.0,4.6,0,2023,1,23,Monday,2.0,1,0,0,0,1,0,0,0,1,0,Q4,Low,0,1,0,0.6225376416428852,0.3615490723599893,-0.15932694014767496,0.44318865151447306,-0.2701250549031688,0.9207466601170909,3.8325468039263493,0.021654395842355997,6.721606950722424,0.23755134714708942,0.7262751107909791,0.23755022948396368,0.7262748951348836,0.35583695831437645,7.166666666666667,25691.628836999997
CUST100425,385982.66,215354.29,702.2,0,53.0,Male,Secondary,Salaried,2019-06-04,3,57,45.11,9.5,6.1,5.6,0,2019,6,4,Tuesday,1.0,1,1,0,0,0,0,0,0,1,0,Q2,Medium,1,3,3,1.3978024506626676,-0.4142915953830331,-0.24522904939923318,0.6643974358018635,1.7792341044055506,0.9167008853889426,3.8310298462186143,0.02168726957276079,6.716397844082794,0.1140786758075453,-0.23287322721141124,0.11407785152975174,-0.23287308164230422,0.5579377322286966,9.5,14509.731493833333
CUST100426,307306.45,141998.33,713.0,0,39.0,Male,Graduate,Unemployed,2021-02-25,0,50,5.92,9.2,4.8,5.1,0,2021,2,25,Thursday,2.0,1,0,0,1,0,0,0,0,1,0,Q2,No_Missed,1,3,1,0.041089034878048415,-0.6202316482075949,-0.47468959334379557,0.8041082469307408,0.754554524751191,-1.348354994555818,1.9344157696295783,0.14450867052023122,2.4331050121192876,-0.3062122862789597,-0.6427530450778761,-0.30621180324408287,-0.6427527715638467,0.4620740306622265,8.333333333333334,1516.0451533333335
CUST100427,191094.33,120490.25,630.7,0,46.0,Male,Graduate,Salaried,2021-10-28,0,37,28.22,8.9,5.4,4.8,0,2021,10,28,Thursday,2.0,1,0,1,0,0,0,0,0,1,0,Q1,No_Missed,0,0,2,0.719445742770358,-0.9244243658239408,-0.5419677768206822,-0.2605398786161711,-1.1484218374640485,-0.05948675973141997,3.3748534063225533,0.034223134839151265,5.31224999411737,-0.4685413449795203,-1.548585536340328,-0.46854028685358334,-1.5485854920488065,0.6305276038279106,6.166666666666667,4493.9016605
CUST100428,366400.7,172397.64,673.1,0,50.0,Male,Graduate,Salaried,2024-01-16,1,38,15.92,8.9,5.4,4.8,0,2024,1,16,Tuesday,2.0,1,0,1,0,0,1,0,0,0,0,Q2,Low,0,0,2,1.1070781472802491,-0.46554863835458005,-0.3795992665572689,0.2879544169268309,-1.0020390403705686,-0.7703871762489131,2.8284963541780774,0.05910165484633569,3.9899874686520005,-0.11200667697156233,-0.32512936062498327,-0.11200684553635215,-0.32512918016501924,0.47051667750634757,6.333333333333333,4860.915953333333
CUST100429,726351.1,517500.16,663.2,0,19.0,Male,Post-Graduate,Salaried,2019-10-14,1,54,31.2,9.2,4.8,5.1,0,2019,10,14,Monday,3.0,1,0,0,1,0,1,0,0,0,0,Q4,Low,0,3,3,-1.8970729876714074,0.47664474373922144,0.6998960049358611,0.1598861733920264,1.340085713125111,0.11274765012403773,3.4719664525503626,0.03105590062111801,5.585696017507576,1.0410069455599655,0.8259744684331488,1.0410054769831765,0.8259742320992155,0.7124655831043692,9.0,18885.1286
CUST100430,263843.55,109231.07,701.6,0,25.0,Male,Graduate,Salaried,2024-02-02,2,42,58.07,9.2,4.8,5.1,0,2024,2,2,Friday,2.0,1,0,0,1,0,1,0,0,0,0,Q1,Low,1,1,0,-1.3156243809065706,-0.7339985915047956,-0.5771869678335152,0.656635724072481,-0.41650785199664875,1.6657471779146915,4.078723181319144,0.016929067208396816,7.620367445208925,-0.5645901915576633,-0.9257474066616754,-0.564588793290672,-0.9257471059090063,0.4139993947170587,7.0,12767.829123749998
CUST100431,506699.22,206725.69,657.1,0,18.0,Male,Secondary,Salaried,2023-05-05,5,43,52.74,9.5,6.1,5.6,0,2023,5,5,Friday,1.0,1,1,0,0,0,0,1,0,0,0,Q3,Medium,0,1,0,-1.9939810887988803,-0.0983082156142391,-0.2722196749663998,0.08097543747664133,-0.2701250549031688,1.357690330757111,3.984157603187345,0.018608113137327874,7.262231062146123,0.07225306705674503,0.2365384729166752,0.0722523533940592,0.2365384228463702,0.40798501722580116,7.166666666666667,22269.430718999996
CUST100432,417025.65,203493.26,593.5,0,35.0,Male,Graduate,Self-Employed,2018-07-30,3,39,9.54,9.5,6.1,5.6,1,2018,7,30,Monday,2.0,1,1,0,0,0,1,0,0,0,0,Q2,Medium,0,0,0,-0.3465433696318428,-0.3330345673636057,-0.28233085265479374,-0.7417660058378625,-0.8556562432770887,-1.1391306443287184,2.355177543113216,0.09487666034155598,3.0886890422961,0.05616605907908424,-0.09726975343148274,0.05616538936617005,-0.0972696628373998,0.4879634142408267,6.5,3315.3539175
CUST100433,314457.76,106302.08,744.5,0,39.0,Female,Secondary,Unemployed,2024-10-30,2,35,15.2,8.9,5.4,4.8,0,2024,10,30,Wednesday,1.0,0,0,1,0,0,0,0,1,0,0,Q2,Low,1,0,2,0.041089034878048415,-0.6015126331563511,-0.5863489723742258,1.2115981127233015,-1.4411874316510085,-0.8120008591670103,2.785011242238338,0.0617283950617284,3.8987177379235853,-0.5910822125252381,-0.6006801199084165,-0.5910807217148285,-0.6006798555918134,0.33804883682946796,5.833333333333333,3983.1316266666668
CUST100434,159664.15,128891.83,712.9,0,55.0,Female,Secondary,Salaried,2019-08-09,1,50,43.87,9.2,4.8,5.1,0,2019,8,9,Friday,1.0,0,0,0,1,0,0,1,0,0,0,Q1,Low,1,3,1,1.591618652917613,-1.0066948886349085,-0.5156872794106045,0.8028146283091768,0.754554524751191,0.8450328759188862,3.803769419987892,0.022286605749944285,6.6234432133143555,-0.4021550387770129,-1.9102889888359083,-0.40215421713089833,-1.910289390149762,0.8072684444191135,8.333333333333334,5837.0552170833325
CUST100435,936186.59,962076.68,582.9,0,39.0,Female,Secondary,Salaried,2018-06-16,1,50,23.54,8.9,5.4,4.8,0,2018,6,16,Saturday,1.0,0,0,1,0,0,0,1,0,0,0,Q4,Low,0,3,1,0.041089034878048415,1.025902669293437,2.090550153612814,-0.8788895797236134,0.754554524751191,-0.32997569869905147,3.2003044392827653,0.040749796251018745,4.851803788283282,1.7327281674203703,1.2206721059984285,1.7327290528503303,1.2206718539754264,1.0276548396190979,8.333333333333334,18364.860273833332
CUST100436,587983.87,171229.83,662.48,0,56.0,Female,Secondary,Salaried,2024-11-12,2,38,5.96,8.9,5.4,4.8,0,2024,11,12,Tuesday,1.0,0,0,1,0,0,0,0,0,1,0,Q3,Low,0,0,2,1.688526754045086,0.11445959710609946,-0.3832522256055031,0.15057211931676753,-1.0020390403705686,-1.3460431232825902,1.9401794743463283,0.14367816091954022,2.4413111231467406,-0.11885709073750193,0.4843481324875863,-0.11885723745166876,0.4843479879019867,0.29121518248451267,6.333333333333333,2920.3198876666665
CUST100437,1916302.88,1067042.06,604.3,0,23.0,Male,Graduate,Salaried,2021-06-10,1,48,30.38,8.7,5.0,4.6,0,2021,6,10,Thursday,2.0,1,0,0,0,1,0,0,0,0,1,Q4,Low,0,2,1,-1.5094405831615163,3.5914202576065186,2.4188862995803357,-0.602055194708985,0.46178893056423104,0.0653542890228715,3.4461707473048864,0.03186743148502231,5.511805511808268,1.8512729579923413,2.2490048520421815,1.851274518586539,2.2490052893693537,0.5568232825491554,8.0,48514.40124533333
CUST100438,801048.81,244278.73,659.5,0,19.0,Female,Secondary,Self-Employed,2021-04-20,2,33,35.54,8.9,5.4,4.8,0,2021,4,20,Tuesday,1.0,0,0,1,0,0,0,0,1,0,0,Q4,Low,0,0,2,-1.8970729876714074,0.6721708162746654,-0.1547521783216567,0.11202228439416947,-1.7339530258379685,0.36358568326923446,3.5984075509498608,0.02736726874657909,5.961543424315552,0.24375707506539918,0.9801924870212525,0.2437559440479957,0.9801922309135896,0.304948621045951,5.5,23724.3955895
CUST100439,784619.53,501111.59,743.5,0,37.0,Male,Graduate,Salaried,2022-10-05,2,64,13.84,9.2,4.8,5.1,1,2022,10,5,Wednesday,2.0,1,0,0,1,0,1,0,0,0,0,Q4,Low,1,3,3,-0.15272716737689718,0.629166116492234,0.648631865162167,1.1986619265076646,2.8039136840599106,-0.8906044824567493,2.6973262377392344,0.0673854447439353,3.7202150475476548,1.0059417364782015,0.9477535897309383,1.0059402181927815,0.9477533364497122,0.6386682600164184,10.666666666666666,9049.278579333333
CUST100440,169034.05,95044.31,742.7,0,42.0,Male,Graduate,Salaried,2020-11-18,2,41,54.82,8.9,5.4,4.8,0,2020,11,18,Wednesday,2.0,1,0,1,0,0,1,0,0,0,0,Q1,Low,1,1,0,0.33181333826046683,-0.9821685712009489,-0.6215637528474522,1.1883129775351557,-0.5628906490901286,1.4779076369649473,4.022132228108176,0.01791472590469366,7.404052944165108,-0.6996443466344696,-1.794327042904215,-0.6996424875332573,-1.7943272718294707,0.5622790792742646,6.833333333333333,7722.038850833333
CUST100441,167416.59,61577.57,593.6,0,38.0,Female,Secondary,Salaried,2019-12-15,1,43,40.32,8.7,5.0,4.6,0,2019,12,15,Sunday,1.0,0,0,0,0,1,1,0,0,0,0,Q1,Low,0,1,0,-0.05581906624942438,-0.9864023770469807,-0.7262491303471297,-0.7404723872162985,-0.2701250549031688,0.6398543004199351,3.721346644251438,0.02420135527589545,6.3498031465550175,-1.112431313135426,-1.8138013933371635,-1.1124284363791228,-1.813801649141541,0.3678104422028904,7.166666666666667,5625.197424
CUST100442,452829.81,88732.72,691.4,0,18.0,Male,Graduate,Self-Employed,2019-11-19,1,44,10.95,9.5,6.1,5.6,0,2019,11,19,Tuesday,2.0,1,1,0,0,0,0,0,0,1,0,Q3,Low,0,1,0,-1.9939810887988803,-0.23931486986242895,-0.6413066731848734,0.5246866246729847,-0.12374225780968881,-1.0576371819474448,2.4807312783775197,0.08368200836820085,3.3090784215548594,-0.7658534647806647,0.04521826566747362,-0.7658513936191984,0.0452182960248743,0.19595158719784814,7.333333333333333,4132.072016249999
CUST100443,235281.16,138292.32,671.1,0,37.0,Female,Secondary,Salaried,2018-11-26,0,44,26.04,8.9,5.4,4.8,0,2018,11,26,Monday,1.0,0,0,1,0,0,0,0,1,0,0,Q1,No_Missed,0,1,0,-0.15272716737689718,-0.8087624890717441,-0.4862821492924054,0.2620820444955572,-0.12374225780968881,-0.18548374412232524,3.2973172511747633,0.03698224852071006,5.102940328869229,-0.3324786159769179,-1.1431489993421227,-0.3324780409073395,-1.1431487297402003,0.5877747287543125,7.333333333333333,5105.601171999999
CUST100444,2455296.5,272266.83,683.6,0,24.0,Female,Secondary,Self-Employed,2022-10-13,1,40,13.1,9.2,4.8,5.1,0,2022,10,13,Thursday,1.0,0,0,0,1,0,1,0,0,0,0,Q4,Low,0,0,0,-1.4125324820340435,5.002270813001877,-0.06720421834710513,0.4237843721910178,-0.7092734461836087,-0.9333741010114601,2.6461747973841225,0.07092198581560284,3.6193922141707713,0.356317371799524,2.5772351265029108,0.35631602347083463,2.577236079913602,0.1108895931713339,6.666666666666667,26803.653458333334
CUST100445,1775238.43,699971.73,639.9,0,45.0,Female,Graduate,Salaried,2021-04-22,1,35,30.49,9.5,6.1,5.6,0,2021,4,22,Thursday,2.0,0,1,0,0,0,0,0,0,1,0,Q4,Low,0,0,2,0.6225376416428852,3.222174963702965,1.2706747897356003,-0.14152696543231302,-1.4411874316510085,0.07171193502424743,3.4496700351129332,0.031756113051762465,5.52177507691141,1.374084360968722,2.1449843736672225,1.3740836935338663,2.14498468101652,0.3942973057427559,5.833333333333333,45105.84977558333
CUST100446,851225.11,123598.23,617.8,0,42.0,Female,Secondary,Salaried,2023-11-13,1,50,7.72,8.7,5.0,4.6,0,2023,11,13,Monday,1.0,0,0,0,0,1,0,0,0,0,1,Q4,Low,0,3,1,0.33181333826046683,0.8035105169610742,-0.5322458839933125,-0.42741668079788764,0.754554524751191,-1.244320787260575,2.1656192379208883,0.11467889908256883,2.778488797889961,-0.44349648374057876,1.0746541185599487,-0.44349551486337796,1.0746538586023955,0.14520040415631066,8.333333333333334,5476.214874333332
CUST100447,264445.23,95796.47,573.0,0,28.0,Male,Primary,Salaried,2020-02-24,5,47,11.34,8.9,5.4,4.8,0,2020,2,24,Monday,0.0,1,0,1,0,0,0,1,0,0,0,Q1,Medium,0,2,1,-1.0249000775241524,-0.7324236553076467,-0.6192109645704895,-1.0069578232584178,0.3154061334707511,-1.0350964370334754,2.5128460184772416,0.08103727714748785,3.3674916480965473,-0.6920282143851815,-0.9214671190877963,-0.692026380386555,-0.9214668182270992,0.3622544827146249,7.833333333333333,2499.0074234999997
CUST100448,129109.2296,13941.3458,744.8,0,32.0,Male,Graduate,Unemployed,2024-07-28,1,35,19.94,8.7,5.0,4.6,0,2024,7,28,Sunday,2.0,1,0,0,0,1,0,0,0,1,0,Q1,Low,1,0,2,-0.6372676730142611,-1.0866743630049407,-0.8752572534280234,1.2154789685879919,-1.4411874316510085,-0.5380441132895372,3.041661205442391,0.04775549188156638,4.465422712353221,-2.431605975716579,-2.3520202021613557,-2.4316194723341282,-2.35202156682591,0.10798101609925491,5.833333333333333,2145.3650318533337
CUST100449,252466.66,35916.32,590.5,0,26.0,Male,Graduate,Unemployed,2020-07-29,0,48,18.07,8.7,5.0,4.6,0,2020,7,29,Wednesday,2.0,1,0,0,0,1,0,0,1,0,0,Q1,No_Missed,0,2,1,-1.218716279779098,-0.7637783346772136,-0.8065186051559577,-0.780574564484773,0.46178893056423104,-0.6461240953129285,2.9481164196123277,0.05243838489774515,4.250882261366456,-1.6075405666971985,-1.008892323795399,-1.607538482443273,-1.0088920288181276,0.14226163565517919,8.0,3801.727121833333
CUST100450,325638.47,32062.75,767.5,0,37.0,Male,Secondary,Salaried,2021-07-12,2,56,12.67,8.7,5.0,4.6,0,2021,7,12,Monday,1.0,1,0,0,0,1,1,0,0,0,0,Q2,Low,1,3,3,-0.15272716737689718,-0.5722464037838877,-0.8185727350225487,1.509130395682949,1.6328513073120707,-0.958226717198657,2.6152036507358583,0.07315288953913679,3.559494346111537,-1.7093548388220174,-0.5370883259865659,-1.7093534216434503,-0.5370880776302565,0.09846118611231652,9.333333333333334,3438.1995124166665
CUST100451,370758.05,81202.66,626.5,0,49.0,Male,Post-Graduate,Salaried,2022-08-07,1,36,21.99,9.5,6.1,5.6,0,2022,8,7,Sunday,3.0,1,1,0,0,0,0,1,0,0,0,Q2,Low,0,0,2,1.0101700461527763,-0.45414299376169615,-0.6648610191921398,-0.3148718607218465,-1.2948046345575286,-0.4195607105366218,3.1350593387750902,0.04349717268377556,4.689349635077342,-0.8508194154366883,-0.3041110501144119,-0.8508170921977788,-0.3041108773756794,0.21901792826885352,6.0,6794.14126625
CUST100452,218933.77,113064.55,688.8,0,27.0,Female,Graduate,Salaried,2019-09-18,0,38,37.45,9.5,6.1,5.6,0,2019,9,18,Wednesday,2.0,0,1,0,0,0,0,0,1,0,0,Q1,No_Missed,0,0,2,-1.1218081786516252,-0.8515528364987963,-0.565195680336213,0.4910525405123285,-1.0020390403705686,0.47397753656585356,3.649358695951653,0.02600780234070221,6.119640512317697,-0.5308962784653659,-1.281922757454435,-0.5308949988792567,-1.2819225376681207,0.5164326636315631,6.333333333333333,6832.558072083333
CUST100453,823581.53,694247.82,773.1,0,44.0,Female,Post-Graduate,Salaried,2018-05-19,2,51,39.6,9.2,4.8,5.1,0,2018,5,19,Saturday,3.0,0,0,0,1,0,0,1,0,0,0,Q4,Low,1,3,1,0.5256295405154124,0.7311516638152504,1.2527701572818812,1.5815730384905156,0.9009373218446709,0.598240617501838,3.703768066607687,0.02463054187192118,6.29285308902091,1.3649335248581258,1.0234421068134043,1.364932827295086,1.0234418481149705,0.8429618619543349,8.5,27178.190490000005
CUST100454,299148.85,66688.94,615.6,0,32.0,Male,Primary,Salaried,2020-02-01,1,43,19.29,9.5,6.1,5.6,0,2020,2,1,Saturday,0.0,1,1,0,0,0,0,0,1,0,0,Q1,Low,0,1,0,-0.6372676730142611,-0.6415846922207935,-0.7102605489080493,-0.45587629047228784,-0.2701250549031688,-0.5756120214794861,3.0101281538377234,0.04928536224741252,4.3920382511995495,-1.0375568422138322,-0.6921630443797497,-1.0375540804121945,-0.6921627615733071,0.22292895326189624,7.166666666666667,4808.817763749999
CUST100455,632046.17,530030.26,613.42,0,29.0,Male,Graduate,Unemployed,2023-01-08,3,42,32.29,9.2,4.8,5.1,0,2023,1,8,Sunday,2.0,1,0,0,1,0,0,0,0,1,0,Q3,Medium,0,1,0,-0.9279919763966795,0.22979550855343153,0.7390906874358212,-0.48407717642237696,-0.41650785199664875,0.17574614231949037,3.5052570515869337,0.030039050765995796,5.682429058070149,1.0671279429519764,0.6025153976398718,1.0671265156074023,0.6025152150424448,0.8385942121918086,7.0,17007.309024416667
CUST100456,1149530.06,304529.43,689.5,0,37.0,Male,Post-Graduate,Unemployed,2024-04-21,0,40,46.9,9.5,6.1,5.6,1,2024,4,21,Sunday,3.0,1,1,0,0,0,0,0,0,1,0,Q4,No_Missed,0,0,0,-0.15272716737689718,1.584342958696998,0.03371455832851647,0.5001078708632749,-0.7092734461836087,1.0201571248658785,3.8691155044168695,0.020876826722338204,6.848357467305573,0.47344576524150406,1.5279988924019499,0.4734442440628221,1.5279987202653131,0.26491645638218453,6.666666666666667,44927.466511666666
CUST100457,741301.26,554219.69,596.7,1,27.0,Male,Graduate,Salaried,2022-04-05,0,45,20.14,9.2,4.8,5.1,0,2022,4,5,Tuesday,2.0,1,0,0,1,0,0,0,0,1,0,Q4,No_Missed,0,1,0,-1.1218081786516252,0.5157777515459734,0.8147562470646352,-0.700370209947824,0.022640539283791155,-0.5264847569233991,3.051166980442092,0.04730368968779565,4.487761134463375,1.115972728549747,0.8582790964117837,1.1159713880125137,0.8582788546472637,0.7476308484893172,7.5,12441.506147
CUST100458,388148.71,358817.03,667.8,0,32.0,Male,Graduate,Salaried,2019-11-07,1,45,37.43,9.5,6.1,5.6,0,2019,11,7,Thursday,2.0,1,1,0,0,0,0,0,0,1,0,Q2,Low,0,1,0,-0.6372676730142611,-0.40862181983816825,0.2035284660934047,0.21939262998395473,0.022640539283791155,0.4728216009292395,3.6488384045767526,0.026021337496747333,6.118006211176971,0.6467338716890381,-0.22300469180268737,0.6467322033114276,-0.22300455010610915,0.9244318498443548,7.5,12107.005179416668
CUST100459,266001.56,59441.84,709.6,0,25.0,Male,Secondary,Self-Employed,2018-04-02,0,51,19.94,8.7,5.0,4.6,0,2018,4,2,Monday,1.0,1,0,0,0,1,0,0,0,1,0,Q1,No_Missed,1,3,1,-1.3156243809065706,-0.728349861178361,-0.7329297840734079,0.7601252137975758,0.9009373218446709,-0.5380441132895372,3.041661205442391,0.04775549188156638,4.465422712353221,-1.1454395203589085,-0.9104480298361142,-1.1454366068324027,-0.9104477287794034,0.22346425336753664,8.5,4420.059255333334
CUST100460,784619.53,162412.53,786.1,0,60.0,Male,Primary,Self-Employed,2020-12-28,1,39,44.72,8.9,5.4,4.8,1,2020,12,28,Monday,0.0,1,0,1,0,0,0,0,1,0,0,Q4,Low,1,0,0,2.0761591585549772,0.629166116492234,-0.41083311274981127,1.7497434592937946,-0.8556562432770887,0.8941601404749732,3.8225358389266098,0.021872265966754158,6.687301398920195,-0.17202584686016512,0.9477535897309383,-0.17202582076522674,0.9477533364497122,0.20699526813970587,6.5,29240.15448466667
CUST100461,320787.18,172663.96,616.8,0,38.0,Male,Secondary,Salaried,2018-02-06,4,46,11.56,8.7,5.0,4.6,0,2018,2,6,Tuesday,1.0,1,0,0,0,1,0,1,0,0,0,Q2,Medium,0,2,1,-0.05581906624942438,-0.5849449681766979,-0.37876620633880387,-0.4403528670135245,0.16902333637727113,-1.0223811450307234,2.5305171610400525,0.07961783439490445,3.4,-0.1104504674235892,-0.5643630184420549,-0.11045064093829106,-0.5643627629504758,0.5382508116440314,7.666666666666667,3090.249834
CUST100462,1377117.09,256809.77,677.7,0,30.0,Female,Secondary,Salaried,2022-11-23,0,34,29.55,9.2,4.8,5.1,0,2022,11,23,Wednesday,1.0,0,0,0,1,0,0,0,0,1,0,Q4,No_Missed,0,0,2,-0.8310838752692068,2.180066684844777,-0.11555455546195909,0.3474608735187607,-1.5875702287444884,0.017382960103398494,3.4193646856176043,0.03273322422258593,5.4359911699707535,0.2955590278726481,1.7898790085067324,0.2955577908847591,1.7898789828148578,0.18648361266070698,5.666666666666667,33911.50834125
CUST100463,461426.43,397815.01,639.8,0,40.0,Female,Post-Graduate,Salaried,2023-12-28,2,41,12.05,8.7,5.0,4.6,0,2023,12,28,Thursday,3.0,0,0,0,0,1,0,0,0,1,0,Q3,Low,0,1,0,0.13799713600552121,-0.21681266269062077,0.325515796141831,-0.14282058405387701,-0.5628906490901286,-0.9940607219336852,2.5687881337687024,0.07662835249042145,3.4713109915419564,0.7567718728230515,0.07747826152737192,0.75677018283576,0.07747827815719184,0.8621417936549496,6.833333333333333,4633.49040125
CUST100464,443542.12,145809.27,665.5,0,37.0,Male,Secondary,Salaried,2021-04-16,1,50,35.61,9.2,4.8,5.1,0,2021,4,16,Friday,1.0,1,0,0,1,0,0,0,0,1,0,Q2,Low,0,3,1,-0.15272716737689718,-0.26362599732037534,-0.4627688119193538,0.18963940168799057,0.754554524751191,0.36763145799738284,3.600321427132145,0.027314941272876262,5.967411499134277,-0.27985768145089496,0.009552343452564192,-0.27985729006395266,0.009552388986332072,0.3287382718015597,8.333333333333334,13162.112410999998
CUST100465,718639.12,307811.27,602.7,0,36.0,Male,Post-Graduate,Salaried,2023-01-11,0,45,31.72,9.2,4.8,5.1,0,2023,1,11,Wednesday,3.0,1,0,0,1,0,0,1,0,0,0,Q4,No_Missed,0,1,0,-0.24963526850436998,0.45645813881020975,0.04398029258567878,-0.6227530926540029,0.022640539283791155,0.14280197667599676,3.487986511734546,0.03056234718826406,5.632051136131489,0.4847066329562513,0.8090056104246286,0.4847050981827787,0.809005377200276,0.42832523506374104,7.5,18996.02740533333
CUST100466,442396.39,383699.01,636.5,1,45.0,Male,Post-Graduate,Salaried,2023-03-10,3,49,11.83,8.7,5.0,4.6,0,2023,3,10,Friday,3.0,1,0,0,0,1,0,0,0,1,0,Q2,Medium,0,2,1,0.6225376416428852,-0.2666250194736117,0.28136035139921645,-0.185509998565478,0.608171727657711,-1.0067760139364372,2.551786178627545,0.0779423226812159,3.4394767043839676,0.7181470314210668,0.005092306160901831,0.7181453424390187,0.0050923535905618225,0.8673194869424681,8.166666666666666,4361.291078083334
CUST100467,819887.14,980410.47,771.5,0,46.0,Male,Secondary,Self-Employed,2018-05-17,1,45,34.45,8.9,5.4,4.8,0,2018,5,17,Thursday,1.0,1,0,1,0,0,0,1,0,0,0,Q4,Low,1,1,0,0.719445742770358,0.7214813597709334,2.1478990237791287,1.5608751405454964,0.022640539283791155,0.30058719107378207,3.5681232529781366,0.028208744710860365,5.869412236331676,1.7542729487521964,1.0164462953215927,1.7542739508522305,1.0164460369490493,1.1957871055277194,7.5,23537.593310833334
CUST100468,360539.66,180347.74,660.2,0,32.0,Female,Secondary,Salaried,2024-02-16,1,41,42.18,8.7,5.0,4.6,0,2024,2,16,Friday,1.0,0,0,0,0,1,0,1,0,0,0,Q2,Low,0,1,0,-0.6372676730142611,-0.4808902884824507,-0.3547310176731474,0.12107761474511586,-0.5628906490901286,0.7473563146250194,3.7653774250866614,0.02315886984715146,6.494613152451807,-0.06648433474014315,-0.35386529872023803,-0.06648464588527611,-0.3538651079493475,0.5002160927316568,6.833333333333333,12672.969049
CUST100469,340952.39,700063.58,656.1,0,32.0,Male,Post-Graduate,Salaried,2022-07-22,0,47,55.07,9.2,4.8,5.1,0,2022,7,22,Friday,3.0,1,0,0,1,0,0,0,1,0,0,Q2,No_Missed,0,2,1,-0.6372676730142611,-0.5321612307213937,1.2709621004184857,0.06803925126100449,0.3154061334707511,1.49235683242262,4.026600910135581,0.017834849295523453,7.42091638546076,1.3742306348949633,-0.45400437977016056,1.3742299679454872,-0.45400415559991814,2.0532590488660305,7.833333333333333,15646.873431083333
CUST100470,258034.76,135915.85,581.8,0,35.0,Male,Post-Graduate,Salaried,2024-07-17,1,46,19.6,9.2,4.8,5.1,0,2024,7,17,Wednesday,3.0,1,0,0,1,0,1,0,0,0,0,Q1,Low,0,2,1,-0.3465433696318428,-0.7492034738885147,-0.49371584791577466,-0.8931193845608142,0.16902333637727113,-0.557695019111972,3.0252910757955354,0.04854368932038835,4.427188724235731,-0.34966784398295764,-0.9676652431310079,-0.34966720836666665,-0.9676649444001465,0.5267346538892667,7.666666666666667,4214.567746666667
CUST100471,1223866.95,1106150.26,737.3,1,18.0,Male,Secondary,Self-Employed,2022-05-02,4,37,19.19,9.2,4.8,5.1,0,2022,5,2,Monday,1.0,1,0,0,1,0,0,0,0,1,0,Q4,Medium,1,0,2,-1.9939810887988803,1.7789245616162745,2.5412184024482243,1.1184575719707157,-1.1484218374640485,-0.581391699662555,3.005187432324746,0.04952947003467063,4.380639222761902,1.892686944719047,1.6197350777862867,1.8926887603697495,1.619734948133262,0.9038157783409382,6.166666666666667,19571.67230875
CUST100472,425745.21,173849.04,717.8,0,21.0,Other,Secondary,Self-Employed,2020-08-29,3,42,37.75,9.5,6.1,5.6,0,2020,8,29,Saturday,1.0,2,1,0,0,0,0,0,0,1,0,Q2,Medium,1,1,0,-1.703256785416462,-0.3102105568144583,-0.3750592260004943,0.866201940765797,-0.41650785199664875,0.4913165711150605,3.657130755799356,0.025806451612903226,6.144102863722254,-0.10355249632126838,-0.06128903277561709,-0.10355269171397467,-0.06128895725282197,0.4083405659455335,7.0,13393.23473125
CUST100473,231949.89,33663.43,660.2,0,53.0,Male,Graduate,Salaried,2019-10-24,1,45,29.21,9.2,4.8,5.1,0,2019,10,24,Thursday,2.0,1,0,0,1,0,0,0,0,1,0,Q1,Low,0,1,0,1.3978024506626676,-0.8174823031015872,-0.8135657403150813,0.12107761474511586,0.022640539283791155,-0.0022679457190362662,3.4081729953985804,0.03310162197947699,5.404627646748664,-1.665753923384832,-1.1704973645884686,-1.6657521923840861,-1.1704971028045534,0.14513233871333156,7.5,5646.04690575
CUST100474,492995.33,180455.4,802.1,0,56.0,Female,Graduate,Salaried,2024-04-09,2,25,45.08,8.9,5.4,4.8,0,2024,4,9,Tuesday,2.0,0,0,1,0,0,0,0,0,1,0,Q3,Low,1,0,2,1.688526754045086,-0.13417903133479778,-0.354394252641907,1.956722438743984,-2.905015402585808,0.9149669819340217,3.830379016387636,0.021701388888888888,6.714164132637808,-0.06588075338696986,0.19019906948918092,-0.06588106639073388,0.19019903857456885,0.36603876146250713,4.166666666666667,18520.191230333334
CUST100475,309424.8,221473.88,607.4,1,35.0,Male,Secondary,Unemployed,2022-12-16,3,50,28.84,8.9,5.4,4.8,0,2022,12,16,Friday,1.0,1,0,1,0,0,0,0,0,1,0,Q2,Medium,0,3,1,-0.3465433696318428,-0.6146867304884914,-0.22608671317845844,-0.5619530174405105,0.754554524751191,-0.023652754996391807,3.3958497753355603,0.03351206434316354,5.370288632839021,0.14280965912319699,-0.6301722170621367,0.1428087620345446,-0.6301719461786097,0.715759952014189,8.333333333333334,7436.509359999999
CUST100476,357081.5,178361.35,566.6,0,44.0,Male,Graduate,Salaried,2019-02-19,0,48,10.37,8.9,5.4,4.8,0,2019,2,19,Tuesday,2.0,1,0,1,0,0,1,0,0,0,0,Q2,No_Missed,0,2,1,0.5256295405154124,-0.48994224526933433,-0.36094452956619655,-1.0897494150384934,0.46178893056423104,-1.0911593154092454,2.4309783077624445,0.08795074758135445,3.2202484376209237,-0.07768119763092585,-0.3710769697787706,-0.0776814741422538,-0.37107677297642555,0.49949759368659535,8.0,3085.779295833333
CUST100477,312298.8,1974290.1467000002,642.4,1,41.0,Male,Primary,Salaried,2018-12-09,1,43,35.91,8.7,5.0,4.6,1,2018,12,9,Sunday,0.0,1,0,0,0,1,0,0,0,1,0,Q2,Low,0,1,0,0.23490523713299402,-0.6071638501690431,5.256796667965474,-0.1091864998932209,-0.2701250549031688,0.3849704925465898,3.608482517041907,0.027092928745597402,5.9924953066314535,2.574153438055896,-0.6132632660935462,2.5741608916478684,-0.613262998907523,6.3217986963126345,7.166666666666667,9345.541589999999
CUST100478,2163929.0,693465.63,582.2,0,72.0,Male,Primary,Salaried,2018-05-26,0,36,50.19,8.7,5.0,4.6,1,2018,5,26,Saturday,0.0,1,0,0,0,1,0,0,0,0,1,Q4,No_Missed,0,0,2,3.239056372084651,4.239597593977212,1.2503234338954246,-0.8879449100745582,-1.2948046345575286,1.2103085370888502,3.935544200469492,0.019535065442469232,7.0844901016234045,1.3636776000506157,2.411635227443785,1.3636768983889398,2.411635899762959,0.32046598109272534,6.0,90506.330425
CUST100479,467835.47,61430.74,669.3,0,50.0,Female,Secondary,Salaried,2018-11-19,1,50,36.25,9.2,4.8,5.1,0,2018,11,19,Monday,1.0,0,0,0,1,0,0,0,0,1,0,Q3,Low,0,3,1,1.1070781472802491,-0.20003658722696124,-0.7267084207942506,0.23879690930741,0.754554524751191,0.4046213983690248,3.6176519448255684,0.026845637583892617,6.020797289396148,-1.1146663213368648,0.10107634658107255,-1.114663441806664,0.10107635318643002,0.1313084277256703,8.333333333333334,14132.529822916664
CUST100480,299218.63,42250.72,655.9,0,37.0,Male,Secondary,Salaried,2023-12-10,2,45,25.53,9.5,6.1,5.6,0,2023,12,10,Sunday,1.0,1,1,0,0,0,1,0,0,0,0,Q1,Low,0,1,0,-0.15272716737689718,-0.6414020385712836,-0.786704334174262,0.06545201401787654,0.022640539283791155,-0.21496010285597728,3.2782761681496484,0.03769317753486619,5.052722038663912,-1.4603791283331486,-0.6917337548862549,-1.4603764440924336,-0.6917334721531797,0.14120350728161546,7.5,6365.876353250001
CUST100481,335137.72,54545.2,742.2,0,27.0,Male,Secondary,Unemployed,2021-06-29,1,52,60.0,9.2,4.8,5.1,0,2021,6,29,Tuesday,1.0,1,0,0,1,0,1,0,0,0,0,Q2,Low,1,3,1,-1.1218081786516252,-0.5473815043842634,-0.7482466809949492,1.1818448844273373,1.047320118938151,1.777294966847924,4.110873864173311,0.01639344262295082,7.745966692414834,-1.2254792041827012,-0.48502898005776685,-1.225476241997938,-0.48502874644641114,0.1627545833993261,8.666666666666666,16756.886
CUST100482,634787.74,166831.86,607.24,0,20.0,Male,Secondary,Self-Employed,2023-02-22,1,52,65.22,9.5,6.1,5.6,0,2023,2,22,Wednesday,1.0,1,1,0,0,0,0,1,0,0,0,Q3,Low,0,3,1,-1.8001648865439348,0.23697174480861238,-0.39700926168616874,-0.5640228072350121,1.047320118938151,2.078994168004128,4.1929825321191005,0.015101177891875567,8.075890043827986,-0.1450509852676232,0.6095481451781587,-0.14505104753821246,0.6095479605042681,0.2628151892158472,8.666666666666666,34500.713669
CUST100483,150679.82,115865.49,676.6,1,40.0,Male,Secondary,Salaried,2024-06-16,1,42,5.61,8.7,5.0,4.6,0,2024,6,16,Sunday,1.0,1,0,0,0,1,0,1,0,0,0,Q1,Low,0,1,0,0.13799713600552121,-1.0302119517317874,-0.5564342216087138,0.3332310686815599,-0.41650785199664875,-1.3662719969233321,1.888583653863595,0.151285930408472,2.3685438564654024,-0.5069417291335111,-2.0291863925845175,-0.5069405344191775,-2.0291870029878125,0.7689516087821183,7.0,704.4281585
CUST100484,249328.04,208664.74,664.8,0,30.0,Male,Secondary,Unemployed,2019-08-24,2,52,34.9,8.7,5.0,4.6,0,2019,8,24,Saturday,1.0,1,0,0,0,1,0,0,1,0,0,Q1,Low,0,3,1,-0.8310838752692068,-0.7719938749097213,-0.2661542445946113,0.18058407133704418,1.047320118938151,0.3265957428975925,3.580737295494233,0.02785515320334262,5.9076221950967716,0.08179156016371192,-1.0326012721287126,0.0817908208050882,-1.0326009801353235,0.836908435970539,8.666666666666666,7251.290496666666
CUST100485,497303.28,341908.19,716.6,0,22.0,Male,Secondary,Salaried,2019-04-20,0,44,11.89,9.2,4.8,5.1,0,2019,4,20,Saturday,1.0,1,0,0,1,0,1,0,0,0,0,Q3,No_Missed,1,1,0,-1.6063486842889891,-0.12290269442729329,0.1506368997657119,0.8506785173070338,-0.12374225780968881,-1.0033082070265957,2.556451816951096,0.07757951900698215,3.448187929913334,0.5955316239701317,0.20492657281505683,0.5955299850226315,0.20492653577949194,0.6875245021508806,7.333333333333333,4927.446666000001
CUST100486,173049.29,160721.29,559.6,1,31.0,Female,Post-Graduate,Salaried,2022-02-24,0,44,46.34,9.5,6.1,5.6,0,2022,2,24,Thursday,3.0,0,1,0,0,0,0,1,0,0,0,Q1,No_Missed,0,1,0,-0.734175774141734,-0.9716584215927853,-0.4161233829656301,-1.1803027185479513,-0.12374225780968881,0.987790927040692,3.857355604085838,0.021123785382340513,6.807348970047004,-0.182529493517331,-1.7469079857753933,-0.18252943265127008,-1.7469081526167862,0.9287601815644548,7.333333333333333,6682.586748833334
CUST100487,372545.76,204331.3,613.96,1,26.0,Male,Secondary,Self-Employed,2019-07-29,1,41,8.85,8.9,5.4,4.8,0,2019,7,29,Monday,1.0,1,0,1,0,0,0,0,0,1,0,Q2,Low,0,1,0,-1.218716279779098,-0.4494635475627117,-0.2797094281073228,-0.47709163586593206,-0.5628906490901286,-1.1790104237918948,2.2874714551839976,0.10152284263959391,2.9748949561287032,0.060359429450690234,-0.29557095857355903,0.06035874820808248,-0.295570789013026,0.5484730251660896,6.833333333333333,2747.5249799999997
CUST100488,340086.14,185611.56,603.7,0,57.0,Male,Secondary,Self-Employed,2018-12-13,0,49,18.14,8.7,5.0,4.6,0,2018,12,13,Thursday,1.0,1,0,0,0,1,0,1,0,0,0,Q2,No_Missed,0,2,1,1.7854348551725587,-0.5344286959533777,-0.3382655661893652,-0.6098169064383661,0.608171727657711,-0.6420783205847801,2.9517803860248084,0.0522466039707419,4.259107887809371,-0.0373577743025211,-0.45858703983366816,-0.037358174137480014,-0.45858681423975733,0.545778078459769,8.166666666666666,5140.968816333334
CUST100489,716831.93,333295.45,563.3,1,39.0,Female,Graduate,Salaried,2022-02-19,2,52,47.12,8.9,5.4,4.8,0,2022,2,19,Saturday,2.0,0,0,1,0,0,0,0,0,1,0,Q4,Low,0,3,1,0.041089034878048415,0.45172770245512844,0.12369588494901415,-1.1324388295500958,1.047320118938151,1.0328724168686303,3.873697891106478,0.020781379883624274,6.864400920692205,0.5685406598184815,0.8049984826892276,0.5685390412060266,0.8049982502245047,0.4649561997049992,8.666666666666666,28147.600451333332
CUST100490,385518.6,183477.89,699.0,0,38.0,Male,Post-Graduate,Salaried,2019-01-17,3,38,14.39,9.5,6.1,5.6,0,2019,1,17,Thursday,3.0,1,1,0,0,0,0,0,0,0,1,Q2,Medium,0,0,2,-0.05581906624942438,-0.41550630235625624,-0.3449397761485586,0.623001639911825,-1.0020390403705686,-0.8588162524498695,2.733717947850788,0.0649772579597141,3.7934153476781316,-0.04907054533494526,-0.23499588842367364,-0.049070909753163895,-0.23499574202477802,0.47592487106977466,6.333333333333333,4623.010545
CUST100491,849735.38,610771.5,699.8,0,54.0,Female,Secondary,Self-Employed,2021-07-27,3,49,32.78,9.5,6.1,5.6,0,2021,7,27,Tuesday,1.0,0,1,0,0,0,1,0,0,0,0,Q4,Medium,0,2,1,1.4947105517901405,0.7996110526262477,0.9916526994271911,0.6333505888843338,0.608171727657711,0.20406656541652882,3.519868911379654,0.02960331557134399,5.725382083319855,1.2228600676834,1.0719440057986849,1.2228589617575443,1.0719437458572745,0.7187784743057303,8.166666666666666,23211.938130333336
CUST100492,462027.72,570200.93,737.4,0,39.0,Male,Graduate,Self-Employed,2018-03-13,2,52,7.26,9.5,6.1,5.6,0,2018,3,13,Tuesday,2.0,1,1,0,0,0,0,0,0,1,0,Q3,Low,1,3,1,0.041089034878048415,-0.21523874734361975,0.8647462413787799,1.1197511905922797,1.047320118938151,-1.2709073069026928,2.1114245875328868,0.12106537530266344,2.694438717061496,1.147168774960253,0.07970841364528573,1.14716749653082,0.07970842932687326,1.2341270995601739,8.666666666666666,2795.2677059999996
CUST100493,1175316.61,536512.29,638.3,0,29.0,Female,Graduate,Self-Employed,2021-01-22,1,37,33.9,8.9,5.4,4.8,0,2021,1,22,Friday,2.0,0,0,1,0,0,0,0,0,1,0,Q4,Low,0,0,2,-0.9279919763966795,1.6518409160739893,0.7593667512984573,-0.16222486337733227,-1.1484218374640485,0.26879896106690204,3.5524868292083815,0.02865329512893983,5.822370651203855,1.0804166199447167,1.5605856057620033,1.0804152149610966,1.560585447670245,0.4564832024283227,6.166666666666667,33202.6942325
CUST100494,206257.58,22167.52,613.0,0,39.0,Male,Graduate,Salaried,2021-10-28,0,42,18.22,8.7,5.0,4.6,0,2021,10,28,Thursday,2.0,1,0,0,0,1,0,0,0,1,0,Q1,No_Missed,0,1,0,0.041089034878048415,-0.8847335812018545,-0.8495254327754858,-0.48951037463294395,-0.41650785199664875,-0.637454578038325,2.9559514035421466,0.052029136316337155,4.268489194082608,-2.034753304660884,-1.3981255424860848,-2.0347559094336476,-1.398125385293794,0.10747493498178347,7.0,3131.6775896666663
CUST100495,1076709.04,76311.77,574.2,0,44.0,Female,Primary,Salaried,2024-07-14,2,63,34.9,8.9,5.4,4.8,0,2024,7,14,Sunday,0.0,0,0,1,0,0,1,0,0,0,0,Q4,Low,0,3,3,0.5256295405154124,1.3937292432480906,-0.6801599298706044,-0.991434399799653,2.6575308869664305,0.3265957428975925,3.580737295494233,0.02785515320334262,5.9076221950967716,-0.9100166582608106,1.431164790339513,-0.9100141763616284,1.4311645830385,0.07087501559381354,10.5,31314.287913333334
CUST100496,352878.85,138347.98,754.3,0,27.0,Other,Graduate,Salaried,2021-09-21,2,50,18.97,9.5,6.1,5.6,0,2021,9,21,Tuesday,2.0,2,1,0,0,0,0,0,0,0,1,Q2,Low,1,3,1,-1.1218081786516252,-0.5009429526369509,-0.48610804245942335,1.338372737636542,0.754554524751191,-0.5941069916653071,2.994231147427724,0.05007511266900351,4.355456348076514,-0.33207931737401986,-0.392257615673894,-0.3320787437081375,-0.39225741160663424,0.39205517701046694,8.333333333333334,5578.426487083332
CUST100497,995173.46,801161.69,670.1,0,36.0,Male,Primary,Salaried,2019-10-26,1,52,29.42,8.9,5.4,4.8,0,2019,10,26,Saturday,0.0,1,0,1,0,0,0,0,0,1,0,Q4,Low,0,3,1,-0.24963526850436998,1.1803046050724426,1.5872012623402598,0.24914585827992036,1.047320118938151,0.009869378465408788,3.4151002868311466,0.03287310979618672,5.424020648928247,1.5253389190094067,1.3132414059097237,1.5253388175130547,1.3132411684406298,0.8050472829128703,8.666666666666666,24398.33599433333
CUST100498,849054.86,84624.4,591.9,0,28.0,Female,Graduate,Unemployed,2022-02-24,1,55,25.25,9.2,4.8,5.1,0,2022,2,24,Thursday,2.0,0,0,0,1,0,0,1,0,0,0,Q4,Low,0,3,3,-1.0249000775241524,0.7978297476453877,-0.654157671820817,-0.7624639037828816,1.4864685102185908,-0.23114320176857067,3.2676659890376327,0.0380952380952381,5.024937810560445,-0.8113410297707903,1.0707041613352835,-0.8113388204581106,1.0707039014031878,0.09966894247563696,9.166666666666666,17865.529345833333
CUST100499,129109.2296,26676.43,710.0,0,23.0,Male,Graduate,Salaried,2023-03-07,1,33,37.58,9.2,4.8,5.1,0,2023,3,7,Tuesday,2.0,1,0,0,1,0,0,0,0,0,1,Q1,Low,1,0,2,-1.5094405831615163,-1.0866743630049407,-0.8354213716849204,0.7652996882838302,-1.7339530258379685,0.48149111820384305,3.652734007477583,0.02592016588906169,6.130252849597641,-1.8725865942493167,-2.3520202021613557,-1.8725867838373944,-2.35202156682591,0.20661907814528543,5.5,4043.2707069733333
CUST100500,575815.47,298453.21,622.9,0,48.0,Male,Secondary,Salaried,2018-02-09,0,53,13.44,9.2,4.8,5.1,0,2018,2,9,Friday,1.0,1,0,0,1,0,0,0,0,1,0,Q3,No_Missed,0,3,1,0.9132619450253036,0.08260802547103463,0.01470788530117388,-0.36144213109813944,1.1937029160316308,-0.9137231951890254,2.67000213346468,0.06925207756232687,3.666060555964672,0.45229600069256426,0.4498859090590268,0.4522945065087539,0.4498857765631291,0.5183139834711284,8.833333333333334,6449.133263999999
CUST100501,765811.14,331746.68,564.6,0,59.0,Male,Graduate,Self-Employed,2021-10-14,1,51,28.15,8.9,5.4,4.8,0,2021,10,14,Thursday,2.0,1,0,1,0,0,0,0,0,1,0,Q4,Low,0,3,1,1.9792510574275044,0.579933942876538,0.11885126691600055,-1.1156217874697671,0.9009373218446709,-0.06353253445956833,3.3724549127965013,0.03430531732418525,5.305657357952923,0.5636184916752653,0.9096304494451988,0.563616877125401,0.9096302004189631,0.4331964666902077,8.5,17964.6529925
CUST100502,918710.2,320107.93,580.6,0,23.0,Male,Primary,Salaried,2023-07-24,0,45,8.96,8.9,5.4,4.8,0,2023,7,24,Monday,0.0,1,0,1,0,0,0,1,0,0,0,Q4,No_Missed,0,1,0,-1.5094405831615163,0.9801570915669215,0.08244476489714926,-0.9086428080195775,0.022640539283791155,-1.172652777790519,2.298577071596507,0.1004016064257028,2.9933259094191533,0.5259315916469959,1.1919333244411923,0.5259300117826918,1.1919330694464805,0.34843188853242296,7.5,6859.7028266666675
CUST100503,231619.11,41678.82,657.2,0,44.0,Male,Graduate,Salaried,2021-07-01,0,43,2.42,9.2,4.8,5.1,0,2021,7,1,Thursday,2.0,1,0,0,1,0,0,0,0,1,0,Q1,No_Missed,0,1,0,0.5256295405154124,-0.8183481410807338,-0.7884932615508773,0.08226905609820531,-0.2701250549031688,-1.5506437309632346,1.2296405510745139,0.29239766081871343,1.5556349186104046,-1.4727924694607366,-1.1732379091450091,-1.4727898212904424,-1.1732376481967361,0.17994551485842425,7.166666666666667,467.09853849999996
CUST100504,612123.04,118995.0,564.2,1,31.0,Male,Secondary,Self-Employed,2020-08-23,2,35,36.9,9.5,6.1,5.6,0,2020,8,23,Sunday,1.0,1,1,0,0,0,0,0,0,1,0,Q3,Low,0,0,2,-0.734175774141734,0.17764543110777656,-0.5466449820311805,-1.1207962619560214,-1.4411874316510085,0.44218930655897354,3.634951112088381,0.026385224274406333,6.074537019394976,-0.4808048085405942,0.5503151400326183,-0.48080370674467704,0.5503149735257187,0.1943971917802669,5.833333333333333,18822.78348
CUST100505,492520.09,193109.78,643.2,0,33.0,Male,Secondary,Self-Employed,2023-03-16,1,39,21.6,8.7,5.0,4.6,0,2023,3,16,Thursday,1.0,1,0,0,0,1,0,0,0,0,1,Q3,Low,0,0,0,-0.5403595718867884,-0.13542300267892254,-0.31481081704810937,-0.09883755092071055,-0.8556562432770887,-0.44210145545059093,3.1179499062782403,0.04424778761061947,4.6475800154489,0.0028353827267187147,0.18856518900368394,0.0028348640110527072,0.1885651587698335,0.3920850822552233,6.5,8865.361620000001
CUST100506,578244.62,769879.96,580.8,1,31.0,Female,Primary,Self-Employed,2024-01-27,3,44,38.13,8.9,5.4,4.8,1,2024,1,27,Saturday,0.0,0,0,1,0,0,0,0,1,0,0,Q3,Medium,0,1,0,-0.734175774141734,0.08896648223094705,1.4893506884901333,-0.906055570776451,-0.12374225780968881,0.5132793482107231,3.666889436222321,0.02555583950932788,6.174949392505173,1.4805702574029997,0.4568329724939328,1.4805699749887768,0.45683283752800663,1.3314087729860764,7.333333333333333,18373.7228005
CUST100507,766365.94,245088.03,574.3,0,28.0,Male,Post-Graduate,Salaried,2019-12-02,2,35,35.24,9.2,4.8,5.1,0,2019,12,2,Monday,3.0,1,0,0,1,0,0,1,0,0,0,Q4,Low,0,0,2,-1.0249000775241524,0.5813861676508001,-0.15222065370914625,-0.9901407811780905,-1.4411874316510085,0.3462466487200275,3.5901634811747787,0.02759381898454746,5.936328831862332,0.24717631698852083,0.9107705545295106,0.24717517867256894,0.9107703053617165,0.3198054835265774,5.833333333333333,22505.61310466667
CUST100508,835838.27,414789.2,611.0,0,39.0,Male,Primary,Self-Employed,2019-05-26,0,53,27.49,8.9,5.4,4.8,0,2019,5,26,Sunday,0.0,1,0,1,0,0,0,1,0,0,0,Q4,No_Missed,0,3,1,0.041089034878048415,0.7632344710965991,0.37861178003214274,-0.5153827470642176,1.1937029160316308,-0.10167841046782405,3.3495531485098167,0.0351000351000351,5.243090691567332,0.8015671649267138,1.0463923515760485,0.8015654828586652,1.0463920920661092,0.49625533418085777,8.833333333333334,19147.661701916662
CUST100509,308458.12,126080.95,662.7,0,29.0,Male,Secondary,Self-Employed,2021-07-07,2,43,50.5,8.9,5.4,4.8,0,2021,7,7,Wednesday,1.0,1,0,1,0,0,1,0,0,0,0,Q2,Low,0,1,0,-0.9279919763966795,-0.6172170777213392,-0.5244798308783093,0.15341808028420797,-0.2701250549031688,1.2282255394563644,3.9415818076696905,0.019417475728155338,7.106335201775948,-0.42390663774014664,-0.6359008055938672,-0.4239057386676073,-0.6359005334996376,0.40874576425480386,7.166666666666667,12980.945883333334
CUST100510,401010.96,485590.19,675.6,0,41.0,Male,Secondary,Salaried,2019-08-07,1,33,29.49,9.5,6.1,5.6,1,2019,8,7,Wednesday,1.0,1,1,0,0,0,0,1,0,0,0,Q2,Low,0,0,2,0.23490523713299402,-0.37495405108770713,0.6000802698073909,0.320294882465923,-1.7339530258379685,0.013915153193556934,3.4173987610001633,0.03279763857002296,5.430469592954186,0.9717362927337267,-0.16569735453641227,0.9717347321444949,-0.1656972357668101,1.2109150084077502,5.5,9854.844342
CUST100511,452536.83,564500.4,723.9,0,37.0,Male,Graduate,Salaried,2020-09-10,0,42,45.2,9.5,6.1,5.6,0,2020,9,10,Thursday,2.0,1,1,0,0,0,0,0,0,1,0,Q3,No_Missed,1,1,0,-0.15272716737689718,-0.24008176390417976,0.8469147425534316,0.9451126766811822,-0.41650785199664875,0.9219025957537049,3.832979798087693,0.021645021645021644,6.723094525588644,1.1361352973021868,0.044106259625322,1.1361339963097867,0.04410629045608929,1.2474131663493555,7.0,17045.553930000002
CUST100512,387843.06,78669.77,587.4,0,35.0,Male,Graduate,Self-Employed,2019-04-04,1,44,28.46,8.9,5.4,4.8,0,2019,4,4,Thursday,2.0,1,0,1,0,0,0,0,0,1,0,Q2,Low,0,1,0,-0.3465433696318428,-0.40942187842189814,-0.6727840061880395,-0.8206767417532475,-0.12374225780968881,-0.045615532092054135,3.3830334110344844,0.03394433129667346,5.334791467339656,-0.8810500726926884,-0.2243933376855153,-0.8810476664724984,-0.2243931954425732,0.202839184488695,7.333333333333333,9198.344573
CUST100513,408776.42,69547.37,761.3,0,28.0,Male,Primary,Salaried,2023-03-21,1,46,17.01,8.9,5.4,4.8,0,2023,3,21,Tuesday,0.0,1,0,1,0,0,1,0,0,0,0,Q2,Low,1,2,1,-1.0249000775241524,-0.35462745881023194,-0.7013192590302064,1.4289260411459999,0.16902333637727113,-0.7073886840534602,2.8909271591878647,0.05552470849528039,4.124318125460256,-0.9979768841239107,-0.1321266828582393,-0.9979741988921299,-0.13212657781924078,0.1701354740569429,7.666666666666667,5794.405753500001
CUST100514,492767.62,128341.33,849.0,0,32.0,Male,Secondary,Self-Employed,2024-07-16,2,33,30.14,8.9,5.4,4.8,0,2024,7,16,Tuesday,1.0,1,0,1,0,0,0,0,0,1,0,Q3,Low,1,0,2,-0.6372676730142611,-0.13477507694284988,-0.5174092666825519,2.563429572257352,-1.7339530258379685,0.051483061383505876,3.4384931664058525,0.03211303789338471,5.489990892524322,-0.40638010108796374,0.18941642924880914,-0.40637926441256267,0.18941639866025153,0.26045000684095276,5.5,12376.680055666666
CUST100515,317715.03,199298.33,616.4,0,46.0,Female,Secondary,Salaried,2023-10-06,1,46,45.66,8.7,5.0,4.6,0,2023,10,6,Friday,1.0,0,0,0,0,1,0,0,0,1,0,Q2,Low,0,2,1,0.719445742770358,-0.5929865188981291,-0.2954527710321058,-0.44552734149977896,0.16902333637727113,0.9484891153958221,3.842887266593284,0.021431633090441493,6.757218362610461,0.034931536228889434,-0.5818850876238977,0.03493092568087215,-0.5818848277755043,0.6272864396752019,7.666666666666667,12089.0568915
CUST100516,719038.53,118704.73,508.6,1,44.0,Male,Secondary,Salaried,2024-03-15,0,51,15.68,8.7,5.0,4.6,0,2024,3,15,Friday,1.0,1,0,0,0,1,0,1,0,0,0,Q4,No_Missed,0,3,1,0.5256295405154124,0.4575036202397125,-0.5475529588621127,-1.8400482155454305,0.9009373218446709,-0.7842584038882787,2.8142103969306005,0.05995203836930456,3.9597979746446663,-0.48320205878403594,0.8098896466701857,-0.4832009484558372,0.8098894132795292,0.16508813512399675,8.5,9395.436792
CUST100517,889237.43,275681.92,510.7,0,27.0,Male,Secondary,Salaried,2020-03-26,1,52,65.44,8.9,5.4,4.8,0,2020,3,26,Thursday,1.0,1,0,1,0,0,0,0,0,1,0,Q4,Low,0,3,1,-1.1218081786516252,0.9030102156474263,-0.05652167245690578,-1.8128822244925935,1.047320118938151,2.0917094600068804,4.196299284745094,0.015051173991571343,8.089499366462674,0.36930850325586734,1.1419926484617868,0.3693071329956341,1.1419923899751845,0.3100205982107613,8.666666666666666,48493.08118266667
CUST100518,281723.93,146455.19,610.3,0,39.0,Male,Graduate,Self-Employed,2024-11-16,1,47,16.54,8.9,5.4,4.8,0,2024,11,16,Saturday,2.0,1,0,1,0,0,0,0,0,0,1,Q1,Low,0,2,1,0.041089034878048415,-0.6871955439034528,-0.46074834685360216,-0.524438077415164,0.3154061334707511,-0.734553171513885,2.864483986944037,0.05701254275940707,4.066939881532551,-0.2754542987579003,-0.803178529983502,-0.275453922607364,-0.8031782328952782,0.5198535672848239,7.833333333333333,3883.0948351666666
CUST100519,913539.08,424945.14,594.5,0,46.0,Male,Secondary,Salaried,2018-09-04,0,35,35.96,8.7,5.0,4.6,0,2018,9,4,Tuesday,1.0,1,0,0,0,1,0,0,1,0,0,Q4,No_Missed,0,0,2,0.719445742770358,0.9666213515260356,0.4103799896863867,-0.7288298196222256,-1.4411874316510085,0.38786033163812456,3.6098362467734835,0.027056277056277056,5.99666574022598,0.8275619919911079,1.1833073450517892,0.827560319048473,1.1833070893036899,0.46516361401857054,5.833333333333333,27375.721097333335
CUST100520,282015.87,59697.83,650.4,0,20.0,Male,Secondary,Salaried,2019-12-31,0,51,1.7,8.7,5.0,4.6,0,2019,12,31,Tuesday,1.0,1,0,0,0,1,0,0,0,1,0,Q1,No_Missed,0,3,1,-1.8001648865439348,-0.6864313721287626,-0.7321290365316353,-0.005697010168126126,0.9009373218446709,-1.592257413881332,0.9932517730102833,0.37037037037037035,1.3038404810405297,-1.1414255948127086,-0.8012531997908375,-1.1414226852673321,-0.80125290286639,0.21168251985251754,8.5,399.5224825
CUST100521,724895.51,73542.74,690.7,0,44.0,Female,Secondary,Self-Employed,2024-08-17,0,41,52.72,9.2,4.8,5.1,0,2024,8,17,Saturday,1.0,0,0,0,1,0,0,0,0,1,0,Q4,No_Missed,0,1,0,0.5256295405154124,0.4728346430557887,-0.6888215727691339,0.5156312943220397,-0.5628906490901286,1.3565343951204971,3.9837853716550367,0.018615040953090096,7.260853944268539,-0.9451125728607572,0.8227878314811691,-0.9451100047744286,0.8227875957178823,0.10145288387839511,6.833333333333333,31847.076072666667
CUST100522,912609.49,65419.95,547.1,1,31.0,Male,Post-Graduate,Self-Employed,2019-02-21,2,65,13.23,8.9,5.4,4.8,0,2019,2,21,Thursday,3.0,1,0,1,0,0,0,0,1,0,0,Q4,Low,0,3,3,-0.734175774141734,0.9641880897598019,-0.7142300032735871,-1.3420050462434119,2.9502964811533903,-0.9258605193734705,2.655352412101761,0.07027406886858749,3.6373066958946425,-1.0556353419485027,1.1817506518322713,-1.055632548646406,1.1817503959549538,0.07168449453665006,10.833333333333334,10061.51962725
CUST100523,420003.83,334052.18,636.3,1,44.0,Male,Post-Graduate,Unemployed,2020-11-20,1,47,9.78,8.9,5.4,4.8,0,2020,11,20,Friday,3.0,1,0,1,0,0,0,1,0,0,0,Q2,Low,0,2,1,0.5256295405154124,-0.3252389891764885,0.12606296837916986,-0.18809723580860596,0.3154061334707511,-1.1252594166893526,2.377692565480851,0.0927643784786642,3.127299154222378,0.5709379183188023,-0.08488261018703355,0.5709362977671398,-0.08488252476524112,0.7953550804524806,7.833333333333333,3423.0312145000003
CUST100524,283289.96,117249.09,609.5,0,30.0,Other,Graduate,Salaried,2019-01-03,0,39,21.7,9.5,6.1,5.6,0,2019,1,3,Thursday,2.0,2,1,0,0,0,1,0,0,0,0,Q1,No_Missed,0,0,0,-0.8310838752692068,-0.6830963593986977,-0.55210626231813,-0.5347870263876728,-0.8556562432770887,-0.43632177726752197,3.122364924487357,0.04405286343612335,4.658325879540846,-0.49530641643758166,-0.7928777604774195,-0.49530526305535294,-0.7928774643015765,0.4138836759340147,6.5,5122.826776666668
CUST100525,320047.39,128333.19,812.8,0,18.0,Male,Secondary,Salaried,2018-04-18,2,45,13.83,9.2,4.8,5.1,0,2018,4,18,Wednesday,1.0,1,0,0,1,0,0,0,1,0,0,Q2,Low,1,1,0,-1.9939810887988803,-0.5868814162043683,-0.517434728946664,2.0951396312512975,0.022640539283791155,-0.8911824502750562,2.696652156149841,0.06743088334457181,3.7188707963574106,-0.40644270133008464,-0.5685644831462976,-0.40644186443196145,-0.5685642265935235,0.40098183584624764,7.5,3688.54616975
CUST100526,539836.33,636151.55,539.5,1,20.0,Female,Primary,Unemployed,2020-04-18,0,38,31.89,8.9,5.4,4.8,0,2020,4,18,Saturday,0.0,0,0,1,0,0,0,1,0,0,0,Q3,No_Missed,0,0,2,-1.8001648865439348,-0.011569693463091826,1.0710425687485141,-1.4403200614822522,-1.0020390403705686,0.15262742958721426,3.4931686602009657,0.030404378230465188,5.6471231613982,1.2678714466292433,0.34280053650095427,1.26787045806208,0.3428004439580436,1.1784155949637551,6.333333333333333,14346.15046975
CUST100527,1303495.33,624005.71,589.3,0,39.0,Male,Secondary,Self-Employed,2019-02-22,1,43,33.8,9.5,6.1,5.6,0,2019,2,22,Friday,1.0,1,1,0,0,0,0,0,0,0,1,Q4,Low,0,1,0,0.041089034878048415,1.98735698081306,1.0330498677728381,-0.7960979879435378,-0.2701250549031688,0.2630192828838329,3.5496173867804286,0.02873563218390805,5.813776741499453,1.2465429707937938,1.7110563872240456,1.2465419252353989,1.7110563091789923,0.4787172578516257,7.166666666666667,36715.118461666665
CUST100528,174380.84,54418.76,652.7,0,41.0,Female,Secondary,Salaried,2022-07-02,1,48,37.05,8.9,5.4,4.8,0,2022,7,2,Saturday,1.0,0,0,1,0,0,0,1,0,0,0,Q1,Low,0,2,1,0.23490523713299402,-0.9681730036076214,-0.7486421906600991,0.024056218127839507,0.46178893056423104,0.450858823833577,3.6389010843076948,0.02628120893561104,6.08687111741328,-1.2276330757765672,-1.7314653531224597,-1.2276301131406526,-1.731465500755428,0.3120684588972045,8.0,5384.008435
CUST100529,467489.93,274228.76,589.8,0,28.0,Male,Graduate,Salaried,2020-03-31,1,37,27.87,9.5,6.1,5.6,0,2020,3,31,Tuesday,2.0,1,1,0,0,0,0,1,0,0,0,Q3,Low,0,0,2,-1.0249000775241524,-0.2009410604578527,-0.061067218368082925,-0.7896298948357193,-1.1484218374640485,-0.07971563337216152,3.3628029936748436,0.034638032559750606,5.279204485526205,0.3637989884807384,0.09981370709885402,0.36379762743960214,0.09981371423997798,0.58659821827606,6.166666666666667,10857.45362425
CUST100530,421493.79,313773.56,740.6,0,45.0,Male,Graduate,Self-Employed,2021-11-22,1,51,11.42,9.2,4.8,5.1,0,2021,11,22,Monday,2.0,1,0,0,1,0,1,0,0,0,0,Q2,Low,1,3,1,0.6225376416428852,-0.32133892280183124,0.06263058775672173,1.161146986482318,0.9009373218446709,-1.0304726944870202,2.519308076505333,0.08051529790660225,3.37934904974316,0.5048826588753276,-0.07872380241176688,0.5048811011102359,-0.07872371956829274,0.7444322252055007,8.5,4011.2159014999997
CUST100531,344177.58,353492.48,568.4,1,20.0,Male,Post-Graduate,Salaried,2019-11-14,1,37,2.88,8.9,5.4,4.8,0,2019,11,14,Thursday,3.0,1,0,1,0,0,1,0,0,0,0,Q2,Low,0,0,2,-1.8001648865439348,-0.523719087931734,0.18687304860231016,-1.0664642798503476,-1.1484218374640485,-1.524057211321117,1.355835153635182,0.2577319587628866,1.697056274847714,0.6308564444843595,-0.4370610088034977,0.6308547839395158,-0.4370607899816781,1.0270642265542107,6.166666666666667,826.026192
CUST100532,406857.95,194408.37,576.7,0,37.0,Male,Graduate,Self-Employed,2018-09-13,2,39,15.83,9.5,6.1,5.6,1,2018,9,13,Thursday,2.0,1,1,0,0,0,0,0,1,0,0,Q2,Low,0,0,0,-0.15272716737689718,-0.3596491777407998,-0.31074877263125533,-0.9590939342605609,-0.8556562432770887,-0.7755888866136752,2.8231630082027146,0.05941770647653001,3.9786932528155523,0.009648726790827757,-0.14035077972301616,0.009648188344919458,-0.1403506713024751,0.4778286131560167,6.5,5367.1344570833335
CUST100533,328335.67,260141.34,747.5,1,25.0,Male,Secondary,Salaried,2020-04-17,2,42,32.36,9.2,4.8,5.1,0,2020,4,17,Friday,1.0,1,0,0,1,0,1,0,0,0,0,Q2,Low,1,1,0,-1.3156243809065706,-0.565186308864745,-0.10513326366250085,1.250406671370212,-0.41650785199664875,0.17979191704763872,3.507357577490546,0.02997601918465228,5.688585061331157,0.3089363430144177,-0.5221284299876602,0.30893508029081795,-0.5221281857212372,0.792303011122733,7.0,8854.118567666666
CUST100534,324109.11,1372967.81,554.7,1,31.0,Male,Graduate,Salaried,2024-04-01,3,33,43.14,8.7,5.0,4.6,1,2024,4,1,Monday,2.0,1,0,0,0,1,0,1,0,0,0,Q2,Medium,0,0,2,-0.734175774141734,-0.5762496021991109,3.3758349783468353,-1.2436900310045715,-1.7339530258379685,0.8028412251824824,3.7873664008285903,0.022655188038060714,6.56810474946921,2.143567431381234,-0.5456351937259052,2.143571005835764,-0.5456349430883585,4.236128413669088,5.5,11651.7225045
CUST100535,925761.2,140347.08,716.8,0,39.0,Female,Secondary,Self-Employed,2019-07-07,0,52,19.13,9.2,4.8,5.1,0,2019,7,7,Sunday,1.0,0,0,0,1,0,0,1,0,0,0,Q4,No_Missed,1,3,1,0.041089034878048415,0.9986135387250393,-0.47985477314906916,0.8532657545501603,1.047320118938151,-0.5848595065723966,3.0022112396517002,0.04967709885742673,4.3737855457258075,-0.3178359499338106,1.2036043348152197,-0.31783542624908373,1.2036040809412516,0.15160181696964617,8.666666666666666,14758.176463333333
CUST100536,464387.4,384218.27,613.8,1,29.0,Female,Primary,Salaried,2018-06-30,0,31,10.35,8.9,5.4,4.8,0,2018,6,30,Saturday,0.0,0,0,1,0,0,0,0,0,1,0,Q3,No_Missed,0,0,2,-0.9279919763966795,-0.2090621327882278,0.2829846186305179,-0.479161425660435,-2.0267186200249285,-1.092315251045859,2.4292177439274116,0.0881057268722467,3.2171415884290826,0.7195910502095754,0.08842774835665336,0.7195893610606771,0.08842776033245286,0.8273658372298646,5.166666666666667,4005.3413250000003
CUST100537,409368.19,84901.57,600.5,0,34.0,Female,Graduate,Salaried,2018-06-06,0,46,21.61,9.5,6.1,5.6,0,2018,6,6,Wednesday,2.0,0,1,0,0,0,1,0,0,0,0,Q2,No_Missed,0,2,1,-0.44345147075931557,-0.3530784626770934,-0.6532906723436768,-0.6512127023284046,0.16902333637727113,-0.4415234876322841,3.1183922862898785,0.044228217602830605,4.648655719667784,-0.8082083873018199,-0.12959896344827063,-0.8082061872785167,-0.12959885945075209,0.20739659815776113,7.666666666666667,7372.038821583333
CUST100538,337334.34,149964.0,609.4,0,49.0,Male,Primary,Salaried,2022-01-17,1,52,8.18,8.9,5.4,4.8,0,2022,1,17,Monday,0.0,1,0,1,0,0,0,0,0,1,0,Q2,Low,0,3,1,1.0101700461527763,-0.5416317098932031,-0.4497726408414647,-0.5360806450092369,1.047320118938151,-1.2177342676184575,2.217027204632399,0.10893246187363835,2.8600699292150185,-0.2518443588997993,-0.4732354955669776,-0.25184406403284615,-0.47323526548942996,0.4445559856135607,8.666666666666666,2299.4957510000004
CUST100539,464935.86,95243.3,560.4,1,32.0,Female,Secondary,Salaried,2019-07-25,0,50,36.93,8.7,5.0,4.6,0,2019,7,25,Thursday,1.0,0,0,0,0,1,0,0,0,1,0,Q3,No_Missed,0,3,1,-0.6372676730142611,-0.20762650337277744,-0.6209413037153091,-1.1699537695754423,0.754554524751191,0.4439232100138943,3.6357423557008075,0.026364355391510677,6.0770058416953985,-0.6976240097947005,0.09044698241444338,-0.6976221573396054,0.09044699353246638,0.20485255751191145,8.333333333333334,14308.4010915
CUST100540,1222376.0,992388.86,722.6,0,47.0,Male,Secondary,Self-Employed,2020-05-06,1,39,1.75,9.2,4.8,5.1,0,2020,5,6,Wednesday,1.0,1,0,0,1,0,0,0,0,0,1,Q4,Low,1,0,0,0.8163538438978308,1.7750219038527808,2.1853679340759893,0.9282956346008548,-0.8556562432770887,-1.5893675747897973,1.0116009116784799,0.36363636363636365,1.3228756555322954,1.7681481574556737,1.6179596272810828,1.7681492361105309,1.6179594967182576,0.8118523760283252,6.5,1782.631666666667
CUST100541,417878.57,190719.44,660.9,0,26.0,Female,Graduate,Self-Employed,2022-11-20,2,42,19.01,9.2,4.8,5.1,0,2022,11,20,Sunday,2.0,0,0,0,1,0,0,1,0,0,0,Q2,Low,0,1,0,-1.218716279779098,-0.3308019942661583,-0.32228790161782184,0.13013294509606077,-0.41650785199664875,-0.5917951203920793,2.996232148595642,0.04997501249375312,4.360045871318328,-0.009818019218629173,-0.09371168743248272,-0.009818500962729591,-0.09371159832219002,0.4563991879267702,7.0,6619.893013083333
CUST100542,278817.35,88640.17,721.3,0,44.0,Male,Graduate,Self-Employed,2022-09-24,0,36,43.85,8.9,5.4,4.8,0,2022,9,24,Saturday,2.0,1,0,1,0,0,0,0,0,1,0,Q1,No_Missed,1,0,2,0.5256295405154124,-0.6948037044737042,-0.6415961734973508,0.9114785925205261,-1.2948046345575286,0.8438769402822727,3.803323588504805,0.02229654403567447,6.621933252457322,-0.7668564640630491,-0.8224751202993045,-0.7668543897833976,-0.8224748217429984,0.3179148284710403,6.0,10188.450664583332
CUST100543,355482.38,381577.54,744.1,1,54.0,Female,Secondary,Salaried,2020-11-13,0,66,18.23,9.2,4.8,5.1,0,2020,11,13,Friday,1.0,0,0,0,1,0,0,0,0,1,0,Q2,No_Missed,1,3,3,1.4947105517901405,-0.49412804498277774,0.2747243035557682,1.206423638237047,3.0966792782468704,-0.636876610220018,2.9564715596006885,0.052002080083203325,4.2696604080418386,0.7122284934162633,-0.37910183252029384,0.712226805222396,-0.3791016329445755,1.0734077452727755,11.0,5400.369822833333
CUST100544,669581.71,575375.86,693.3,0,18.0,Male,Graduate,Salaried,2022-02-05,1,34,9.15,8.7,5.0,4.6,0,2022,2,5,Saturday,2.0,1,0,0,0,1,0,1,0,0,0,Q4,Low,0,0,2,-1.9939810887988803,0.3280472048463572,0.8809336411848082,0.5492653784826943,-1.5875702287444884,-1.1616713892426878,2.3174737054877963,0.09852216748768472,3.024896692450835,1.1570966383387775,0.6958401059288898,1.1570953807708708,0.6958398976880145,0.8593064168374611,5.666666666666667,5105.56053875
CUST100545,298118.05,447314.09,533.8,1,29.0,Female,Secondary,Salaried,2021-11-24,1,44,41.76,8.7,5.0,4.6,0,2021,11,24,Wednesday,1.0,0,0,0,0,1,0,1,0,0,0,Q1,Low,0,1,0,-0.9279919763966795,-0.6442828776881864,0.48035101091586446,-1.5140563229113828,-0.12374225780968881,0.7230816662561292,3.7556030861568446,0.023386342376052388,6.4621977685614045,0.8828409448534463,-0.6985182070379795,0.8828393025248057,-0.698517923160854,1.5004595998128931,7.333333333333333,10374.50814
CUST100546,434287.33,118505.38,572.5,1,44.0,Female,Secondary,Unemployed,2019-08-15,2,52,19.93,8.9,5.4,4.8,0,2019,8,15,Thursday,1.0,0,0,1,0,0,0,0,0,1,0,Q2,Low,0,3,1,0.5256295405154124,-0.28785100690688464,-0.5481765340894746,-1.0134259163662362,1.047320118938151,-0.5386220811078442,3.0411835364579085,0.047778308647873864,4.464302857109943,-0.48485158247783017,-0.026864304732250203,-0.48485046627960954,-0.026864243743230896,0.27287321506708473,8.666666666666666,7212.788739083333
CUST100547,573828.43,613702.15,718.1,1,36.0,Male,Graduate,Self-Employed,2023-12-22,4,45,6.32,8.9,5.4,4.8,0,2023,12,22,Friday,2.0,1,0,1,0,0,0,0,0,1,0,Q3,Medium,1,1,0,-0.24963526850436998,0.0774068201439796,1.000819896518077,0.870082796630489,0.022640539283791155,-1.3252362818235417,1.9906103279732201,0.13661202185792348,2.513961017995307,1.2281453068052515,0.4441777625347459,1.2281442140860814,0.4441776320804588,1.069487181037719,7.5,3022.163064666667
CUST100548,310821.92,83834.79,654.4,0,39.0,Male,Graduate,Self-Employed,2019-02-25,2,42,5.64,8.7,5.0,4.6,0,2019,2,25,Monday,2.0,1,0,0,0,1,0,0,0,1,0,Q2,Low,0,1,0,0.041089034878048415,-0.6110296788002841,-0.6566276052809484,0.04604773469442126,-0.41650785199664875,-1.3645380934684113,1.8931119634883424,0.15060240963855423,2.3748684174075834,-0.8203178895544229,-0.6219295989349721,-0.8203156538183428,-0.6219293298309025,0.2697196838627083,7.0,1460.8630239999998
CUST100549,1233609.59,280390.73,702.0,0,31.0,Other,Post-Graduate,Salaried,2024-03-10,0,50,25.3,8.7,5.0,4.6,0,2024,3,10,Sunday,3.0,2,0,0,0,1,0,0,0,1,0,Q4,No_Missed,1,3,1,-0.734175774141734,1.8044265500350192,-0.04179231571572764,0.6618101985587355,0.754554524751191,-0.2282533626770361,3.269568939183719,0.03802281368821293,5.029910535983717,0.3869781355283487,1.6312750412479844,0.38697673652238024,1.6312749175942702,0.22729292336321733,8.333333333333334,26008.60218916667
CUST100550,245422.87,47462.66,642.9,0,39.0,Male,Secondary,Salaried,2024-12-04,0,39,14.65,8.9,5.4,4.8,0,2024,12,4,Wednesday,1.0,1,0,1,0,0,0,0,0,1,0,Q1,No_Missed,0,0,0,0.041089034878048415,-0.7822159091954208,-0.7704011655236653,-0.10271840678540248,-0.8556562432770887,-0.84378908917389,2.750470916986162,0.06389776357827476,3.8275318418009276,-1.3539315520542228,-1.0625913521738533,-1.3539286533909647,-1.0625910648486065,0.19339134938809902,6.5,2996.204204583333
CUST100551,275868.18,144893.04,615.6,0,36.0,Female,Graduate,Salaried,2018-12-14,1,41,64.81,9.2,4.8,5.1,0,2018,12,14,Friday,2.0,0,0,0,1,0,0,1,0,0,0,Q1,Low,0,1,0,-0.24963526850436998,-0.7025233471152169,-0.4656348180922445,-0.45587629047228784,-0.5628906490901286,2.0552974874535455,4.186771802468027,0.015195259079167299,8.050465825031493,-0.2861349872201724,-0.8422957364947843,-0.2861345740735345,-0.8422954367649743,0.525225634939122,6.833333333333333,14899.1806215
CUST100552,390094.77,259613.99,702.1,0,51.0,Male,Graduate,Salaried,2018-06-15,0,52,35.98,9.2,4.8,5.1,0,2018,6,15,Friday,2.0,1,0,0,1,0,0,0,0,1,0,Q2,No_Missed,1,3,1,1.203986248407722,-0.40352788230355946,-0.10678283675580051,0.6631038171802994,1.047320118938151,0.38901626727473815,3.610377225958979,0.027041644131963225,5.998333101787529,0.3068294964393051,-0.21419304819484217,0.306828237723752,-0.214192909976083,0.6655151772478262,8.666666666666666,11696.3415205
CUST100553,453325.1,117903.78,511.8,1,41.0,Male,Post-Graduate,Salaried,2020-07-25,1,46,40.24,8.7,5.0,4.6,0,2020,7,25,Saturday,3.0,1,0,0,0,1,0,0,0,1,0,Q3,Low,0,2,1,0.23490523713299402,-0.2380184163504528,-0.5500583643216337,-1.7986524196553928,0.16902333637727113,0.6352305578734799,3.719408659148759,0.02424830261881668,6.343500610861483,-0.48984518911441033,0.04709623279994225,-0.48984405515105434,0.04709626235790619,0.2600865912785328,7.666666666666667,15201.501686666668
CUST100554,695951.82,357131.41,624.4,0,42.0,Male,Secondary,Unemployed,2018-12-14,3,45,38.69,8.9,5.4,4.8,0,2018,12,14,Friday,1.0,1,0,1,0,0,1,0,0,0,0,Q4,Medium,0,1,0,0.33181333826046683,0.39707266815209474,0.19825577547516665,-0.34203785177468415,0.022640539283791155,0.5456455460359094,3.681099266794974,0.025195263290501386,6.220128616033595,0.6417312663472655,0.7578279782484115,0.6417296003112832,0.7578277554335248,0.5131553646917685,7.5,22438.646596499995
CUST100555,225259.69,172141.15,655.3,1,33.0,Male,Graduate,Salaried,2019-02-02,0,55,10.13,8.9,5.4,4.8,0,2019,2,2,Saturday,2.0,1,0,1,0,0,1,0,0,0,0,Q1,No_Missed,0,3,3,-0.5403595718867884,-0.834994332994828,-0.38040157812017866,0.05769030228849413,1.4864685102185908,-1.105030543048611,2.4096441652874536,0.08984725965858041,3.1827660925679098,-0.11350755692538513,-1.2268315391410474,-0.1135077207113532,-1.226831296499236,0.7641897669307811,9.166666666666666,1901.5672164166667
CUST100556,642458.68,457700.92,666.7,0,33.0,Female,Graduate,Salaried,2019-08-06,0,34,46.02,9.5,6.1,5.6,0,2019,8,6,Tuesday,2.0,0,1,0,0,0,0,0,0,1,0,Q3,No_Missed,0,0,2,-0.5403595718867884,0.25705092489130904,0.5128414542507985,0.20516282514675538,-1.5875702287444884,0.9692959568548711,3.8505730431119236,0.021267545725223307,6.783804242458652,0.9076418899750712,0.6290391451895893,0.9076402663889221,0.6290389548793148,0.7124207894583975,5.666666666666667,24638.290378000005
CUST100557,360768.61,340160.96,546.4,0,33.0,Male,Secondary,Salaried,2022-05-20,1,43,5.33,8.9,5.4,4.8,0,2022,5,20,Friday,1.0,1,0,1,0,0,0,0,0,1,0,Q2,Low,0,1,0,-0.5403595718867884,-0.48029099709444173,0.14517149046296057,-1.3510603765943583,-0.2701250549031688,-1.3824550958359254,1.8453002361560848,0.1579778830963665,2.3086792761230392,0.5901075113684816,-0.35273258861947493,0.590105876242612,-0.35273239824940206,0.9428784838015704,7.166666666666667,1602.4139094166665
CUST100558,165702.45,51743.3,549.8,1,39.0,Male,Secondary,Unemployed,2018-11-04,0,36,2.07,9.2,4.8,5.1,0,2018,11,4,Sunday,1.0,1,0,0,1,0,0,0,1,0,0,Q1,No_Missed,0,0,2,0.041089034878048415,-0.9908892490270708,-0.7570111426430316,-1.3070773434611933,-1.2948046345575286,-1.5708726046039763,1.1216775615991057,0.32573289902280134,1.4387494569938157,-1.2743330977024245,-1.834680723342746,-1.2743301373429352,-1.834681008878033,0.3122663545409256,6.0,285.83672625
CUST100559,445728.59,538308.04,618.5,1,33.0,Male,Secondary,Self-Employed,2024-11-18,2,43,41.28,9.2,4.8,5.1,0,2024,11,18,Monday,1.0,1,0,0,1,0,0,0,1,0,0,Q2,Low,0,1,0,-0.5403595718867884,-0.257902771108801,0.7649839332123529,-0.4183613504469413,-0.2701250549031688,0.695339210977398,3.7443141610020367,0.023651844843897825,6.424951361683604,1.0840716884344876,0.018026551680582405,1.084070289765516,0.018026593610508714,1.2077036386649553,7.166666666666667,15333.063496000002
CUST100560,912503.46,181268.19,645.0,0,41.0,Male,Graduate,Self-Employed,2018-04-09,4,48,26.75,9.2,4.8,5.1,0,2018,4,9,Monday,2.0,1,0,0,1,0,0,0,0,0,1,Q4,Medium,0,2,1,0.23490523713299402,0.9639105493978425,-0.35185181116185954,-0.07555241573256481,0.46178893056423104,-0.14444802902253492,3.3232358401924436,0.036036036036036036,5.172040216394301,-0.061334712375228514,1.1815729763046297,-0.06133503935004417,1.1815727204127,0.19864931799820246,8.0,20341.2229625
CUST100561,719069.29,1136177.83,774.4,0,61.0,Female,Post-Graduate,Unemployed,2021-06-19,3,45,67.99,9.2,4.8,5.1,0,2021,6,19,Saturday,3.0,0,0,0,1,0,0,1,0,0,0,Q4,Medium,1,1,0,2.17306725968245,0.45758413652315943,2.6351459107997397,1.5983900805708429,0.022640539283791155,2.2390912536751406,4.233961566558017,0.014494854326714018,8.245604889879214,1.923572546643961,0.8099577057280439,1.9235745589983082,0.8099574723246005,1.5800672421985926,7.5,40741.26752258333
CUST100562,1216094.63,263394.96,579.8,1,48.0,Other,Graduate,Salaried,2018-06-07,1,44,61.14,9.2,4.8,5.1,1,2018,6,7,Thursday,2.0,2,0,0,1,0,0,0,1,0,0,Q4,Low,0,1,0,0.9132619450253036,1.758580012846457,-0.09495580275831647,-0.9189917569920878,-0.12374225780968881,1.8431832981349112,4.129389903964901,0.0160926939169617,7.819207120929845,0.32184805407149936,1.6104518257704823,0.3218467671562528,1.6104516913991629,0.21659084211234453,7.333333333333333,61960.0213985
CUST100563,821735.49,705613.14,610.5,0,34.0,Male,Graduate,Self-Employed,2019-07-08,0,39,82.07,8.9,5.4,4.8,0,2019,7,8,Monday,2.0,1,0,1,0,0,1,0,0,0,0,Q4,No_Missed,0,0,0,-0.44345147075931557,0.7263195350800679,1.2883213587016982,-0.5218508401720361,-0.8556562432770887,3.052869941851263,4.41968362585098,0.012038040207054292,9.059249417032296,1.3830355919289932,1.0199509731750473,1.3830349544163705,1.0199507146346942,0.85868646126018,6.5,56199.85972025
CUST100564,491748.4,94542.25,777.3,0,51.0,Female,Graduate,Salaried,2019-10-13,4,51,19.84,9.5,6.1,5.6,0,2019,10,13,Sunday,2.0,0,1,0,0,0,0,1,0,0,0,Q3,Medium,1,3,1,1.203986248407722,-0.13744295101354856,-0.6231342177516374,1.6359050205961896,0.9009373218446709,-0.5438237914726063,3.0368742168851663,0.04798464491362764,4.454211490264018,-0.7047592424987914,0.18590818951088917,-0.7047573666139214,0.18590816038480457,0.1922573616914666,8.5,8130.240213333333
CUST100565,758921.67,250319.99,735.1,0,34.0,Female,Primary,Salaried,2024-03-24,0,38,40.09,8.7,5.0,4.6,0,2024,3,24,Sunday,0.0,0,0,0,0,1,0,0,0,1,0,Q4,No_Missed,1,0,2,-0.44345147075931557,0.5619003109090953,-0.13585486165222013,1.0899979622963154,-1.0020390403705686,0.6265610405988765,3.7157647828953184,0.024336821611097587,6.331666447310692,0.26903141595397473,0.8953919330994321,0.26903023199388093,0.8953916859138494,0.32983639800402587,6.333333333333333,25354.308125250005
CUST100566,177392.26,23953.68,560.9,0,18.0,Male,Secondary,Self-Employed,2024-10-06,2,42,19.44,9.5,6.1,5.6,0,2024,10,6,Sunday,1.0,1,1,0,0,0,0,1,0,0,0,Q1,Low,0,1,0,-1.9939810887988803,-0.9602904175771434,-0.8439382487869999,-1.163485676467624,-0.41650785199664875,-0.5669425042048823,3.017493765335504,0.04892367906066536,4.409081537009721,-1.967142209661888,-1.6970419295396768,-1.9671436948498298,-1.69704203609942,0.13503227254672778,7.0,2873.754612
CUST100567,222499.46,112247.98,704.0,0,27.0,Female,Secondary,Self-Employed,2024-04-09,1,35,132.01,8.9,5.4,4.8,0,2024,4,9,Tuesday,1.0,0,0,1,0,0,0,0,0,1,0,Q1,Low,1,0,2,-1.1218081786516252,-0.8422194130032313,-0.567749945816057,0.6876825709900092,-1.4411874316510085,5.939241226475946,4.890424313365204,0.007518231711901361,11.489560478973946,-0.537983576982118,-1.2506451023645748,-0.5379822723560412,-1.2506448690877032,0.5044865277425842,5.833333333333333,24476.79476216666
CUST100568,660643.6,116391.72,716.6,0,18.0,Male,Secondary,Salaried,2020-12-04,2,35,23.82,8.9,5.4,4.8,0,2020,12,4,Friday,1.0,1,0,1,0,0,0,0,0,1,0,Q4,Low,1,0,2,-1.9939810887988803,0.30465112557980706,-0.5547881519227613,0.8506785173070338,-1.4411874316510085,-0.31379259978645807,3.211649779776461,0.040290088638195005,4.880573736764972,-0.5025013039853449,0.6741805926610519,-0.5025001250376816,0.6741803899910165,0.1761792894080863,5.833333333333333,13113.775459999999
CUST100569,1031583.31,1445426.01,665.7,0,34.0,Male,Secondary,Salaried,2022-02-04,1,53,31.95,8.9,5.4,4.8,0,2022,2,4,Friday,1.0,1,0,1,0,0,1,0,0,0,0,Q4,Low,0,3,1,-0.44345147075931557,1.2756097352043387,3.6024872910593113,0.19222663893111852,1.1937029160316308,0.1560952364970556,3.4949912609485163,0.030349013657056143,5.6524331044250316,2.2038528196961016,1.3672422236559894,2.2038568716669316,1.3672419983328423,1.4011723493277533,8.833333333333334,27465.90562875
CUST100570,556550.2,90585.8,611.74,0,38.0,Female,Graduate,Salaried,2024-08-15,1,39,38.4,9.2,4.8,5.1,0,2024,8,15,Thursday,2.0,0,0,0,1,0,0,0,0,1,0,Q3,Low,0,0,0,-0.05581906624942438,0.032179938995091646,-0.635510160607398,-0.5058099692646463,-0.8556562432770887,0.5288844793050093,3.673765816303888,0.025380710659898477,6.196773353931867,-0.745972638272633,0.39354994421984146,-0.745970629534771,0.39354983232640384,0.162763035571634,6.5,17809.606399999997
CUST100571,336537.45,348120.48,602.4,1,56.0,Male,Secondary,Salaried,2023-02-22,2,51,17.22,9.2,4.8,5.1,0,2023,2,22,Wednesday,1.0,1,0,0,1,0,0,0,0,1,0,Q2,Low,0,3,1,1.688526754045086,-0.5437176208527595,0.170069205505305,-0.6266339485186948,0.9009373218446709,-0.6952513598690154,2.9025198918318122,0.054884742041712405,4.149698784249286,0.6146109483812013,-0.47750355802568695,0.6146092970574127,-0.4775033266613378,1.034418249737139,8.5,4829.3124075000005
CUST100572,277122.87,31258.18,599.8,0,42.0,Female,Secondary,Salaried,2020-01-04,1,53,45.1,9.5,6.1,5.6,0,2020,1,4,Saturday,1.0,0,1,0,0,0,1,0,0,0,0,Q1,Low,0,3,1,0.33181333826046683,-0.6992391151360907,-0.8210894639951022,-0.6602680326793509,1.1937029160316308,0.9161229175706358,3.8308129500026027,0.021691973969631236,6.715653356152326,-1.7320392396295776,-0.8338332277051105,-1.732038003548832,-0.8338329284342969,0.11279538206283733,8.833333333333334,10415.201197499999
CUST100573,371973.04,83534.89,692.3,0,36.0,Female,Secondary,Salaried,2023-05-05,3,45,34.72,8.9,5.4,4.8,0,2023,5,5,Friday,1.0,0,0,1,0,0,0,1,0,0,0,Q2,Medium,0,1,0,-0.24963526850436998,-0.4509626790924802,-0.657565705158981,0.5363291922670574,0.022640539283791155,0.31619232216806825,3.575710756008298,0.027995520716685332,5.892367945062494,-0.8237479473450984,-0.29830169418097463,-0.8237457015907675,-0.29830152360168777,0.2245724313783601,7.5,10762.419957333332
CUST100574,862422.31,516136.93,615.6,0,47.0,Male,Primary,Salaried,2018-04-02,0,39,28.76,8.9,5.4,4.8,0,2018,4,2,Monday,0.0,1,0,1,0,0,0,0,0,1,0,Q4,No_Missed,0,0,0,0.8163538438978308,0.8328199099718356,0.6956317638664028,-0.45587629047228784,-0.8556562432770887,-0.02827649754284695,3.393165209964891,0.033602150537634407,5.362835071116769,1.0381297569841614,1.0948486254843166,1.0381282840856352,1.094848365587606,0.5984735367061642,6.5,20669.38802966667
CUST100575,366447.35,193363.64,628.8,0,18.0,Female,Post-Graduate,Self-Employed,2024-01-29,2,55,6.48,9.2,4.8,5.1,0,2024,1,29,Monday,3.0,0,0,0,1,0,0,0,0,1,0,Q2,Low,0,3,3,-1.9939810887988803,-0.46542652897152437,-0.3140167322363808,-0.2851186324258823,1.4864685102185908,-1.3159887967306312,2.012232791986386,0.1336898395721925,2.545584412271571,0.004170653646290445,-0.32490279654687615,0.0041701310540538175,-0.32490261616934946,0.5276710010319355,9.166666666666666,1978.8156900000001
CUST100576,787224.45,470390.82,601.8,0,41.0,Male,Post-Graduate,Salaried,2022-06-16,0,56,33.05,9.5,6.1,5.6,0,2022,6,16,Thursday,3.0,1,1,0,0,0,0,0,0,1,0,Q4,No_Missed,0,3,3,0.23490523713299402,0.635984662561036,0.5525359979061758,-0.6343956602480773,1.6328513073120707,0.21967169651081503,3.527830032595521,0.029368575624082235,5.748912940721924,0.9372424866140159,0.952949454204059,0.9372408894998625,0.9529492004203189,0.5975307550470518,9.333333333333334,21681.473393749995
CUST100577,633436.62,75558.09,525.3,1,46.0,Male,Graduate,Salaried,2021-04-30,2,49,20.67,8.9,5.4,4.8,0,2021,4,30,Friday,2.0,1,0,1,0,0,0,0,0,1,0,Q3,Low,0,2,1,0.719445742770358,0.233435101086548,-0.6825174727718238,-1.624013905744296,0.608171727657711,-0.49585246255313303,3.075928815548268,0.046146746654360866,4.546427168667722,-0.9194505228292059,0.6060866529008513,-0.9194480171483775,0.6060864692461929,0.11928279422809498,8.166666666666666,10910.945779500002
CUST100578,1135585.79,784815.01,849.0,0,22.0,Female,Primary,Salaried,2021-01-05,0,48,33.68,9.5,6.1,5.6,0,2021,1,5,Tuesday,0.0,0,1,0,0,0,1,0,0,0,0,Q4,No_Missed,1,2,1,-1.6063486842889891,1.547842932826408,1.5360681562574319,2.563429572257352,0.46178893056423104,0.2560836690641502,3.546163151912341,0.02883506343713956,5.803447251418763,1.5021510315247697,1.5100202136133436,1.5021508349080388,1.510020034211624,0.6911102771020057,8.0,31872.107839333334
CUST100579,493927.5,187562.25,682.2,0,51.0,Female,Graduate,Self-Employed,2021-07-28,2,39,42.22,8.9,5.4,4.8,0,2021,7,28,Wednesday,2.0,0,0,1,0,0,0,0,0,1,0,Q3,Low,0,0,0,1.203986248407722,-0.13173901625220205,-0.332163725405505,0.4056737114891265,-0.8556562432770887,0.749668185898247,3.76630335107874,0.02313743637204998,6.497691897897283,-0.026758320672806434,0.19339855212815651,-0.026758752262612307,0.19339851988139722,0.3797363985605175,6.5,17378.015874999997
CUST100580,365488.5,158727.43,767.8,0,42.0,Male,Graduate,Salaried,2021-10-19,1,71,20.4,8.7,5.0,4.6,1,2021,10,19,Tuesday,2.0,1,0,0,0,1,0,0,1,0,0,Q2,Low,1,3,3,0.33181333826046683,-0.46793638067448295,-0.42236026133446763,1.5130112515476395,3.82859326371427,-0.5114575936474197,3.0633909220278057,0.04672897196261683,4.516635916254486,-0.19504517962810686,-0.3295663956819658,-0.19504507707812435,-0.32956621361096783,0.43428843862392386,11.833333333333334,6213.304499999999
CUST100581,327311.7,414750.51,634.26,0,33.0,Male,Graduate,Salaried,2018-06-28,2,44,16.41,8.7,5.0,4.6,1,2018,6,28,Thursday,2.0,1,0,0,0,1,0,0,0,1,0,Q2,Low,0,1,0,-0.5403595718867884,-0.5678666163667301,0.3784907560765539,-0.21448705568850465,-0.12374225780968881,-0.7420667531518746,2.8570447537800976,0.05743825387708214,4.050925820105819,0.8014670104205222,-0.5277908984347002,0.8014653283237834,-0.5277906526058536,1.2671423294675992,7.333333333333333,4475.9874975
CUST100582,264502.36,87770.94,771.5,0,45.0,Female,Primary,Salaried,2024-04-04,4,42,30.52,8.9,5.4,4.8,0,2024,4,4,Thursday,0.0,0,0,1,0,0,0,0,0,0,1,Q1,Medium,1,1,0,0.6225376416428852,-0.7322741138488263,-0.644315161683354,1.5608751405454964,-0.41650785199664875,0.0734458384791682,3.4506222649896783,0.031725888324873094,5.524490926773253,-0.7763243668152775,-0.9210612928279653,-0.7763222632543135,-0.9210609919579601,0.33183424147897966,7.0,6727.1766893333315
CUST100583,346552.87,40430.97,618.3,0,63.0,Female,Graduate,Self-Employed,2018-10-07,1,43,102.82,8.9,5.4,4.8,0,2018,10,7,Sunday,2.0,0,0,1,0,0,0,0,1,0,0,Q2,Low,0,1,0,2.3668834619373955,-0.5175016131947882,-0.7923965891027384,-0.4209485876900692,-0.2701250549031688,4.252153164838091,4.642658630399083,0.009632055480639569,10.140019723846695,-1.500435850730308,-0.42470051053078567,-1.5004332919266132,-0.4247002956928093,0.1166660948443451,7.166666666666667,29693.805077833335
CUST100584,175605.87,134089.56,692.4,0,40.0,Female,Graduate,Self-Employed,2020-11-08,0,37,23.38,9.2,4.8,5.1,0,2020,11,8,Sunday,2.0,0,0,0,1,0,0,0,0,0,1,Q1,No_Missed,0,0,2,0.13799713600552121,-0.9649664085910125,-0.49942856024072435,0.5376228108886215,-1.1484218374640485,-0.339223183791962,3.1937631240531252,0.04101722723543889,4.835286961494633,-0.3630681990982263,-1.7173790555784445,-0.36306751613331106,-1.7173791861149126,0.7635824474432432,6.166666666666667,3421.3877005
CUST100585,221930.93,263687.64,729.3,0,41.0,Male,Graduate,Self-Employed,2022-06-07,0,50,48.01,8.9,5.4,4.8,0,2022,6,7,Tuesday,2.0,1,0,1,0,0,0,1,0,0,0,Q1,No_Missed,1,3,1,0.23490523713299402,-0.8437075769378228,-0.09404028734550349,1.0149680822456209,0.754554524751191,1.084311552697945,3.8920243589214563,0.020403999183840033,6.928924880528003,0.3230022609406714,-1.2555928233182685,0.32300097189410915,-1.2555925920846258,1.1881518272374203,8.333333333333334,8879.086624416666
CUST100586,1274232.42,77381.61,770.9,0,33.0,Male,Graduate,Unemployed,2019-01-06,1,48,26.17,9.5,6.1,5.6,0,2019,1,6,Sunday,2.0,1,1,0,0,0,1,0,0,0,0,Q4,Low,1,2,1,-0.5403595718867884,1.9107594269756238,-0.6768134251239738,1.553113428816114,0.46178893056423104,-0.17797016248433534,3.3021134234382563,0.0368052999631947,5.115662224971465,-0.8967728411861277,1.678271791223454,-0.8967703934013928,1.6782716935538644,0.060728018519572755,8.0,27788.8853595
CUST100587,647434.57,317631.17,646.3,0,29.0,Male,Secondary,Self-Employed,2022-12-06,1,44,18.26,8.7,5.0,4.6,0,2022,12,6,Tuesday,1.0,1,0,0,0,1,1,0,0,0,0,Q3,Low,0,1,0,-0.9279919763966795,0.2700756378184974,0.07469735491410036,-0.058735373652237494,-0.12374225780968881,-0.6351427067650972,2.9580304063699794,0.05192107995846313,4.2731721238443,0.5177478146511155,0.6415377671587703,0.5177462431485961,0.6415375733276943,0.4905996446868755,7.333333333333333,9851.796040166666
CUST100588,208170.79,31394.98,569.7,1,47.0,Female,Graduate,Self-Employed,2022-08-31,1,56,10.31,9.5,6.1,5.6,0,2022,8,31,Wednesday,2.0,0,1,0,0,0,1,0,0,0,0,Q1,Low,0,3,3,0.8163538438978308,-0.8797256306604584,-0.8206615478119916,-1.0496472377700188,1.6328513073120707,-1.0946271223190867,2.425687290128029,0.08841732979664013,3.2109188716004646,-1.7281442804152003,-1.3800613986019328,-1.7281430123429897,-1.380061230338592,0.1508135699537865,9.333333333333334,1788.534037416667
CUST100589,853547.05,1302616.86,648.8,0,29.0,Male,Primary,Salaried,2024-03-18,1,46,31.03,8.7,5.0,4.6,0,2024,3,18,Monday,0.0,1,0,0,0,1,0,0,0,1,0,Q4,Low,0,2,1,-0.9279919763966795,0.8095883446329394,3.1557742327166682,-0.026394908113145377,0.16902333637727113,0.10292219721282045,3.466672963621067,0.031220730565095223,5.570457790882182,2.082140302167099,1.0788671751756316,2.08214341197527,1.078866915204317,1.5261219167707276,7.666666666666667,22071.304134583337
CUST100590,300428.89,138705.28,697.3,0,39.0,Male,Graduate,Salaried,2018-10-31,0,48,39.29,9.2,4.8,5.1,0,2018,10,31,Wednesday,2.0,1,0,0,1,0,0,0,0,1,0,Q1,No_Missed,0,2,1,0.041089034878048415,-0.6382341049820645,-0.4849903929548515,0.6010101233452417,0.46178893056423104,0.5803236151343238,3.696103299203256,0.02482005460412013,6.2681735776859275,-0.3295196324725266,-0.684306703874686,-0.32951906780179596,-0.684306422431898,0.46169088465493446,8.0,9836.542573416666
CUST100591,629400.36,83723.48,607.1,0,33.0,Female,Primary,Unemployed,2021-09-10,0,57,44.32,8.9,5.4,4.8,0,2021,9,10,Friday,0.0,0,0,1,0,0,0,0,0,1,0,Q3,No_Missed,0,3,3,-0.5403595718867884,0.22286993027298607,-0.6569757876664897,-0.5658338733052011,1.7792341044055506,0.8710414277426971,3.8137484361598055,0.02206531332744925,6.6573267908372955,-0.821589648581161,0.5956944808808109,-0.821587409125527,0.5956943003185481,0.13302102337532823,9.5,23245.853295999997
CUST100592,624250.8,54374.77,616.2,0,43.0,Male,Secondary,Salaried,2021-12-31,1,39,18.83,9.5,6.1,5.6,0,2021,12,31,Friday,1.0,1,1,0,0,0,0,0,0,1,0,Q3,Low,0,0,0,0.4287214393879396,0.20939062492231858,-0.7487797932397412,-0.44811457874290545,-0.8556562432770887,-0.6021985411216038,2.9871959425317045,0.05042864346949068,4.339354790749426,-1.2283835229506017,0.5823224891764996,-1.2283805601686675,0.5823223126639036,0.08710404536125543,6.5,9795.53547
CUST100593,620205.21,89991.05,526.1,1,42.0,Other,Secondary,Salaried,2024-10-21,1,42,29.23,9.2,4.8,5.1,1,2024,10,21,Monday,1.0,2,0,0,1,0,1,0,0,0,0,Q3,Low,0,1,0,0.33181333826046683,0.19880103223214532,-0.6373705637499787,-1.6136649567717856,-0.41650785199664875,-0.0011120100824224808,3.408834808791367,0.033079722130334104,5.406477596365308,-0.7523119689270005,0.5717266527396675,-0.7523099401591717,0.5717264794912842,0.14509882946646,7.0,15107.165240249999
CUST100594,329143.35,146623.45,571.7,1,49.0,Female,Graduate,Salaried,2021-04-08,1,45,13.4,9.5,6.1,5.6,0,2021,4,8,Thursday,2.0,0,1,0,0,0,0,0,1,0,0,Q2,Low,0,1,0,1.0101700461527763,-0.5630721543844346,-0.46022202246054517,-1.023774865338745,0.022640539283791155,-0.9160350664622531,2.667228206581955,0.06944444444444445,3.6606010435446255,-0.2743101919449078,-0.5176765364330448,-0.27430981974937374,-0.5176762934071422,0.4454698841705294,7.5,3675.434075
CUST100595,294452.75,231385.64,685.5,0,32.0,Female,Primary,Salaried,2024-08-19,1,29,24.69,8.9,5.4,4.8,0,2024,8,19,Monday,0.0,0,0,1,0,0,0,0,1,0,0,Q1,Low,0,0,2,-0.6372676730142611,-0.6538770367817405,-0.19508230888672867,0.44836312600072753,-2.3194842142118883,-0.2635093995937573,3.2461018111217923,0.038925652004671074,4.968903299521938,0.18781732238325272,-0.7213251056469582,0.18781631667391083,-0.7213248181706057,0.7858158567036647,4.833333333333333,6058.36533125
CUST100596,129109.2296,20816.19,720.6,0,35.0,Male,Graduate,Salaried,2024-08-25,2,52,53.22,8.9,5.4,4.8,0,2024,8,25,Sunday,2.0,1,0,1,0,0,0,0,0,1,0,Q1,Low,1,3,1,-0.3465433696318428,-1.0866743630049407,-0.8537524501418813,0.9024232621695811,1.047320118938151,1.3854327860358424,3.9930498440705193,0.018443378827001106,7.29520390393579,-2.0893531825079945,-2.3520202021613557,-2.089356822315066,-2.35202156682591,0.161229294485698,8.666666666666666,5725.99433276
CUST100597,413753.13,127502.13,738.1,0,27.0,Male,Graduate,Self-Employed,2023-08-24,3,48,7.43,8.7,5.0,4.6,0,2023,8,24,Thursday,2.0,1,0,0,0,1,0,0,0,1,0,Q2,Medium,1,2,1,-1.1218081786516252,-0.3416005994801685,-0.5200343197590611,1.1288065209432259,0.46178893056423104,-1.2610818539914754,2.131796772013764,0.11862396204033215,2.725802634087802,-0.41285340202413695,-0.11100066836137966,-0.4128525423116371,-0.11100057205664147,0.30815991651833546,8.0,2561.8214632499994
CUST100598,659298.33,240461.47,832.1,0,33.0,Female,Secondary,Salaried,2019-10-31,1,52,34.5,8.9,5.4,4.8,0,2019,10,31,Thursday,1.0,0,0,1,0,0,0,0,0,1,0,Q4,Low,1,3,1,-0.5403595718867884,0.3011297946099586,-0.1666927289732714,2.34480802521309,1.047320118938151,0.3034770301653164,3.56953269648137,0.028169014084507043,5.873670062235365,0.22748627269859728,0.6708910542564425,0.22748517698863577,0.6708908524532876,0.3647233112208854,8.666666666666666,18954.826987499997
CUST100599,710756.81,265229.53,769.1,0,42.0,Female,Primary,Self-Employed,2019-05-15,0,44,28.64,8.7,5.0,4.6,0,2019,5,15,Wednesday,0.0,0,0,0,0,1,0,1,0,0,0,Q4,No_Missed,1,1,0,0.33181333826046683,0.4358256841230869,-0.08921719024333641,1.5298282936279683,-0.12374225780968881,-0.035212111362529865,3.389124800427886,0.033738191632928474,5.3516352641038605,0.32906326265145946,0.7914410942207846,0.3290619624974675,0.7914408643968925,0.37316495075157985,7.333333333333333,16963.395865333332
CUST100600,881005.95,361218.05,637.8,0,46.0,Female,Primary,Salaried,2021-11-15,2,43,14.52,8.7,5.0,4.6,0,2021,11,15,Monday,0.0,0,0,0,0,1,1,0,0,0,0,Q4,Low,0,1,0,0.719445742770358,0.8814637859703442,0.2110389581546055,-0.1686929564851507,-0.2701250549031688,-0.8513026708118797,2.7421295147550726,0.06443298969072166,3.81051177665153,0.6538221149998618,1.127699071986961,0.6538204435039792,1.1276988128825707,0.4100063682884321,7.166666666666667,10660.171994999999
CUST100601,518861.96,276899.27,575.1,1,28.0,Male,Post-Graduate,Salaried,2022-04-22,2,48,20.46,9.5,6.1,5.6,0,2022,4,22,Friday,3.0,1,1,0,0,0,0,0,0,1,0,Q3,Low,0,2,1,-1.0249000775241524,-0.06647145939413875,-0.05271375019440767,-0.9797918322055802,0.46178893056423104,-0.5079897867375781,3.0661907372025525,0.046598322460391424,4.523273151159457,0.37390325659523804,0.2764585287344177,0.3739018787393561,0.2764584624395664,0.533666545915218,8.0,8846.596418
CUST100602,583984.44,473987.52,629.5,0,48.0,Female,Graduate,Salaried,2019-06-14,1,42,9.36,9.5,6.1,5.6,0,2019,6,14,Friday,2.0,0,1,0,0,0,1,0,0,0,0,Q3,Low,0,1,0,0.9132619450253036,0.10399083119238618,0.5637866275537928,-0.27606330207493596,-0.41650785199664875,-1.1495340650582426,2.337952236831337,0.09652509652509653,3.059411708155671,0.945497378774359,0.473113797029553,0.9454957898431827,0.4731136563395748,0.8116440910651661,7.0,4555.078631999999
CUST100603,459303.39,256814.44,605.9,0,53.0,Female,Secondary,Self-Employed,2023-06-30,2,43,11.69,9.5,6.1,5.6,0,2023,6,30,Friday,1.0,0,1,0,0,0,0,1,0,0,0,Q3,Low,0,1,0,1.3978024506626676,-0.22236985678714188,-0.11553994750453854,-0.5813572967639659,-0.2701250549031688,-1.014867563392734,2.540814281726296,0.07880220646178093,3.4190641994557516,0.2955778918905709,0.0695768265044234,0.29557665486591117,0.06957684649490607,0.559139003959888,7.166666666666667,4474.380524249999
CUST100604,652848.36,681266.62,663.3,0,43.0,Female,Primary,Self-Employed,2024-12-14,3,49,18.67,8.7,5.0,4.6,0,2024,12,14,Saturday,0.0,0,0,0,0,1,1,0,0,0,0,Q3,Medium,0,2,1,0.4287214393879396,0.2842465822320767,1.2121644149120296,0.16117979201358892,0.608171727657711,-0.611446026214514,2.979094632400968,0.05083884087442806,4.32087954009366,1.3439181530820146,0.655009703914558,1.3439173880904942,0.6550095063722976,1.043529649059699,8.166666666666666,10157.232401
CUST100605,264650.85,127238.48,721.3,0,59.0,Female,Graduate,Salaried,2021-05-04,2,44,48.9,8.9,5.4,4.8,0,2021,5,4,Tuesday,2.0,0,0,1,0,0,0,0,0,1,0,Q1,Low,1,1,0,1.9792510574275044,-0.7318854316989881,-0.5208590281046541,0.9114785925205261,-0.12374225780968881,1.1357506885272595,3.910021002757473,0.02004008016032064,6.992853494818835,-0.4148952729326066,-0.9200069634832456,-0.41489440595118127,-0.9200066625897995,0.48077865610482645,7.333333333333333,10784.5221375
CUST100606,203891.72,86281.04,688.4,0,29.0,Female,Post-Graduate,Self-Employed,2020-01-25,2,42,15.33,9.2,4.8,5.1,0,2020,1,25,Saturday,3.0,0,0,0,1,0,0,1,0,0,0,Q1,Low,0,1,0,-0.9279919763966795,-0.8909263723057411,-0.6489756318676855,0.4858780660260741,-0.41650785199664875,-0.8044872775290204,2.7930039069823738,0.06123698714023271,3.9153543900903784,-0.7927570965882133,-1.4207356509919462,-0.7927549428853621,-1.4207355083805313,0.4231708869786375,7.0,2604.7167229999995
CUST100607,280462.16,279327.1,776.1,0,24.0,Male,Graduate,Salaried,2024-06-05,1,34,50.43,9.5,6.1,5.6,0,2024,6,5,Wednesday,2.0,1,1,0,0,0,0,0,0,1,0,Q1,Low,1,0,2,-1.4125324820340435,-0.6904983082391072,-0.045119395319835554,1.6203815971374262,-1.5875702287444884,1.224179764728216,3.940221659786825,0.019443904335990667,7.1014083110323964,0.3830111171918303,-0.8115266849967349,0.3830097245301364,-0.8115263872344834,0.9959528943227136,5.666666666666667,11786.422273999999
CUST100608,497570.75,51263.24,681.6,0,18.0,Male,Graduate,Unemployed,2020-03-25,0,41,14.43,9.2,4.8,5.1,0,2020,3,25,Wednesday,2.0,1,0,0,1,0,0,1,0,0,0,Q3,No_Missed,0,1,0,-1.9939810887988803,-0.12220257445546216,-0.7585127906171844,0.3979119997597441,-0.5628906490901286,-0.8565043811766418,2.7363136663750693,0.06480881399870382,3.7986839826445156,-1.2829489495386668,0.20583605761067747,-1.2829459922151762,0.20583602019805303,0.10302703685857739,6.833333333333333,5983.288268749999
CUST100609,216374.6,13941.3458,548.0,1,54.0,Male,Primary,Salaried,2019-12-28,0,51,54.11,9.2,4.8,5.1,0,2019,12,28,Saturday,0.0,1,0,0,1,0,0,0,1,0,0,Q1,No_Missed,0,3,1,1.4947105517901405,-0.8582516289925761,-0.8752572534280234,-1.330362478649339,0.9009373218446709,1.436871921865157,4.009331187895144,0.018145527127563055,7.355949972641195,-2.431605975716579,-1.3047398693747307,-2.4316194723341282,-1.3047396603031154,0.06443152662096198,8.5,9756.691338333334
CUST100610,312298.8,17342.88,604.4,0,45.0,Male,Primary,Self-Employed,2020-01-01,0,59,10.72,9.2,4.8,5.1,0,2020,1,1,Wednesday,0.0,1,0,0,1,0,1,0,0,0,0,Q2,No_Missed,0,3,3,0.6225376416428852,-0.6071638501690431,-0.8646171106532846,-0.6007615760874211,2.0719996985925104,-1.0709304417685037,2.4612967841488667,0.08532423208191126,3.2741411087489802,-2.246430914153179,-0.6132632660935462,-2.2464382809721597,-0.613262998907523,0.05553297034762862,9.833333333333334,2789.86928
CUST100611,317835.15,303643.6,682.2,0,37.0,Male,Primary,Salaried,2020-04-07,0,47,38.3,9.5,6.1,5.6,0,2020,4,7,Tuesday,0.0,1,1,0,0,0,0,0,0,1,0,Q2,No_Missed,0,2,1,-0.15272716737689718,-0.5926720970526274,0.030943644640761374,0.4056737114891265,0.3154061334707511,0.5231048011219401,3.6712245188752153,0.025445292620865142,6.18869937870632,0.4703869416464199,-0.5811962749449738,0.4703854242542542,-0.5811960152644268,0.9553493375418042,7.833333333333333,10144.2385375
CUST100612,680104.45,390899.99,668.3,0,41.0,Male,Secondary,Salaried,2021-08-24,1,36,13.65,8.7,5.0,4.6,0,2021,8,24,Tuesday,1.0,1,0,0,0,1,0,0,0,1,0,Q4,Low,0,0,2,0.23490523713299402,0.3555911553170157,0.3038853212548889,0.22586072309177316,-1.2948046345575286,-0.9015858710045804,2.6844403354630764,0.06825938566552901,3.6945906403822333,0.7380124780590213,0.7209115140751895,0.738010787660707,0.7209112996901301,0.574764640931257,6.0,7736.188118749999
CUST100613,636062.75,257820.33,754.7,0,26.0,Male,Primary,Salaried,2023-08-09,2,47,23.28,8.9,5.4,4.8,0,2023,8,9,Wednesday,0.0,1,0,1,0,0,0,0,1,0,0,Q3,Low,1,2,1,-1.218716279779098,0.240309165698,-0.11239348106134302,1.343547212122798,0.3154061334707511,-0.3450028619750309,3.1896529661912973,0.04118616144975288,4.824935232725927,0.2996336864691211,0.6128067772252309,0.2996324415703041,0.6128065915968212,0.4053378852951222,7.833333333333333,12339.61735
CUST100614,2457149.8175999983,1393698.48,650.6,0,65.0,Male,Secondary,Self-Employed,2020-05-24,1,49,39.27,8.7,5.0,4.6,0,2020,5,24,Sunday,1.0,1,0,0,0,1,0,1,0,0,0,Q4,Low,0,2,1,2.560699664192341,5.007121991324325,3.4406813904793356,-0.0031097729249981677,0.608171727657711,0.5791676794977103,3.695606774863363,0.02483238142537869,6.26657801355732,2.1611113601343903,2.5782138696822097,2.1611150713540055,2.5782148248841006,0.5672012630313621,8.166666666666666,80410.22778095996
CUST100615,566983.62,578293.41,635.9,0,39.0,Male,Secondary,Salaried,2023-12-19,1,45,6.52,9.5,6.1,5.6,0,2023,12,19,Tuesday,1.0,1,1,0,0,0,0,1,0,0,0,Q3,Low,0,1,0,0.041089034878048415,0.0594900886062746,0.890059860921902,-0.1932717102948604,0.022640539283791155,-1.3136769254574037,2.017566137961748,0.13297872340425532,2.553429066960741,1.1626573471529826,0.4243368404629358,1.1626561015017869,0.42433671718760135,1.0199472958319327,7.5,3080.6110019999996
CUST100616,573168.34,76668.32,524.1,1,39.0,Female,Post-Graduate,Unemployed,2023-06-27,2,49,11.33,8.7,5.0,4.6,0,2023,6,27,Tuesday,3.0,0,0,0,0,1,1,0,0,0,0,Q3,Low,0,2,1,0.041089034878048415,0.07567899200547391,-0.6790446263977382,-1.6395373292030593,0.608171727657711,-1.0356744048517825,2.512035317176253,0.08110300081103,3.366006535941367,-0.9055837942749072,0.4422764272201527,-0.9055813237007582,0.442276297448306,0.13376230794603905,8.166666666666666,5411.664410166666
CUST100617,393786.92,92186.64,585.5,0,46.0,Female,Graduate,Salaried,2022-08-05,2,40,23.43,9.5,6.1,5.6,1,2022,8,5,Friday,2.0,0,1,0,0,0,0,1,0,0,0,Q2,Low,0,0,0,0.719445742770358,-0.3938634416036808,-0.6305026654131668,-0.8452554955629572,-0.7092734461836087,-0.3363333447004274,3.195811885269649,0.04093327875562833,4.8404545241123795,-0.7290995873424702,-0.1976152499563503,-0.7290976324612474,-0.1976151183294138,0.2341028493277532,6.666666666666667,7688.6896130000005
CUST100618,328281.05,29766.95,674.7,0,43.0,Male,Graduate,Salaried,2019-08-31,3,38,54.61,9.5,6.1,5.6,0,2019,8,31,Saturday,2.0,1,1,0,0,0,1,0,0,0,0,Q2,Medium,0,0,2,0.4287214393879396,-0.5653292802367171,-0.8257540944756582,0.30865231487185013,-1.0020390403705686,1.4657703127805022,4.018363041199472,0.01798237727027513,7.389857914736926,-1.7755554724584797,-0.5224299537599995,-1.7755546199772303,-0.5224297094099511,0.09067520041135485,6.333333333333333,14939.523450416667
CUST100619,1030111.42,304217.56,666.8,0,40.0,Female,Graduate,Salaried,2023-09-05,1,50,33.13,8.9,5.4,4.8,0,2023,9,5,Tuesday,2.0,0,0,1,0,0,1,0,0,0,0,Q4,Low,0,3,1,0.13799713600552121,1.2717569682198595,0.03273901578446157,0.20645644376831787,0.754554524751191,0.2242954390572706,3.530176762918616,0.029299736302373276,5.755866572463264,0.4723698027117115,1.3651025801930787,0.47236828286040594,1.3651023543357808,0.29532490766872577,8.333333333333334,28439.659453833337
CUST100620,129109.2296,72192.49,697.6,0,29.0,Male,Primary,Self-Employed,2022-01-17,1,43,33.08,8.7,5.0,4.6,0,2022,1,17,Monday,0.0,1,0,0,0,1,1,0,0,0,0,Q1,Low,0,1,0,-0.9279919763966795,-1.0866743630049407,-0.6930452118498731,0.6048909792099336,-0.2701250549031688,0.2214055999657358,3.528710701961115,0.029342723004694836,5.751521537819362,-0.9626734450167552,-2.3520202021613557,-0.9626708362465735,-2.35202156682591,0.5591582431686976,7.166666666666667,3559.1110959733332
CUST100621,294278.87,173656.05,686.0,0,43.0,Male,Graduate,Salaried,2019-09-27,1,46,35.14,8.9,5.4,4.8,0,2019,9,27,Friday,2.0,1,0,1,0,0,0,0,1,0,0,Q1,Low,0,2,1,0.4287214393879396,-0.6543321788937605,-0.3756629068789923,0.45483121910854596,0.16902333637727113,0.34046697053695835,3.5874002851640823,0.02767017155506364,5.927900134111573,-0.10467284842901062,-0.7224152686173277,-0.10467304027534673,-0.722414980978578,0.5901070980733343,7.666666666666667,8617.466243166666
CUST100622,395505.36,646144.73,640.9,0,59.0,Male,Secondary,Self-Employed,2021-04-24,0,48,17.41,8.7,5.0,4.6,0,2021,4,24,Saturday,1.0,1,0,0,0,1,0,0,0,1,0,Q2,No_Missed,0,2,1,1.9792510574275044,-0.3893653140963207,1.1023016582422092,-0.12859077921667617,0.46178893056423104,-0.6842699713211842,2.9128939952449864,0.054318305268875614,4.172529209005013,1.2851382187259803,-0.18996113745607657,1.2851372781250652,-0.1899610088932143,1.6337192750055272,8.0,5738.123598
CUST100623,601976.26,385101.88,569.9,1,53.0,Male,Graduate,Unemployed,2019-04-29,2,49,45.54,8.7,5.0,4.6,0,2019,4,29,Monday,2.0,1,0,0,0,1,0,1,0,0,0,Q3,Low,0,2,1,1.3978024506626676,0.15108558017953264,0.28574858806442416,-1.0470600005268924,0.608171727657711,0.9415535015761395,3.8403121578741457,0.021486892995272885,6.748333127521195,0.7220441371876746,0.5229624239713626,0.7220424477782581,0.5229622663495179,0.6397293474662937,8.166666666666666,22844.999066999997
CUST100624,826147.48,550834.74,650.0,0,56.0,Female,Secondary,Unemployed,2020-12-10,2,46,46.45,8.9,5.4,4.8,0,2020,12,10,Thursday,1.0,0,0,1,0,0,0,0,0,0,1,Q4,Low,0,2,1,1.688526754045086,0.7378682033962137,0.8041679803685804,-0.01087148465438057,0.16902333637727113,0.994148573042068,3.859676525055937,0.02107481559536354,6.815423684555495,1.1092581329857396,1.0282795674192073,1.1092567797619535,1.028279308516777,0.6667510987263436,7.666666666666667,31978.792038333337
CUST100625,244088.11,359753.26,646.5,0,32.0,Female,Post-Graduate,Salaried,2023-03-30,0,41,29.72,8.9,5.4,4.8,1,2023,3,30,Thursday,3.0,0,0,1,0,0,0,0,0,1,0,Q1,No_Missed,0,1,0,-0.6372676730142611,-0.7857097295625701,0.20645703311177938,-0.05614813640910954,-0.5628906490901286,0.02720841301461577,3.4249139082794713,0.032552083333333336,5.451605268175604,0.6495030127510306,-1.0729695886365558,0.6495013431273274,-1.0729693031646566,1.4738663837415105,6.833333333333333,6045.248857666666
CUST100626,420651.14,257482.11,759.7,0,27.0,Male,Secondary,Self-Employed,2023-08-15,2,52,3.96,9.5,6.1,5.6,0,2023,8,15,Tuesday,1.0,1,1,0,0,0,0,0,1,0,0,Q2,Low,1,3,1,-1.1218081786516252,-0.32354461351205493,-0.11345144751932312,1.4082281432009822,1.047320118938151,-1.4616366869439712,1.601405740736836,0.20161290322580647,1.98997487421324,0.2982716094819079,-0.08220380385294003,0.2982703672205606,-0.08220371955209578,0.6121036781214951,8.666666666666666,1388.1487619999998
CUST100627,436435.29,167601.67,756.3,0,37.0,Male,Secondary,Self-Employed,2019-08-12,2,45,30.61,8.9,5.4,4.8,0,2019,8,12,Monday,1.0,1,0,1,0,0,1,0,0,0,0,Q2,Low,1,1,0,-0.15272716737689718,-0.282228583103488,-0.39460126346306634,1.3642451100678157,0.022640539283791155,0.07864754884393034,3.4534735262275262,0.03163555836760519,5.532630477449222,-0.1404201446574378,-0.018332174643039694,-0.14042022195746756,-0.018332117269163214,0.3840241012590893,7.5,11132.73685575
CUST100628,540060.01,216161.51,611.7,0,39.0,Male,Post-Graduate,Salaried,2024-03-05,0,53,33.49,8.7,5.0,4.6,0,2024,3,5,Tuesday,3.0,1,0,0,0,1,0,0,1,0,0,Q3,No_Missed,0,3,1,0.041089034878048415,-0.010984196639899546,-0.24270403111465302,-0.5063274167132712,1.1937029160316308,0.24510228051631913,3.5406694269487495,0.028993911278631487,5.7870545184921145,0.11791157628374303,0.3434917531169434,0.11791074214029225,0.3434916603059251,0.40025461244575394,8.833333333333334,15072.174779083334
CUST100629,330341.91,424613.69,600.2,1,50.0,Male,Primary,Self-Employed,2024-04-23,2,44,50.28,8.9,5.4,4.8,0,2024,4,23,Tuesday,0.0,1,0,1,0,0,0,1,0,0,0,Q2,Low,0,1,0,1.1070781472802491,-0.5599348462996474,0.40934320007460295,-0.655093558193095,-0.12374225780968881,1.2155102474536126,3.9373008126124147,0.01950078003120125,7.090839160494335,0.8267227697160611,-0.511093558014838,0.8267210964264571,-0.5110933168426378,1.2853763847281747,7.333333333333333,13841.326029
CUST100630,230652.95,238348.08,541.7,1,19.0,Male,Graduate,Salaried,2021-05-13,0,40,12.72,8.9,5.4,4.8,0,2021,5,13,Thursday,2.0,1,0,1,0,0,0,0,0,1,0,Q1,No_Missed,0,0,0,-1.8970729876714074,-0.8208771271800511,-0.1733035022351441,-1.4118604518078506,-0.7092734461836087,-0.9553368781071226,2.6188546222977394,0.07288629737609328,3.566510900025402,0.21837469070946475,-1.1812688486449516,0.2183736151840329,-1.1812685902009374,1.0333623740775915,6.666666666666667,2444.9212700000003
CUST100631,419602.13,76307.34,636.8,0,55.0,Male,Graduate,Salaried,2023-05-28,1,47,49.43,8.7,5.0,4.6,0,2023,5,28,Sunday,2.0,1,0,0,0,1,0,1,0,0,0,Q2,Low,0,2,1,1.591618652917613,-0.32629046482865365,-0.6801737870978791,-0.18162914270078753,0.3154061334707511,1.1663829828975254,3.920586236088634,0.019829466587348802,7.0306471963824215,-0.9100718557492601,-0.0865474144085388,-0.9100693737096593,-0.08654732829054262,0.1818564171730968,7.833333333333333,17284.111071583335
CUST100632,666606.21,172856.92,612.1,0,36.0,Female,Graduate,Salaried,2023-08-21,1,47,20.74,9.5,6.1,5.6,0,2023,8,21,Monday,2.0,0,1,0,0,0,0,0,0,1,0,Q4,Low,0,2,1,-0.24963526850436998,0.32025864173205,-0.3781626193015741,-0.5011529422270168,0.3154061334707511,-0.49180668782498493,3.0791538816930633,0.04599816007359706,4.55411901469428,-0.10932431972427518,0.6886672776409976,-0.10932449681773779,0.6886670712183921,0.25930889542718183,7.833333333333333,11521.177329499997
CUST100633,179784.38,117840.19,849.0,0,33.0,Female,Post-Graduate,Salaried,2020-08-06,1,51,36.16,8.7,5.0,4.6,1,2020,8,6,Thursday,3.0,0,0,0,0,1,0,0,0,0,1,Q1,Low,1,3,1,-0.5403595718867884,-0.9540288892299761,-0.55025727652985,2.563429572257352,0.9009373218446709,0.3994196880042624,3.6152329139456376,0.026910656620021532,6.013318551349163,-0.4903744019231311,-1.6701798441165434,-0.49037326607754744,-1.6701799202672167,0.6554528819466964,8.5,5417.502650666666
CUST100634,555369.79,245031.84,560.8,0,27.0,Male,Post-Graduate,Salaried,2023-08-18,0,51,64.53,9.2,4.8,5.1,0,2023,8,18,Friday,3.0,1,0,0,1,0,1,0,0,0,0,Q3,No_Missed,0,3,1,-1.1218081786516252,0.029090139705641584,-0.15239641840453358,-1.164779295089188,0.9009373218446709,2.039114388540952,4.182508053051405,0.015260186174271325,8.03305670339753,0.24693925655669396,0.3900244566745506,0.2469381187453938,0.3900243461024276,0.4412048411923882,8.5,29865.01045725
CUST100635,158284.68,118996.35,647.82,0,20.0,Female,Primary,Salaried,2023-09-11,2,42,12.7,9.5,6.1,5.6,0,2023,9,11,Monday,0.0,0,1,0,0,0,1,0,0,0,0,Q1,Low,0,1,0,-1.8001648865439348,-1.0103057403100197,-0.5466407591741104,-0.03907237060446825,-0.41650785199664875,-0.9564928137437364,2.617395832834079,0.07299270072992702,3.5637059362410923,-0.48079367199397155,-1.9280303811161463,-0.4807925702376971,-1.9280308114886877,0.7517869069830385,7.0,1675.1795299999999
CUST100636,446914.48,108187.63,598.6,0,47.0,Male,Graduate,Self-Employed,2023-07-01,2,31,13.46,9.5,6.1,5.6,0,2023,7,1,Saturday,2.0,1,1,0,0,0,0,1,0,0,0,Q2,Low,0,0,2,0.8163538438978308,-0.2547986275659929,-0.580450892264107,-0.6757914561381142,-2.0267186200249285,-0.9125672595524116,2.671386216730619,0.06915629322268325,3.6687872655688283,-0.5739514128754027,0.02260251106173797,-0.5739499818194532,0.02260255104488978,0.2420768062829381,5.166666666666667,5012.8907506666665
CUST100637,354372.67,131096.24,652.0,0,39.0,Male,Graduate,Salaried,2022-10-08,2,43,30.01,9.5,6.1,5.6,0,2022,10,8,Saturday,2.0,1,1,0,0,0,0,0,0,1,0,Q2,Low,0,1,0,0.041089034878048415,-0.49703278246339544,-0.5087917917409343,0.015000887776893124,-0.2701250549031688,0.04396947974551617,3.4343097331123578,0.032247662044501774,5.478138369920935,-0.38540242501233735,-0.38469547417628586,-0.38540166289346994,-0.38469527268237264,0.3699389120498485,7.166666666666667,8862.269855583334
CUST100638,219406.61,38980.68,623.3,0,24.0,Male,Graduate,Salaried,2019-01-22,1,46,15.78,9.5,6.1,5.6,0,2019,1,22,Tuesday,2.0,1,1,0,0,0,0,0,0,1,0,Q1,Low,0,2,1,-1.4125324820340435,-0.8503151473094268,-0.7969331575325886,-0.356267656611885,0.16902333637727113,-0.7784787257052097,2.82018770103906,0.05959475566150178,3.972404813208241,-1.5335768519710873,-1.2777410451180842,-1.5335744174636519,-1.2777408234486218,0.1776641095726332,7.666666666666667,2885.1969215
CUST100639,635054.99,734135.02,714.9,0,24.0,Female,Primary,Salaried,2021-06-05,0,43,29.19,9.5,6.1,5.6,0,2021,6,5,Saturday,0.0,0,1,0,0,0,0,0,0,1,0,Q3,No_Missed,1,1,0,-1.4125324820340435,0.2376712889162577,1.3775390050813725,0.8286870007404505,-0.2701250549031688,-0.0034238813556500512,3.4075107437187473,0.033123550844650546,5.40277706369604,1.4272986350909385,0.6102318065752342,1.4272981521174328,0.6102316217006883,1.1560180323911793,7.166666666666667,15447.71263175
CUST100640,1220907.59,615906.6,685.2,0,39.0,Other,Graduate,Self-Employed,2022-11-26,0,37,26.83,9.2,4.8,5.1,0,2022,11,26,Saturday,2.0,2,0,0,1,0,0,1,0,0,0,Q4,No_Missed,0,0,2,0.041089034878048415,1.771178245992697,1.007715509309438,0.444482270136037,-1.1484218374640485,-0.1398242864760798,3.326114575537799,0.035932446999640676,5.179768334587948,1.232105474608357,1.6162085475974046,1.2321043918846308,1.616208416140709,0.5044661897793591,6.166666666666667,27297.45886641667
CUST100641,762591.22,402769.79,712.2,0,56.0,Male,Post-Graduate,Self-Employed,2022-02-07,3,41,11.68,8.9,5.4,4.8,0,2022,2,7,Monday,3.0,1,0,1,0,0,0,1,0,0,0,Q4,Medium,1,1,0,1.688526754045086,0.5715055946516949,0.34101455744119413,0.793759297958232,-0.5628906490901286,-1.0154455312110406,2.5400259490090797,0.07886435331230283,3.4176014981270124,0.7700282007557137,0.9029944916482844,0.7700265120893547,0.9029942434631365,0.5281594902181014,6.833333333333333,7422.554541333333
CUST100642,789821.27,1304040.56,589.8,1,35.0,Male,Post-Graduate,Self-Employed,2018-07-26,0,47,62.57,9.5,6.1,5.6,0,2018,7,26,Thursday,3.0,1,1,0,0,0,0,1,0,0,0,Q4,No_Missed,0,2,1,-0.3465433696318428,0.6427820063575393,3.1602276265024476,-0.7896298948357193,0.3154061334707511,1.9258326961527987,4.152141660948318,0.015730690577316343,7.910120100226039,2.083413629984392,0.9581092430732351,2.0834167491999698,0.9581089888091276,1.6510577893147902,7.833333333333333,41182.59738658334
CUST100643,654654.16,227910.69,736.3,0,21.0,Female,Secondary,Self-Employed,2022-12-24,2,46,40.79,8.9,5.4,4.8,0,2022,12,24,Saturday,1.0,0,0,1,0,0,0,1,0,0,0,Q3,Low,1,2,1,-1.703256785416462,0.28897338017252916,-0.20595209938746178,1.1055213857550787,0.16902333637727113,0.6670187878803596,3.732657076459824,0.023929169657812874,6.386704940734306,0.17224547414855337,0.6594743918025568,0.17224450525240514,0.6594741930498601,0.3481390693370069,7.666666666666667,22252.785988666667
CUST100644,631307.47,146857.0,611.5,0,35.0,Male,Primary,Salaried,2022-11-16,2,41,22.33,9.5,6.1,5.6,0,2022,11,16,Wednesday,0.0,1,1,0,0,0,0,0,0,0,1,Q3,Low,0,1,0,-0.3465433696318428,0.22786191367104563,-0.45949146818740566,-0.5089146539563992,-0.5628906490901286,-0.399909804714187,3.1497400860333387,0.042863266180882986,4.725462940284264,-0.27272415497143543,0.6006143792630108,-0.2727237882559668,0.6006141972306969,0.23262357405655285,6.833333333333333,11747.579837583331
CUST100645,164441.87,33401.48,537.5,0,35.0,Female,Secondary,Self-Employed,2024-07-23,3,55,8.59,8.9,5.4,4.8,0,2024,7,23,Tuesday,1.0,0,0,1,0,0,0,0,0,1,0,Q1,Medium,0,3,3,-0.3465433696318428,-0.9941888984609923,-0.8143851309888082,-1.466192433913526,1.4864685102185908,-1.1940375870678743,2.2607208888953467,0.10427528675703858,2.930870177950569,-1.6727556725223924,-1.8501967887742217,-1.6727539889746743,-1.8501970970230943,0.20312028803856344,9.166666666666666,1177.1297194166666
CUST100646,130711.54,118578.33,635.4,0,18.0,Male,Graduate,Salaried,2020-03-03,1,49,25.0,9.5,6.1,5.6,1,2020,3,3,Tuesday,2.0,1,1,0,0,0,0,0,1,0,0,Q1,Low,0,2,1,-1.9939810887988803,-1.0824802122137762,-0.5479483434055716,-0.19973980340267883,0.608171727657711,-0.2455923972262433,3.258096538021482,0.038461538461538464,5.0,-0.4842476583285513,-2.3259417246100944,-0.4842465442793702,-2.3259430173230187,0.9071756785973144,8.166666666666666,2723.157083333333
CUST100647,180145.31,454363.58,659.1,0,37.0,Male,Graduate,Salaried,2024-03-31,1,50,26.43,9.5,6.1,5.6,1,2024,3,31,Sunday,2.0,1,1,0,0,0,0,0,0,1,0,Q1,Low,0,3,1,-0.15272716737689718,-0.9530841316817164,0.5024021136474183,0.10684780990791504,0.754554524751191,-0.16294299920835592,3.311637304949512,0.03645643456069996,5.141011573610781,0.899730687955335,-1.6661630194871786,0.8997290580513313,-1.666163091212381,2.522205990264193,8.333333333333334,3967.70045275
CUST100648,592598.65,238834.78,550.0,1,39.0,Male,Secondary,Self-Employed,2022-09-21,0,41,19.8,8.9,5.4,4.8,0,2022,9,21,Wednesday,1.0,1,0,1,0,0,0,1,0,0,0,Q3,No_Missed,0,1,0,0.041089034878048415,0.1265390813234218,-0.17178108406029066,-1.3044901062180654,-0.5628906490901286,-0.5461356627458338,3.0349529867072724,0.04807692307692307,4.449719092257398,0.22047965609878625,0.4972007578355307,0.2204785758841929,0.4972006088490004,0.40302957153209845,6.833333333333333,9777.877725
CUST100649,890410.97,239483.53,719.9,0,46.0,Female,Primary,Salaried,2020-10-02,1,34,21.88,8.9,5.4,4.8,0,2020,10,2,Friday,0.0,0,0,1,0,0,0,0,0,1,0,Q4,Low,1,0,2,0.719445742770358,0.9060820322688894,-0.16975176663490307,0.8933679318186347,-1.5875702287444884,-0.4259183565379977,3.130263166511597,0.04370629370629371,4.6776062254105994,0.2232793014384511,1.1440178735001651,0.22327821501146008,1.144017615114669,0.2689584226483643,5.666666666666667,16235.160019666666
CUST100650,250742.37,31470.76,585.1,0,58.0,Male,Secondary,Self-Employed,2020-07-30,2,49,25.99,8.9,5.4,4.8,0,2020,7,30,Thursday,1.0,1,0,1,0,0,0,0,1,0,0,Q1,Low,0,2,1,1.8823429563000316,-0.7682917749367898,-0.8204245047684526,-0.8504299700492116,0.608171727657711,-0.1883735832138598,3.2954664270299134,0.037050759540570584,5.098038838612354,-1.725993452902689,-1.0218746744506413,-1.7259921673252487,-1.0218743810311226,0.1255103395568926,8.166666666666666,5430.661830249999
CUST100651,617849.01,339383.78,581.7,0,50.0,Female,Secondary,Self-Employed,2021-03-11,0,56,12.51,9.5,6.1,5.6,0,2021,3,11,Thursday,1.0,0,1,0,0,0,0,0,0,1,0,Q3,No_Missed,0,3,3,1.1070781472802491,0.1926335268011488,0.14274043856829746,-0.8944130031823767,1.6328513073120707,-0.9674742022915677,2.6034301519721073,0.07401924500370097,3.5369478367654787,0.5876865141065026,0.5655182992765629,0.5876848807295183,0.5655181279630761,0.5492988974765858,9.333333333333334,6441.07592925
CUST100652,246280.76,13942.9,650.0,0,35.0,Male,Post-Graduate,Salaried,2024-02-02,1,46,56.88,8.7,5.0,4.6,0,2024,2,2,Friday,3.0,1,0,0,0,1,0,0,0,1,0,Q1,Low,0,2,1,-0.3465433696318428,-0.779970326802501,-0.8752523918247208,-0.01087148465438057,0.16902333637727113,1.5969690075361698,4.058371901763283,0.017277125086385625,7.541883053985921,-2.4315121651345617,-1.0559556390709917,-2.431525658088035,-1.0559553506253787,0.05661384186080959,7.666666666666667,11673.708024
CUST100653,393786.92,28820.08,718.6,0,26.0,Female,Graduate,Salaried,2022-08-05,0,61,21.91,8.9,5.4,4.8,0,2022,8,5,Friday,2.0,0,0,1,0,0,1,0,0,0,0,Q2,No_Missed,1,3,3,-1.218716279779098,-0.3938634416036808,-0.8287159438638304,0.8765508897383074,2.3647652927794707,-0.42418445308307695,3.1315734964654043,0.04364906154517678,4.6808118953873805,-1.804249334674926,-0.1976152499563503,-1.804248762493618,-0.1976151183294138,0.0731869915841796,10.166666666666666,7189.892847666667
CUST100654,427590.12,206823.12,552.7,0,66.0,Female,Secondary,Salaried,2019-03-25,0,51,22.45,9.5,6.1,5.6,0,2019,3,25,Monday,1.0,0,1,0,0,0,0,0,0,1,0,Q2,No_Missed,0,3,1,2.657607765319814,-0.3053813859271398,-0.27191490980762445,-1.2695624034358453,0.9009373218446709,-0.3929741908945041,3.1548704948922883,0.042643923240938165,4.738143096192854,0.07273431825389577,-0.053786251066098696,0.07273360328823239,-0.05378617870269772,0.4836948056704397,8.5,7999.498495000001
CUST100655,710990.26,486754.73,660.22,0,39.0,Female,Graduate,Unemployed,2019-08-15,0,52,20.4,9.2,4.8,5.1,0,2019,8,15,Thursday,2.0,0,0,0,1,0,0,1,0,0,0,Q4,No_Missed,0,3,1,0.041089034878048415,0.43643675455126185,0.6037230001573883,0.12133633846942836,1.047320118938151,-0.5114575936474197,3.0633909220278057,0.04672897196261683,4.516635916254486,0.9743376227746359,0.791964560252304,0.9743360651891078,0.7919643303244221,0.6846151872741547,8.666666666666666,12086.83442
CUST100656,666452.64,376320.31,477.3,1,38.0,Male,Primary,Salaried,2018-03-23,2,33,21.78,9.2,4.8,5.1,0,2018,3,23,Friday,0.0,1,0,0,1,0,0,1,0,0,0,Q4,Low,0,0,2,-0.05581906624942438,0.3198566623546466,0.25827946587057304,-2.244950844094864,-1.7339530258379685,-0.43169803472106666,3.125882958019036,0.043898156277436345,4.666904755831214,0.6974290487335296,0.6882960644365917,0.697427363242633,0.6882958581088096,0.5646617440062958,5.5,12096.115416
CUST100657,693243.57,206092.84,676.5,0,38.0,Male,Post-Graduate,Salaried,2023-12-23,1,47,53.36,8.7,5.0,4.6,1,2023,12,23,Saturday,3.0,1,0,0,0,1,0,1,0,0,0,Q4,Low,0,2,1,-0.05581906624942438,0.3899836491454329,-0.2741992565196276,0.33193745005999586,0.3154061334707511,1.3935243354921392,3.995628589282943,0.01839587932303164,7.30479294709987,0.06912199770228976,0.7515889782938564,0.0691212925337636,0.7515887568507332,0.29728777722381183,7.833333333333333,30826.230745999994
CUST100658,135452.91,122469.35,559.6,1,40.0,Male,Secondary,Salaried,2021-11-07,3,56,38.38,9.2,4.8,5.1,0,2021,11,7,Sunday,1.0,1,0,0,1,0,1,0,0,0,0,Q1,Medium,0,3,3,0.13799713600552121,-1.0700693705087574,-0.535777068355812,-1.1803027185479513,1.6328513073120707,0.5277285436683957,3.6732580732109796,0.025393600812595226,6.195159400693416,-0.45252496275707654,-2.250905123182434,-0.4525239617018285,-2.250906220155023,0.9041470574533984,9.333333333333334,4332.2355715
CUST100659,565043.81,772951.41,586.1,1,36.0,Female,Secondary,Self-Employed,2022-01-20,1,32,36.07,9.2,4.8,5.1,0,2022,1,20,Thursday,1.0,0,0,0,1,0,0,0,1,0,0,Q3,Low,0,0,2,-0.24963526850436998,0.054412510849674474,1.4989583139332268,-0.8374937838335749,-1.8803358229314484,0.3942179776395005,3.612808017162641,0.02697599136768276,6.005830500438719,1.4850399767754054,0.41866310946545726,1.4850397119153615,0.4186629882660153,1.3679495223565052,5.333333333333333,16984.27518891667
CUST100660,680104.45,282309.75,789.0,0,32.0,Male,Secondary,Self-Employed,2024-10-23,2,43,32.51,8.9,5.4,4.8,1,2024,10,23,Wednesday,1.0,1,0,1,0,0,0,0,0,1,0,Q4,Low,1,1,0,-0.6372676730142611,0.3555911553170157,-0.0357895400306913,1.787258399319141,-0.2701250549031688,0.18846143432224222,3.511843901749219,0.029841838257236648,5.701754116059373,0.39410029557799275,0.7209115140751895,0.3940988853417963,0.7209112996901301,0.4150976368409294,7.166666666666667,18425.163057916663
CUST100661,951212.95,193655.56,570.9,1,32.0,Male,Graduate,Salaried,2020-12-15,3,39,29.66,8.9,5.4,4.8,0,2020,12,15,Tuesday,2.0,1,0,1,0,0,0,0,0,1,0,Q4,Medium,0,0,0,-0.6372676730142611,1.0652351355136689,-0.3131035941356962,-1.0341238143112554,-0.8556562432770887,0.023740606104774416,3.422958873443668,0.03261578604044357,5.44609952167604,0.005704105351233187,1.2448861746876752,0.005703578312984112,1.244885925728144,0.20358801885529418,6.5,23510.813414166663
CUST100662,834361.01,411871.56,645.5,0,38.0,Male,Graduate,Salaried,2019-02-23,0,63,8.01,8.9,5.4,4.8,0,2019,2,23,Saturday,2.0,1,0,1,0,0,1,0,0,0,0,Q4,No_Missed,0,3,3,-0.05581906624942438,0.7593676477908551,0.36948527877124426,-0.06908432262474638,2.6575308869664305,-1.2275597205296749,2.1983350716202463,0.11098779134295228,2.8301943396169813,0.7939900033632156,1.0436471133188963,0.7939883192639849,1.04364685388508,0.4936371127888634,10.5,5569.3597417500005
CUST100663,264101.14,137514.94,564.7,0,32.0,Male,Graduate,Self-Employed,2018-03-29,1,36,30.56,8.9,5.4,4.8,0,2018,3,29,Thursday,2.0,1,0,1,0,0,0,1,0,0,0,Q1,Low,0,0,2,-0.6372676730142611,-0.7333243330700402,-0.4887138267955234,-1.114328168848203,-1.2948046345575286,0.07575770975239578,3.4518904959776733,0.031685678073510776,5.528109984434101,-0.3380710992812777,-0.923913546698391,-0.33807050453816595,-0.9239132458972367,0.520690444577407,6.0,6725.775698666666
CUST100664,609379.09,184597.79,711.5,0,30.0,Female,Secondary,Salaried,2018-08-03,0,48,49.2,9.5,6.1,5.6,0,2018,8,3,Friday,1.0,0,1,0,0,0,1,0,0,0,0,Q3,No_Missed,1,2,1,-0.8310838752692068,0.17046296504912972,-0.34143668160568147,0.7847039676072856,0.46178893056423104,1.153089723076467,3.9160150266976834,0.0199203187250996,7.014271166700073,-0.042907189118266,0.5429707160430336,-0.04290757221536267,0.5429705518922922,0.30292767347826133,8.0,24984.54269
CUST100665,616029.93,393762.12,682.7,0,39.0,Male,Secondary,Salaried,2022-10-25,0,52,12.75,9.2,4.8,5.1,0,2022,10,25,Tuesday,1.0,1,0,0,1,0,0,1,0,0,0,Q3,No_Missed,0,3,1,0.041089034878048415,0.18787196760438404,0.3128381848891464,0.41214180459694494,1.047320118938151,-0.9536029746522019,2.6210388241125804,0.07272727272727272,3.570714214271425,0.7458140712030598,0.5607062864237623,0.7458123807687034,0.560706116621204,0.6391931638776057,8.666666666666666,6545.318006250001
CUST100666,591875.13,82190.8,694.0,0,35.0,Female,Primary,Unemployed,2022-03-01,2,57,21.76,9.2,4.8,5.1,0,2022,3,1,Tuesday,0.0,0,0,0,1,0,1,0,0,0,0,Q3,Low,0,3,3,-0.3465433696318428,0.12464522106986317,-0.6617700754993113,0.5583207088336407,1.7792341044055506,-0.4328539703576804,3.1250046092581303,0.04393673110720562,4.664761515876241,-0.8392625472408822,0.4951934128008967,-0.8392602567293083,0.49519326449771583,0.13886510149531034,9.5,10732.669024
CUST100667,551154.03,295812.87,740.5,0,55.0,Male,Graduate,Self-Employed,2022-09-14,4,33,23.23,8.9,5.4,4.8,0,2022,9,14,Wednesday,2.0,1,0,1,0,0,0,0,0,0,1,Q3,Medium,1,0,2,1.591618652917613,0.018055116067674314,0.0064487901629111995,1.159853367860754,-1.7339530258379685,-0.34789270106656545,3.1875915348284343,0.041271151465125874,4.8197510309143565,0.44298082227818525,0.37736169116613255,0.44297934058413146,0.3773615853691111,0.5367154259944357,5.5,10669.423430750001
CUST100668,625674.17,241398.58,849.0,0,18.0,Male,Primary,Salaried,2024-12-25,1,38,48.27,8.9,5.4,4.8,0,2024,12,25,Wednesday,0.0,1,0,1,0,0,1,0,0,0,0,Q3,Low,1,0,2,-1.9939810887988803,0.21311638767816177,-0.1637614092776954,2.563429572257352,-1.0020390403705686,1.0993387159739247,3.8973153765558717,0.020296326364927945,6.9476614770727,0.23150272458689614,0.5860314185884834,0.2315016200731354,0.5860312409447768,0.38582155309368127,6.333333333333333,25167.743488250002
CUST100669,1010359.94,230880.84,736.0,0,39.0,Male,Graduate,Salaried,2024-04-11,1,49,27.56,9.5,6.1,5.6,0,2024,4,11,Thursday,2.0,1,1,0,0,0,0,1,0,0,0,Q4,Low,1,2,1,0.041089034878048415,1.220056195717431,-0.19666134462674514,1.1016405298903884,0.608171727657711,-0.0976326357396757,3.3520071374713836,0.0350140056022409,5.2497618993626745,0.18556875847990686,1.3360407123368219,0.18556775803542114,1.3360404796587442,0.22851345432401052,8.166666666666666,23204.599955333335
CUST100670,326681.45,111531.17,769.2,0,52.0,Male,Post-Graduate,Salaried,2022-02-10,0,48,27.32,8.7,5.0,4.6,0,2022,2,10,Thursday,3.0,1,0,0,0,1,0,0,1,0,0,Q2,No_Missed,1,2,1,1.3008943495351948,-0.5695163363811115,-0.5699921577986267,1.5311219122495323,0.46178893056423104,-0.11150386337904133,3.343568268825519,0.03531073446327684,5.226853738148792,-0.5442445781751784,-0.5312864089650117,-0.5442432514597898,-0.5312861621803715,0.34140649859366057,8.0,7437.447678333333
CUST100671,268821.99,135593.14,672.8,0,18.0,Male,Post-Graduate,Salaried,2018-11-05,0,52,38.44,8.9,5.4,4.8,0,2018,11,5,Monday,3.0,1,0,1,0,0,0,0,1,0,0,Q1,No_Missed,0,3,1,-1.9939810887988803,-0.7209672037881795,-0.4947252984380819,0.28407356106213894,1.047320118938151,0.5311963505782369,3.6747805297344347,0.025354969574036514,6.2,-0.35202351504712476,-0.890669181098779,-0.3520228711161313,-0.8906688799825406,0.5043975011121673,8.666666666666666,8611.264412999999
CUST100672,680438.91,364060.21,561.5,0,34.0,Female,Secondary,Self-Employed,2018-08-19,1,44,38.38,8.7,5.0,4.6,0,2018,8,19,Sunday,1.0,0,0,0,0,1,0,0,1,0,0,Q4,Low,0,1,0,-0.44345147075931557,0.35646662593345385,0.21992935478464734,-1.1557239647382416,-0.12374225780968881,0.5277285436683957,3.6732580732109796,0.025393600812595226,6.195159400693416,0.6621563763911612,0.7217009648110257,0.6621547015290826,0.7217007502379079,0.535037318780021,7.333333333333333,21762.7044715
CUST100673,157023.51,89793.13,553.6,1,34.0,Male,Secondary,Salaried,2018-06-04,0,38,13.37,9.5,6.1,5.6,0,2018,6,4,Monday,1.0,1,1,0,0,0,0,0,0,1,0,Q1,No_Missed,0,0,2,-0.44345147075931557,-1.013606934106985,-0.6379896658768884,-1.2579198358417722,-1.0020390403705686,-0.9177689699171738,2.6651427000909336,0.06958942240779402,3.6565010597564442,-0.7544301876902644,-1.9444088206150787,-0.7544281522553711,-1.9444092784680411,0.5718451332542497,6.333333333333333,1749.50360725
CUST100674,633942.24,75664.7,564.8199999999999,0,23.0,Female,Primary,Self-Employed,2021-04-13,2,46,12.91,9.5,6.1,5.6,0,2021,4,13,Tuesday,0.0,0,1,0,0,0,1,0,0,0,0,Q3,Low,0,2,1,-1.5094405831615163,0.23475859403961669,-0.6821839921849713,-1.112775826502328,0.16902333637727113,-0.9443554895592914,2.6326080059353516,0.07189072609633357,3.5930488446443363,-0.9181107885533437,0.6073830297952173,-0.9181082862229949,0.6073828457582121,0.11935582648665279,7.666666666666667,6820.161931999999
CUST100675,575109.9,250857.32,561.4,1,29.0,Male,Graduate,Unemployed,2018-04-25,1,37,38.06,9.2,4.8,5.1,0,2018,4,25,Wednesday,2.0,1,0,0,1,0,0,0,0,1,0,Q3,Low,0,0,2,-0.9279919763966795,0.08076115049991674,-0.13417407069702392,-1.1570175833598055,-1.1484218374640485,0.5092335734825747,3.665098925448533,0.02560163850486431,6.1692787260748725,0.27125190060111026,0.4478616602520359,0.2712507121017814,0.4478615284789068,0.43619023077154473,6.166666666666667,18240.568995000005
CUST100676,129109.2296,123282.7,542.5,1,39.0,Male,Graduate,Salaried,2021-11-14,1,41,27.04,8.9,5.4,4.8,0,2021,11,14,Sunday,2.0,1,0,1,0,0,0,0,0,1,0,Q1,Low,0,1,0,0.041089034878048415,-1.0866743630049407,-0.533232875172091,-1.4015115028353418,-0.5628906490901286,-0.12768696229163473,3.3336320621663895,0.03566333808844508,5.2,-0.44601227557224554,-2.3520202021613557,-0.4460112977285739,-2.35202156682591,0.9548713161866779,6.833333333333333,2909.2613069866666
CUST100677,311768.07,27391.06,720.7,0,57.0,Female,Secondary,Salaried,2018-11-07,0,50,5.37,8.9,5.4,4.8,0,2018,11,7,Wednesday,1.0,0,0,1,0,0,0,0,1,0,0,Q2,No_Missed,1,3,1,1.7854348551725587,-0.6085530701662388,-0.8331859788345085,0.9037168807911451,0.754554524751191,-1.3801432245626977,1.851599469584072,0.15698587127158556,2.3173260452512934,-1.849255778507213,-0.6163720779709526,-1.8492556925302277,-0.6163718100913677,0.08785716895254861,8.333333333333334,1395.16211325
CUST100678,1052612.78,712037.2,613.3,0,48.0,Male,Secondary,Salaried,2020-09-19,2,40,13.05,9.5,6.1,5.6,0,2020,9,19,Saturday,1.0,1,1,0,0,0,0,0,0,1,0,Q4,Low,0,0,0,0.9132619450253036,1.330655728938309,1.3084160899536985,-0.48562951876825344,-0.7092734461836087,-0.9362639401029947,2.642622395779755,0.07117437722419928,3.6124783736376886,1.3931481188697874,1.3974288890217461,1.3931475156988824,1.397428671708268,0.6764474206744857,6.666666666666667,11447.163982500002
CUST100679,198501.69,90369.52,843.6,0,52.0,Male,Graduate,Salaried,2024-06-05,1,49,19.91,9.2,4.8,5.1,0,2024,6,5,Wednesday,2.0,1,0,0,1,0,1,0,0,0,0,Q1,Low,1,2,1,1.3008943495351948,-0.9050351233872429,-0.636186693590462,2.4935741666929134,0.608171727657711,-0.5397780167444579,3.0402275134405423,0.04782400765184122,4.462062303464621,-0.7482734447764026,-1.473410179849002,-0.7482714287555962,-1.4734100744105623,0.45525818948946983,8.166666666666666,3293.47387325
CUST100680,497288.38,298604.81,597.4,0,46.0,Male,Post-Graduate,Self-Employed,2020-11-07,1,44,26.2,8.7,5.0,4.6,0,2020,11,7,Saturday,3.0,1,0,0,0,1,1,0,0,0,0,Q3,Low,0,1,0,0.719445742770358,-0.12294169613806571,0.015182096509942605,-0.691314879596879,-0.12374225780968881,-0.17623625902941475,3.3032169733019514,0.03676470588235294,5.118593556827891,0.45282852387220884,0.2048758912062902,0.45282702898543814,0.20487585419172574,0.6004660917272991,7.333333333333333,10857.462963333333
CUST100681,254562.61,40873.38,610.2,0,26.0,Male,Secondary,Salaried,2018-01-12,1,39,49.3,9.2,4.8,5.1,0,2018,1,12,Friday,1.0,1,0,0,1,0,0,0,0,0,1,Q1,Low,0,0,0,-1.218716279779098,-0.7582920504024927,-0.7910127119202093,-0.5257316960367265,-0.8556562432770887,1.1588694012595355,3.9180050771056933,0.019880715705765408,7.021395872616783,-1.4905457353619855,-0.9932502477670626,-1.4905431431264144,-0.9932499511542331,0.16056317147282548,6.5,10458.280560833333
CUST100682,299562.85,154766.26,678.7,0,39.0,Female,Graduate,Self-Employed,2021-11-28,3,48,23.83,8.9,5.4,4.8,0,2021,11,28,Sunday,2.0,0,0,1,0,0,1,0,0,0,0,Q1,Medium,0,2,1,0.041089034878048415,-0.6405010205255076,-0.4347509685497625,0.36039705973439756,0.46178893056423104,-0.3132146319681513,3.2120525995200753,0.04027386226339106,4.881598098983569,-0.2203489215685572,-0.689617806104955,-0.22034873394978147,-0.6896175237354758,0.516640364451066,8.0,5948.818929583333
CUST100683,1269299.02,815142.93,666.4,0,43.0,Male,Secondary,Self-Employed,2024-03-29,0,47,31.31,9.5,6.1,5.6,0,2024,3,29,Friday,1.0,1,1,0,0,0,0,1,0,0,0,Q4,No_Missed,0,2,1,0.4287214393879396,1.8978459343632488,1.6309351721060035,0.20128196928206343,0.3154061334707511,0.11910529612541365,3.475376779836407,0.03095017022593624,5.595533933415112,1.5448255784546556,1.6726582137255992,1.5448255592506892,1.6726581128200968,0.6421992904398525,7.833333333333333,33118.12693016667
CUST100684,473493.94,412170.82,643.3,1,25.0,Female,Primary,Salaried,2023-07-07,0,38,41.45,8.9,5.4,4.8,0,2023,7,7,Friday,0.0,0,0,1,0,0,0,1,0,0,0,Q3,No_Missed,0,0,2,-1.3156243809065706,-0.1852251771360811,0.3704213767022215,-0.09754393229914804,-1.0020390403705686,0.7051646638886155,3.7483269127573564,0.02355712603062426,6.438167441127949,0.7947694758372217,0.12159958354052253,0.7947677919338927,0.12159958144935488,0.8704880573550741,6.333333333333333,16355.269844166667
CUST100685,587906.31,111734.91,641.4,0,46.0,Female,Post-Graduate,Salaried,2019-12-31,0,46,29.03,9.2,4.8,5.1,0,2019,12,31,Tuesday,3.0,0,0,0,1,0,0,1,0,0,0,Q3,No_Missed,0,2,1,0.719445742770358,0.1142565788049248,-0.569354850465681,-0.12212268610885775,0.16902333637727113,-0.01267136644856054,3.402196881995239,0.0333000333000333,5.387949517209678,-0.542461213692486,0.4841311159090831,-0.5424598932658277,0.48413097139828903,0.19005563998794298,7.666666666666667,14222.43348275
CUST100686,480207.59,453536.89,849.0,0,35.0,Male,Graduate,Salaried,2021-07-25,1,48,2.34,9.5,6.1,5.6,1,2021,7,25,Sunday,2.0,1,1,0,0,0,0,0,0,1,0,Q3,Low,1,2,1,-0.3465433696318428,-0.16765176535575227,0.49981619237975944,2.563429572257352,0.46178893056423104,-1.5552674735096899,1.205970806988609,0.29940119760479045,1.5297058540778354,0.8977626760498502,0.14558209134779834,0.8977610446236259,0.1455820791303053,0.9444600615329716,8.0,936.4048005
CUST100687,192273.99,78354.35,782.9,0,34.0,Female,Graduate,Self-Employed,2021-10-08,3,68,54.35,8.7,5.0,4.6,0,2021,10,8,Friday,2.0,0,0,0,0,1,0,1,0,0,0,Q1,Medium,1,3,3,-0.44345147075931557,-0.9213365297078515,-0.6737706532821679,1.7083476634037562,3.38944487243383,1.4507431495045229,4.013676659154646,0.018066847335140017,7.372245248226622,-0.8848777484982828,-1.5363881729865636,-0.8848753320554399,-1.5363881181064085,0.40751403765012634,11.333333333333334,8708.409463749998
CUST100688,230565.95,44997.6,717.5,0,39.0,Male,Primary,Salaried,2023-07-30,2,39,22.53,9.5,6.1,5.6,0,2023,7,30,Sunday,0.0,1,1,0,0,0,1,0,0,0,0,Q1,Low,1,0,0,0.041089034878048415,-0.82110485528993,-0.778111977412106,0.8623210849011066,-0.8556562432770887,-0.38835044834804877,3.158276202739271,0.042498937526561836,4.746577714522328,-1.4028486586159894,-1.1819939370268817,-1.4028458382489093,-1.1819936788130605,0.19516151452545355,6.5,4328.87571125
CUST100689,845883.29,387184.18,552.0,1,43.0,Female,Graduate,Salaried,2024-06-08,1,39,24.55,9.5,6.1,5.6,0,2024,6,8,Saturday,2.0,0,1,0,0,0,0,0,0,1,0,Q4,Low,0,0,0,0.4287214393879396,0.7895279586632191,0.29226211049199186,-1.2786177337867917,-0.8556562432770887,-0.271600949050054,3.2406373166497136,0.03913894324853229,4.954795656734998,0.7278044394623391,1.064910528153203,0.7278027495547379,1.0649102682803802,0.4577276612238078,6.5,17305.36230791667
CUST100690,481225.22,259574.12,644.1,0,34.0,Male,Secondary,Salaried,2019-06-25,4,28,24.09,9.5,6.1,5.6,0,2019,6,25,Tuesday,1.0,1,1,0,0,0,0,0,0,1,0,Q3,Medium,0,0,2,-0.44345147075931557,-0.16498805321257903,-0.10690755180127287,-0.08719498332663768,-2.465867011305368,-0.29818746869217166,3.222469360378331,0.03985651654045436,4.90815647672321,0.30667004801472664,0.14918312913025636,0.30666878960319677,0.14918311539629692,0.5394025691338455,4.666666666666667,9660.596291499998
CUST100691,289624.75,54331.59,702.8,0,51.0,Male,Secondary,Salaried,2024-11-22,0,41,12.36,8.7,5.0,4.6,0,2024,11,22,Friday,1.0,1,0,0,0,1,1,0,0,0,0,Q1,No_Missed,1,1,0,1.203986248407722,-0.6665146380977798,-0.7489148621051411,0.6721591475312444,-0.5628906490901286,-0.9761437195661712,2.5922651681085,0.07485029940119761,3.515679166249389,-1.2291207001942792,-0.7518772233063686,-1.2291177372745412,-0.7518769316221539,0.18759304928187248,6.833333333333333,2983.1349249999994
CUST100692,437079.99,113989.47,640.4399999999999,0,26.0,Male,Graduate,Salaried,2018-03-18,0,54,31.69,8.9,5.4,4.8,0,2018,3,18,Sunday,2.0,1,0,1,0,0,0,0,0,1,0,Q2,No_Missed,0,3,3,-1.218716279779098,-0.2805410392823507,-0.5623024914759595,-0.1345414248758696,1.340085713125111,0.1410680732210762,3.487069220736119,0.03059039461609055,5.629387178015028,-0.5229257311076452,-0.0157808477110045,-0.5229244797233291,-0.015780791418944024,0.26079773178360327,9.0,11542.55406925
CUST100693,636588.6,585951.53,752.2,0,45.0,Male,Primary,Unemployed,2018-01-24,1,38,22.75,8.9,5.4,4.8,0,2018,1,24,Wednesday,0.0,1,0,1,0,0,0,0,0,1,0,Q3,Low,1,0,2,0.6225376416428852,0.2416856119805267,0.9140147840228026,1.3112067465837058,-1.0020390403705686,-0.37563515634529693,3.1675825304806504,0.042105263157894736,4.769696007084728,1.1771304036749382,0.6141485107183001,1.177129189822024,0.6141483246983005,0.9204555815168541,6.333333333333333,12068.658875
CUST100694,568052.35,369106.96,598.7,0,45.0,Female,Graduate,Salaried,2020-11-04,1,52,31.99,8.9,5.4,4.8,0,2020,11,4,Wednesday,2.0,0,0,1,0,0,0,0,0,1,0,Q3,Low,0,3,1,0.6225376416428852,0.06228755829444578,0.23571580213196883,-0.6744978375165502,1.047320118938151,0.15840710777028316,3.49620448524049,0.030312215822976666,5.6559702969517085,0.6768075859246747,0.42745309492417455,0.676805905934867,0.4274529705129606,0.6497763102291542,8.666666666666666,15143.328897083331
CUST100695,289704.27,136734.23,646.9,0,35.0,Female,Graduate,Salaried,2019-11-07,2,37,107.86,8.9,5.4,4.8,0,2019,11,7,Thursday,2.0,0,0,1,0,0,1,0,0,0,0,Q1,Low,0,0,2,-0.3465433696318428,-0.6663064893702214,-0.49115592067941444,-0.050973661922855094,-1.1484218374640485,4.543448945264771,4.690062653006054,0.009186110600771633,10.385566907973777,-0.3437171506820661,-0.7513692131828946,-0.34371653605186314,-0.751368921562766,0.47197864912381166,6.166666666666667,26039.5854685
CUST100696,186015.11,27018.13,589.6,0,42.0,Male,Secondary,Self-Employed,2024-07-22,1,38,43.45,9.5,6.1,5.6,0,2024,7,22,Monday,1.0,1,1,0,0,0,0,0,1,0,0,Q1,Low,0,0,2,0.33181333826046683,-0.9377195516889891,-0.834352519639826,-0.7922171320788458,-1.0020390403705686,0.8207582275499965,3.794364961959914,0.02249718785151856,6.591661399070799,-1.861359527553058,-1.6021250675178444,-1.8613595824719718,-1.6021250728680292,0.14524696407727308,6.333333333333333,6735.297107916666
CUST100697,353671.71,116130.27,756.8,0,24.0,Male,Secondary,Salaried,2018-06-21,1,45,56.03,9.5,6.1,5.6,0,2018,6,21,Thursday,1.0,1,1,0,0,0,1,0,0,0,0,Q2,Low,1,1,0,-1.4125324820340435,-0.49886759046225426,-0.555605978575351,1.3707132031756342,0.022640539283791155,1.5478417429800828,4.043577445168448,0.01753463089601964,7.485318964479737,-0.5047051324855069,-0.3882392942443211,-0.5047039457115327,-0.3882390915416075,0.3283561187294285,7.5,16513.521592750003
CUST100698,814212.57,553623.15,705.9,0,48.0,Female,Secondary,Salaried,2023-03-08,0,58,16.28,9.5,6.1,5.6,0,2023,3,8,Wednesday,1.0,0,1,0,0,0,0,0,0,1,0,Q4,No_Missed,1,3,3,0.9132619450253036,0.7066278068919032,0.8128902447263839,0.7122613247997189,1.9256169014990308,-0.7495803347898644,2.8495497633759097,0.057870370370370364,4.034848200366403,1.1147921630704531,1.0056288389405663,1.1147908202852068,1.0056285811432772,0.6799491562750009,9.666666666666666,11046.150533
CUST100699,707793.26,37213.92,609.4,0,36.0,Female,Primary,Self-Employed,2019-05-04,2,53,24.56,8.9,5.4,4.8,0,2019,5,4,Saturday,0.0,0,0,1,0,0,1,0,0,0,0,Q4,Low,0,3,1,-0.24963526850436998,0.42806840090433196,-0.8024596575009552,-0.5360806450092369,1.1937029160316308,-0.2710229812317472,3.241028629509334,0.03912363067292645,4.955804677345546,-1.5755319825600318,0.7847784311783659,-1.5755297338550365,0.784778202691918,0.052577386792295816,8.833333333333334,14486.168721333333
CUST100700,554444.39,332571.65,668.0,0,32.0,Female,Graduate,Self-Employed,2022-01-25,1,48,18.79,9.5,6.1,5.6,0,2022,1,25,Tuesday,2.0,0,1,0,0,0,0,0,1,0,0,Q3,Low,0,2,1,-0.6372676730142611,0.02666784553458461,0.12143180795094785,0.22197986722708268,0.46178893056423104,-0.6045104123948314,2.9851767596144745,0.05053057099545225,4.334743360338648,0.5662429890460959,0.38725448183398486,0.566241372316527,0.38725437230256043,0.5998286861555223,8.0,8681.675073416665
CUST100701,402727.64,109387.86,654.0,0,50.0,Female,Graduate,Self-Employed,2024-08-22,0,42,43.09,9.2,4.8,5.1,0,2024,8,22,Thursday,2.0,0,0,0,1,0,0,1,0,0,0,Q2,No_Missed,0,1,0,1.1070781472802491,-0.3704605304938342,-0.5766965220853434,0.04087326020816682,-0.41650785199664875,0.799951386090948,3.7862329993698465,0.0226808800181447,6.564297372910524,-0.5631907290771331,-0.15821111718532407,-0.5631893357195628,-0.15821100146038644,0.2716174633556316,7.0,14461.278339666667
CUST100702,568185.43,280613.51,579.6,0,30.0,Female,Primary,Self-Employed,2024-08-16,3,44,24.85,9.5,6.1,5.6,1,2024,8,16,Friday,0.0,0,1,0,0,0,0,1,0,0,0,Q3,Medium,0,1,0,-0.8310838752692068,0.06263590377562628,-0.04109545045788116,-0.9215789942352143,-0.12374225780968881,-0.2542619145008468,3.2523106009544382,0.03868471953578336,4.984977432245807,0.3878072680602109,0.4278406572510432,0.38780586773628994,0.42784053269878436,0.4938766381249867,7.333333333333333,11766.173279583336
CUST100703,406857.95,235048.69,724.4,0,23.0,Female,Primary,Salaried,2020-01-27,0,62,5.4,9.5,6.1,5.6,0,2020,1,27,Monday,0.0,0,1,0,0,0,0,0,1,0,0,Q2,No_Missed,1,3,3,-1.5094405831615163,-0.3596491777407998,-0.18362413363421848,0.9515807697890005,2.5111480898729504,-1.378409321107777,1.8562979903656263,0.15625,2.32379000772445,0.20399880520338962,-0.14035077972301616,0.20399776211894802,-0.1403506713024751,0.5777168419592145,10.333333333333334,1830.8607750000003
CUST100704,680085.92,240497.03,656.2,0,21.0,Male,Graduate,Unemployed,2024-11-29,0,46,20.42,9.2,4.8,5.1,0,2024,11,29,Friday,2.0,1,0,0,1,0,0,1,0,0,0,Q4,No_Missed,0,2,1,-1.703256785416462,0.3555426518471762,-0.16658149579000084,0.06933286988256847,0.16902333637727113,-0.5103016580108056,3.064325065019603,0.046685340802987856,4.518849411078001,0.22763894778964588,0.7208677631059794,0.22763785174397666,0.7208675487313276,0.3536274210764428,7.666666666666667,11572.795405333334
CUST100705,771124.28,167033.67,607.7,0,45.0,Male,Graduate,Salaried,2024-08-26,1,42,10.13,8.9,5.4,4.8,0,2024,8,26,Monday,2.0,1,0,1,0,0,0,0,1,0,0,Q4,Low,0,1,0,0.6225376416428852,0.5938414294250676,-0.39637799147481223,-0.5580721615758186,-0.41650785199664875,-1.105030543048611,2.4096441652874536,0.08984725965858041,3.1827660925679098,-0.14383506930832923,0.9205095092706065,-0.1438351355292808,0.9205092589293173,0.2166105702183311,7.0,6509.574130333333
CUST100706,383086.96,375577.56,578.2,1,24.0,Female,Secondary,Self-Employed,2018-06-04,1,37,25.94,8.9,5.4,4.8,0,2018,6,4,Monday,1.0,0,0,1,0,0,0,0,0,1,0,Q2,Low,0,0,2,-1.4125324820340435,-0.4218712768517271,0.25595611247141065,-0.9396896549371057,-1.1484218374640485,-0.19126342230539417,3.293612170982218,0.03711952487008166,5.0931326312987375,0.69532270613787,-0.2461674053293103,0.6953210211164523,-0.24616725458239416,0.9803976621913729,6.166666666666667,8281.063118666667
CUST100707,1784996.87,1933137.39,718.4,0,57.0,Female,Secondary,Salaried,2018-09-14,0,44,37.89,8.7,5.0,4.6,0,2018,9,14,Friday,1.0,0,0,0,0,1,0,0,1,0,0,Q4,No_Missed,1,1,0,1.7854348551725587,3.2477183096405144,5.1280691053079845,0.8739636524951795,-0.12374225780968881,0.49940812057135725,3.660737148167656,0.025713551041398816,6.155485358604957,2.5488750800643496,2.15248606542486,2.5488822757949015,2.1524863816332784,1.0829920334818288,7.333333333333333,56361.27617025
CUST100708,465478.91,304559.87,671.5,0,18.0,Male,Graduate,Unemployed,2022-11-15,2,58,24.68,8.7,5.0,4.6,0,2022,11,15,Tuesday,2.0,1,0,0,0,1,0,1,0,0,0,Q3,Low,0,3,3,-1.9939810887988803,-0.20620503498117118,0.03380977593534314,0.26725651898181163,1.9256169014990308,-0.2640873674120643,3.2457124788217606,0.03894080996884735,4.967896939349688,0.47355072952493243,0.09244356371717688,0.4735492082170241,0.0924435739871659,0.6542935962447795,9.666666666666666,9573.349582333332
CUST100709,288896.88,337234.25,594.4,0,57.0,Male,Secondary,Self-Employed,2019-11-05,2,58,34.42,9.5,6.1,5.6,1,2019,11,5,Tuesday,1.0,1,1,0,0,0,0,1,0,0,0,Q1,Low,0,3,3,1.7854348551725587,-0.6684198847568322,0.1360166178586351,-0.7301234382437896,1.9256169014990308,0.29885328761886126,3.5672766323546874,0.0282326369282891,5.866856057549052,0.5809636048374297,-0.7565347618004441,0.5809619764562676,-0.7565344695382444,1.1673170371379573,9.666666666666666,8286.525508
CUST100710,996115.2,318572.45,610.2,0,40.0,Female,Primary,Self-Employed,2023-10-17,0,45,11.6,8.9,5.4,4.8,0,2023,10,17,Tuesday,0.0,0,0,1,0,0,0,1,0,0,0,Q4,No_Missed,0,1,0,0.13799713600552121,1.1827696702471249,0.0776417185459599,-0.5257316960367265,0.022640539283791155,-1.020069273757496,2.533696813957432,0.07936507936507936,3.40587727318528,0.5208649723408968,1.3146669980693522,0.5208633976187672,1.3146667608855476,0.31981486679452337,7.5,9629.113599999999
CUST100711,144197.17,75743.88,650.4,0,37.0,Male,Graduate,Salaried,2024-07-19,2,45,17.32,9.2,4.8,5.1,0,2024,7,19,Friday,2.0,1,0,0,1,0,1,0,0,0,0,Q1,Low,0,1,0,-0.15272716737689718,-1.0471807061169203,-0.6819363137977001,-0.005697010168126126,0.022640539283791155,-0.6894716816859463,2.9079933592459843,0.05458515283842795,4.161730409336962,-0.9171168918729523,-2.12023365520269,-0.9171143920339683,-2.1202344495017287,0.5252799344120276,7.5,2081.2458203333335
CUST100712,576089.63,621872.31,655.1,1,39.0,Male,Graduate,Salaried,2019-11-04,2,46,30.96,9.5,6.1,5.6,0,2019,11,4,Monday,2.0,1,1,0,0,0,1,0,0,0,0,Q3,Low,0,2,1,0.041089034878048415,0.08332565694924626,1.026376502385059,0.05510306504536765,0.16902333637727113,0.0988764224846721,3.464485120898074,0.03128911138923655,5.5641710972974225,1.2427569166233474,0.4506716816210868,1.242755861208624,0.4506715488449974,1.0794714530792717,7.666666666666667,14863.112454
CUST100713,425049.49,281174.29,665.4,0,42.0,Male,Graduate,Self-Employed,2024-09-04,2,45,23.76,9.5,6.1,5.6,0,2024,9,4,Wednesday,2.0,1,1,0,0,0,0,0,1,0,0,Q2,Low,0,1,0,0.33181333826046683,-0.312031648775435,-0.03934130691135509,0.18834578306642658,0.022640539283791155,-0.3172604066962994,3.2092294478163956,0.04038772213247173,4.874423042781577,0.3898916520919144,-0.06412820060277598,0.3898902484670456,-0.06412812388577742,0.6615095338662799,7.5,8415.979902
CUST100714,981170.35,319340.77,637.54,0,38.0,Male,Graduate,Self-Employed,2022-01-12,2,50,32.28,8.9,5.4,4.8,0,2022,1,12,Wednesday,2.0,1,0,1,0,0,1,0,0,0,0,Q4,Low,0,3,1,-0.05581906624942438,1.1436505617077692,0.08004505598607367,-0.17205636490121615,0.754554524751191,0.17516817450118358,3.5049566159530077,0.03004807692307692,5.681549084536717,0.5234030224203233,1.2918561999646254,0.5234014451082012,1.291855958442049,0.3254692419109485,8.333333333333334,26393.482415000002
CUST100715,617051.55,728529.76,659.6,0,50.0,Male,Graduate,Salaried,2018-09-16,1,33,33.62,8.9,5.4,4.8,0,2018,9,16,Sunday,2.0,1,0,1,0,0,0,0,0,1,0,Q3,Low,0,0,2,1.1070781472802491,0.19054612382983807,1.360005514843487,0.11331590301573345,-1.7339530258379685,0.25261586215430865,3.544431549748063,0.028885037550548817,5.79827560572969,1.4187273880989992,0.563410814775912,1.4187268743443326,0.5634106441229577,1.180662717725934,5.5,17287.7275925
CUST100716,477589.18,131493.93,552.5,0,39.0,Male,Secondary,Unemployed,2018-11-03,1,47,42.71,9.5,6.1,5.6,0,2018,11,3,Saturday,1.0,1,1,0,0,0,1,0,0,0,0,Q3,Low,0,2,1,0.041089034878048415,-0.17450562236940823,-0.5075478006089075,-1.2721496406789732,0.3154061334707511,0.7779886089952854,3.7775769088752233,0.022878059940517045,6.535288822997803,-0.3824080145762398,0.1362753923386419,-0.38240726308482714,0.13627538404549489,0.2753285365468288,7.833333333333333,16998.19489816667
CUST100717,636951.37,281501.46,763.5,0,40.0,Male,Secondary,Self-Employed,2021-01-23,0,37,12.67,9.2,4.8,5.1,0,2021,1,23,Saturday,1.0,1,0,0,1,0,0,1,0,0,0,Q3,No_Missed,1,0,2,0.13799713600552121,0.24263518584743224,-0.038317905320504775,1.4573856508204015,-1.1484218374640485,-0.958226717198657,2.6152036507358583,0.07315288953913679,3.559494346111537,0.39110594079842187,0.6150733839495132,0.3911045352586547,0.615073197660038,0.4419512591675563,6.166666666666667,6725.144881583334
CUST100718,247565.32,140404.49,733.4,0,34.0,Female,Primary,Salaried,2018-09-03,0,40,22.29,8.9,5.4,4.8,0,2018,9,3,Monday,0.0,0,0,1,0,0,0,1,0,0,0,Q1,No_Missed,1,0,0,-0.44345147075931557,-0.7766079081723164,-0.4796751922421073,1.0680064457297322,-0.7092734461836087,-0.4022216759874146,3.1480240838962494,0.042936882782310004,4.72122865364515,-0.3174296980803569,-1.046069902280758,-0.31742917581853725,-1.0460696122586899,0.5671411892424997,6.666666666666667,4598.5258189999995
CUST100719,752947.59,170638.97,742.5,0,37.0,Male,Primary,Self-Employed,2022-07-17,2,49,43.99,8.9,5.4,4.8,0,2022,7,17,Sunday,0.0,1,0,1,0,0,0,0,0,1,0,Q4,Low,1,2,1,-0.15272716737689718,0.5462627712922509,-0.3851004606636372,1.1857257402920278,0.608171727657711,0.8519684897385693,3.806440242853081,0.02222716159146477,6.632495759516172,-0.12233963398372726,0.8829226880382285,-0.12233976955183863,0.8829224425744661,0.22662795162144023,8.166666666666666,27601.80373675
CUST100720,211182.47,229096.72,471.25800000000004,1,41.0,Female,Graduate,Salaried,2018-07-06,1,59,54.76,9.2,4.8,5.1,0,2018,7,6,Friday,2.0,0,0,0,1,0,0,0,0,1,0,Q1,Low,0,3,3,0.23490523713299402,-0.8718423640632155,-0.20224214740899177,-2.3231112812097416,2.0719996985925104,1.4744398300551058,4.0210567664522685,0.017934002869440458,7.3999999999999995,0.17758490170587665,-1.3520144364547062,0.17758392009421772,-1.3520142520000942,1.084828300379288,9.833333333333334,9636.960047666666
CUST100721,538839.78,440878.72,626.1,0,19.0,Female,Post-Graduate,Salaried,2022-12-03,1,58,7.76,8.7,5.0,4.6,0,2022,12,3,Saturday,3.0,0,0,0,0,1,0,0,0,1,0,Q3,Low,0,3,3,-1.8970729876714074,-0.014178227346997809,0.4602209015057425,-0.32004633520810094,1.9256169014990308,-1.2420089159873475,2.1701959049483,0.11415525114155252,2.7856776554368237,0.8672054361531532,0.33971693054138125,0.8672037836087177,0.3397168391959778,0.818200022277494,9.666666666666666,3484.497244
CUST100722,451164.77,77640.92,643.8,0,23.0,Male,Post-Graduate,Salaried,2020-07-13,0,39,58.13,8.7,5.0,4.6,0,2020,7,13,Monday,3.0,1,0,0,0,1,0,0,0,1,0,Q3,No_Missed,0,0,0,-1.5094405831615163,-0.24367321942648398,-0.6760022924818508,-0.09107583919132961,-0.8556562432770887,1.669214984824533,4.079738409832738,0.01691188905800778,7.624303246854758,-0.8935883757524611,0.03888740753580945,-0.8935859362942938,0.03888744058815425,0.17208994399097252,6.5,21855.17340008334
CUST100723,167765.09,37281.55,696.0,0,46.0,Female,Graduate,Self-Employed,2020-02-24,0,34,60.93,9.5,6.1,5.6,0,2020,2,24,Monday,2.0,0,1,0,0,0,0,0,0,1,0,Q1,No_Missed,0,0,2,0.719445742770358,-0.9854901558252244,-0.802248108001951,0.5841930812649144,-1.5875702287444884,1.8310459739504663,4.1260047149499695,0.016147263038914905,7.805767098754613,-1.5738922677253442,-1.8095869324609817,-1.5738900111367924,-1.8095871823791845,0.22222471909978414,5.666666666666667,8518.272444749999
CUST100724,459510.99,87405.59,722.1,0,40.0,Male,Secondary,Self-Employed,2022-05-15,2,48,17.91,9.2,4.8,5.1,0,2022,5,15,Sunday,1.0,1,0,0,1,0,1,0,0,0,0,Q3,Low,1,2,1,0.13799713600552121,-0.22182645040081017,-0.6454579919282332,0.9218275414930364,0.46178893056423104,-0.6553715804058389,2.9396908826703663,0.052882072977260705,4.232020793899765,-0.7803298659309416,0.07035133989671812,-0.7803277500670455,0.07035135955772247,0.19021436244647816,8.0,6858.20152575
CUST100725,516635.42,557378.78,752.8,0,36.0,Female,Primary,Salaried,2024-09-21,0,39,3.87,8.9,5.4,4.8,0,2024,9,21,Saturday,0.0,0,0,1,0,0,0,0,0,1,0,Q3,No_Missed,1,0,0,-0.24963526850436998,-0.07229957141448146,0.8246380141326396,1.3189684583130867,-0.8556562432770887,-1.4668383973087333,1.5830939370944985,0.2053388090349076,1.9672315572906003,1.1222050414144027,0.2692327955120721,1.122203712868158,0.2692327321323336,1.0788628855528335,6.5,1666.1492295
CUST100726,308605.24,64759.31,687.8,0,39.0,Male,Graduate,Self-Employed,2021-09-22,0,48,44.54,9.2,4.8,5.1,0,2021,9,22,Wednesday,2.0,1,0,0,1,0,0,1,0,0,0,Q2,No_Missed,0,2,1,0.041089034878048415,-0.6168319816348404,-0.7162965131216149,0.4781163542966917,0.46178893056423104,0.8837567197454489,3.8185910606355935,0.021958717610891524,6.673829485385434,-1.0651762970359768,-0.635027616278909,-1.0651734880355286,-0.6350273443678315,0.20984514067227114,8.0,11454.397824666667
CUST100727,253512.37,39770.61,585.9,0,42.0,Female,Graduate,Self-Employed,2018-12-07,0,48,18.13,9.2,4.8,5.1,0,2018,12,7,Friday,2.0,0,0,0,1,0,1,0,0,0,0,Q1,No_Missed,0,2,1,0.33181333826046683,-0.7610411213234035,-0.7944622230989294,-0.8400810210767028,0.46178893056423104,-0.6426562884030871,2.9512577834521614,0.05227391531625719,4.257933771208753,-1.5153867422118612,-1.0010693373764472,-1.5153842371090094,-1.0010690415484715,0.15687838033307802,8.0,3830.1493900833334
CUST100728,579950.23,250238.48,654.6,0,32.0,Male,Graduate,Self-Employed,2019-07-17,2,44,38.58,9.5,6.1,5.6,0,2019,7,17,Wednesday,2.0,1,1,0,0,0,0,0,0,1,0,Q3,Low,0,1,0,-0.6372676730142611,0.09343102638601118,-0.13610982837799016,0.048634971937549225,-0.12374225780968881,0.5392879000345335,3.6783239401744194,0.025265285497726126,6.211280061307813,0.2686941942660125,0.46169049572766624,0.2686930109968777,0.461690359044349,0.4314826808500447,7.333333333333333,18645.3998945
CUST100729,539972.37,187432.16,716.4,0,29.0,Male,Graduate,Salaried,2019-10-13,1,57,49.15,9.2,4.8,5.1,0,2019,10,13,Sunday,2.0,1,0,0,1,0,1,0,0,0,0,Q3,Low,1,3,3,-0.9279919763966795,-0.011213599991046578,-0.33257065242495576,0.8480912800639058,1.7792341044055506,1.1501998839849321,3.9150185144079446,0.019940179461615155,7.010706098532443,-0.02746199825721188,0.3432209675090874,-0.027462427747690272,0.3432208748030768,0.34711435327700196,9.5,22116.36832125
CUST100730,501194.99,493569.8,714.1,0,40.0,Male,Graduate,Self-Employed,2021-04-08,0,48,21.1,8.9,5.4,4.8,0,2021,4,8,Thursday,2.0,1,0,1,0,0,0,0,1,0,0,Q3,No_Missed,1,2,1,0.13799713600552121,-0.11271589255951307,0.6250408272190241,0.8183380517679416,0.46178893056423104,-0.47099984636593617,3.095577608523707,0.04524886877828054,4.5934736311423405,0.9894461711478432,0.218103735163948,0.9894446317018081,0.2181036926768476,0.9847859812006501,8.0,8812.678574166668
CUST100731,444570.08,481477.24,688.0,0,39.0,Female,Graduate,Salaried,2018-03-10,1,43,15.68,8.9,5.4,4.8,0,2018,3,10,Saturday,2.0,0,0,1,0,0,0,1,0,0,0,Q2,Low,0,1,0,0.041089034878048415,-0.2609352457361094,0.5872147883357178,0.4807035915398196,-0.2701250549031688,-0.7842584038882787,2.8142103969306005,0.05995203836930456,3.9597979746446663,0.9625022783789328,0.013542511763893504,0.9625007074102039,0.013542555600997375,1.0830176425727975,7.166666666666667,5809.049045333333
CUST100732,323964.86,128974.25,599.0,0,42.0,Female,Primary,Salaried,2022-05-03,0,45,11.17,9.2,4.8,5.1,0,2022,5,3,Tuesday,0.0,0,0,0,1,0,0,0,0,1,0,Q2,No_Missed,0,1,0,0.33181333826046683,-0.5766271858755481,-0.515429466166365,-0.6706169816518598,0.022640539283791155,-1.0449218899446928,2.498973906999436,0.08216926869350863,3.3421549934136805,-0.40152391116141684,-0.5464437650490648,-0.401523091759831,-0.5464435141978096,0.39811185077295114,7.5,3015.5729051666667
CUST100733,2457149.8175999983,1974290.1467000002,609.2,0,19.0,Male,Graduate,Salaried,2024-08-25,2,45,36.07,8.9,5.4,4.8,0,2024,8,25,Sunday,2.0,1,0,1,0,0,0,0,0,1,0,Q4,Low,0,1,0,-1.8970729876714074,5.007121991324325,5.256796667965474,-0.5386678822523634,0.022640539283791155,0.3942179776395005,3.612808017162641,0.02697599136768276,6.005830500438719,2.574153438055896,2.5782138696822097,2.5741608916478684,2.5782148248841006,0.8034878999068817,7.5,73857.82826735996
CUST100734,375464.06,242050.66,599.6,0,49.0,Female,Post-Graduate,Salaried,2023-10-06,1,57,31.98,8.9,5.4,4.8,0,2023,10,6,Friday,3.0,0,0,1,0,0,0,1,0,0,0,Q2,Low,0,3,3,1.0101700461527763,-0.44182470913673877,-0.16172167547153468,-0.6628552699224773,1.7792341044055506,0.1578291399519764,3.495901317131453,0.030321406913280773,5.655086206239477,0.23428900820006632,-0.28173208921439535,0.23428789761279703,-0.2817319248520947,0.6446706510338167,9.5,10006.117199
CUST100735,274906.87,73393.12,571.5,1,39.0,Male,Secondary,Self-Employed,2021-07-24,1,44,14.61,8.7,5.0,4.6,0,2021,7,24,Saturday,1.0,1,0,0,0,1,0,0,0,1,0,Q1,Low,0,1,0,0.041089034878048415,-0.7050396380267997,-0.6892895904541998,-1.026362102581873,-0.12374225780968881,-0.8461009604471176,2.7479117345273405,0.06406149903907751,3.8223029707232783,-0.9470436656945431,-0.8488099120002077,-0.9470410930520199,-0.8488096119602015,0.26697448485008757,7.333333333333333,3346.9911422500004
CUST100736,455857.25,204480.42,570.4,1,41.0,Female,Graduate,Salaried,2021-01-27,1,55,46.22,9.2,4.8,5.1,0,2021,1,27,Wednesday,2.0,0,0,0,1,0,0,0,0,1,0,Q3,Low,0,3,3,0.23490523713299402,-0.2313903504489596,-0.27924297444339397,-1.040591907419074,1.4864685102185908,0.9808553132210089,3.8548175316573667,0.021177467174925878,6.798529252713413,0.06110392011569595,0.05666002013843257,0.061103236831490416,0.05666004562544817,0.44856239535512493,9.166666666666666,17558.101745833334
CUST100737,400505.36,272505.77,562.7,1,49.0,Male,Secondary,Self-Employed,2020-07-04,2,47,42.9,9.2,4.8,5.1,0,2020,7,4,Saturday,1.0,1,0,0,1,0,0,0,0,1,0,Q2,Low,0,2,1,1.0101700461527763,-0.3762774916894863,-0.06645680392610764,-1.1402005412794767,0.3154061334707511,0.7889699975431165,3.7819143200811256,0.022779043280182234,6.549809157525126,0.35723121589756035,-0.16790934303066618,0.3572298660041974,-0.16790922336345013,0.6804048015736919,7.833333333333333,14318.066619999998
CUST100738,370707.25,142616.53,676.9,0,56.0,Female,Post-Graduate,Salaried,2024-06-30,3,42,9.69,8.7,5.0,4.6,0,2024,6,30,Sunday,3.0,0,0,0,0,1,0,0,1,0,0,Q2,Medium,0,1,0,1.688526754045086,-0.45427596603734954,-0.47275583760988477,0.33711192454625033,-0.41650785199664875,-1.130461127054115,2.3693087250369538,0.09354536950420955,3.1128764832546763,-0.3018928391585192,-0.3043544287214827,-0.3018923711954281,-0.3043542558924955,0.3847147041229973,7.0,2993.46104375
CUST100739,1240285.12,330572.87,659.9,0,49.0,Male,Primary,Salaried,2019-04-06,1,51,25.2,8.7,5.0,4.6,0,2019,4,6,Saturday,0.0,1,0,0,0,1,0,0,0,1,0,Q4,Low,0,3,1,1.0101700461527763,1.8219001802573183,0.11517953961412125,0.11719675888042393,0.9009373218446709,-0.23403304086010523,3.265759410767051,0.03816793893129771,5.019960159204453,0.5598737599446111,1.6391208822693084,0.5598721485582902,1.639120762779655,0.2665297395489192,8.5,26045.987520000002
CUST100740,237670.06,28340.51,575.9,0,18.0,Male,Graduate,Unemployed,2024-02-05,2,48,37.46,9.5,6.1,5.6,0,2024,2,5,Monday,2.0,1,1,0,0,0,1,0,0,0,0,Q1,Low,0,2,1,-1.9939810887988803,-0.8025093892822068,-0.8302160590972688,-0.9694428832330713,0.46178893056423104,0.47455550438416033,3.6496187401606335,0.026001040041601663,6.120457499239742,-1.819117654885631,-1.1238136563563155,-1.8191172368956412,-1.1238133817893674,0.11924308009178775,8.0,7419.267039666666
CUST100741,451617.29,262374.32,513.1,1,24.0,Male,Secondary,Self-Employed,2020-04-23,0,44,18.83,8.7,5.0,4.6,0,2020,4,23,Thursday,1.0,1,0,0,0,1,0,0,0,1,0,Q3,No_Missed,0,1,0,-1.4125324820340435,-0.24248871914737596,-0.09814840782505654,-1.7818353775750646,-0.12374225780968881,-0.6021985411216038,2.9871959425317045,0.05042864346949068,4.339354790749426,0.31781374348235686,0.04061068379491122,0.3178124640570691,0.04061071611369828,0.5809660653160555,7.333333333333333,7086.627975583332
CUST100742,246601.72,33729.81,620.5,0,31.0,Male,Graduate,Salaried,2019-07-28,2,52,10.39,9.2,4.8,5.1,0,2019,7,28,Sunday,2.0,1,0,0,1,0,1,0,0,0,0,Q1,Low,0,3,1,-0.734175774141734,-0.7791301933065616,-0.8133581008689199,-0.39248897801566757,1.047320118938151,-1.0900033797726314,2.432735777459091,0.08779631255487269,3.2233522922572395,-1.663987662422965,-1.0534799641812065,-1.6639859196252722,-1.0534796753304263,0.1367784863787649,8.666666666666666,2135.1598923333336
CUST100743,328547.39,448734.35,768.4,0,38.0,Male,Secondary,Salaried,2018-04-29,2,43,26.65,9.2,4.8,5.1,0,2018,4,29,Sunday,1.0,1,0,0,1,0,0,0,0,1,0,Q2,Low,1,1,0,-0.05581906624942438,-0.5646321181127498,0.48479364423622034,1.520772963277022,-0.2701250549031688,-0.15022770720560408,3.3196257279683437,0.03616636528028933,5.162363799656123,0.8862634978298656,-0.5209602053345381,0.8862618579021796,-0.5209599613926104,1.3658131632091186,7.166666666666667,7296.489952916666
CUST100744,1149530.06,387694.08,655.6,0,44.0,Male,Secondary,Salaried,2019-10-08,0,33,13.62,9.2,4.8,5.1,0,2019,10,8,Tuesday,1.0,1,0,0,1,0,1,0,0,0,0,Q4,No_Missed,0,0,2,0.5256295405154124,1.584342958696998,0.2938570992476068,0.06157115815318607,-1.7339530258379685,-0.9033197744595012,2.6823904543216326,0.06839945280437756,3.690528417449187,0.7292106012587731,1.5279988924019499,0.7292089112537752,1.5279987202653131,0.3372631073257884,5.5,13047.166181
CUST100745,516481.52,249917.41,714.0,0,30.0,Female,Secondary,Salaried,2022-01-18,2,38,36.21,9.5,6.1,5.6,0,2022,1,18,Tuesday,1.0,0,1,0,0,0,0,1,0,0,0,Q3,Low,1,0,2,-0.8310838752692068,-0.07270241458816373,-0.13711414891096774,0.8170444331463776,-1.0020390403705686,0.4023095270957972,3.6165775423585313,0.026874496103198066,6.017474553332153,0.2673648767603493,0.268732006430885,0.2673636962190563,0.26873194325356115,0.48388451536465427,6.333333333333333,15584.829866000004
CUST100746,513062.95,373925.08,664.4,1,40.0,Male,Post-Graduate,Self-Employed,2023-09-05,0,55,32.5,9.5,6.1,5.6,0,2023,9,5,Tuesday,3.0,1,1,0,0,0,0,0,1,0,0,Q3,No_Missed,0,3,3,0.13799713600552121,-0.08165074199723013,0.25078708517413983,0.17540959685078975,1.4864685102185908,0.18788346650393542,3.5115454388310208,0.029850746268656716,5.70087712549569,0.6906225825851194,0.2575629333238304,0.6906208986872542,0.25756287467294803,0.7288093595532478,9.166666666666666,13895.454895833334
CUST100747,288201.08,1064681.76,645.3,0,30.0,Male,Secondary,Self-Employed,2022-02-22,1,36,18.22,9.2,4.8,5.1,1,2022,2,22,Tuesday,1.0,1,0,0,1,0,0,0,0,1,0,Q1,Low,0,0,2,-0.8310838752692068,-0.6702411861229672,2.41150318140054,-0.07167155986787434,-1.2948046345575286,-0.637454578038325,2.9559514035421466,0.052029136316337155,4.268489194082608,1.8487286412665291,-0.7609999004425859,1.848730186515621,-0.760999607642344,3.6942323741465506,6.0,4375.853064666667
CUST100748,350269.5,100531.52,532.2,1,31.0,Male,Primary,Salaried,2023-07-25,2,36,25.27,8.9,5.4,4.8,0,2023,7,25,Tuesday,0.0,1,0,1,0,0,0,1,0,0,0,Q2,Low,0,0,2,-0.734175774141734,-0.5077730945164055,-0.6043995280000363,-1.5347542208564007,-1.2948046345575286,-0.22998726613195689,3.2684276036974484,0.03806623524933384,5.026927491022722,-0.6453198100128267,-0.4055568761370452,-0.6453181326203214,-0.40555666760084974,0.28701191511107876,6.0,7376.0918875
CUST100749,1205876.01,336216.42,617.5,0,23.0,Male,Graduate,Unemployed,2020-10-28,2,48,42.06,9.5,6.1,5.6,0,2020,10,28,Wednesday,2.0,1,1,0,0,0,0,0,0,1,0,Q4,Low,0,2,1,-1.5094405831615163,1.731832116085872,0.13283280259068556,-0.4312975366625781,0.46178893056423104,0.7404207008053367,3.762594491936217,0.023223409196470042,6.485368146836385,0.5777663337539135,1.5981408791086855,0.5777647078203945,1.5981407386275803,0.2788150831527032,8.0,42265.9541505
CUST100750,582246.53,255224.74,607.2,0,28.0,Male,Graduate,Self-Employed,2020-08-26,1,37,52.13,8.9,5.4,4.8,0,2020,8,26,Wednesday,2.0,1,0,1,0,0,0,1,0,0,0,Q3,Low,0,0,2,-1.0249000775241524,0.09944173970457408,-0.12051259630783513,-0.564540254683637,-1.1484218374640485,1.32243429384039,3.972741740462852,0.018821757952192732,7.220110802473879,0.2891379837732207,0.46820403563400326,0.2891367593790239,0.46820389666054296,0.43834480215794497,6.166666666666667,25293.759674083332
CUST100751,367014.57,270890.11,768.5,1,23.0,Male,Post-Graduate,Salaried,2023-07-04,0,43,26.6,9.5,6.1,5.6,0,2023,7,4,Tuesday,3.0,1,1,0,0,0,0,0,0,1,0,Q2,No_Missed,1,1,0,-1.5094405831615163,-0.4639417940464034,-0.07151065670684256,1.522066581898586,-0.2701250549031688,-0.15311754629713842,3.3178157727231046,0.036231884057971016,5.157518783291051,0.35103745596757857,-0.3221506790213265,0.35103611674380114,-0.3221504996466451,0.7380908883263135,7.166666666666667,8135.489635000001
CUST100752,563731.86,597997.74,664.7,1,39.0,Male,Primary,Salaried,2022-03-20,0,51,35.56,9.5,6.1,5.6,0,2022,3,20,Sunday,0.0,1,1,0,0,0,0,1,0,0,0,Q3,No_Missed,0,3,1,0.041089034878048415,0.05097839712834501,0.9516958381466994,0.17929045271548166,0.9009373218446709,0.36474161890584844,3.5989547465859495,0.02735229759299781,5.96322060635023,1.199544995939308,0.41481290761152134,1.1995438335689843,0.41481278782646774,1.0607840046507218,8.5,16705.254118
CUST100753,512581.56,410317.42,752.2,1,50.0,Male,Graduate,Self-Employed,2024-01-06,1,37,27.33,9.5,6.1,5.6,0,2024,1,6,Saturday,2.0,1,1,0,0,0,0,0,0,1,0,Q3,Low,1,0,2,1.1070781472802491,-0.08291081136291537,0.36462386315121825,1.3112067465837058,-1.1484218374640485,-0.11092589556073455,3.3439213138424253,0.03529827038475115,5.227810249043093,0.7899335135544526,0.25598317755525557,0.7899318284839859,0.25598311954642383,0.8004919646348573,6.166666666666667,11674.045028999999
CUST100754,278816.24,39465.95,740.2,0,28.0,Male,Secondary,Self-Employed,2022-02-20,1,39,1.81,9.5,6.1,5.6,0,2022,2,20,Sunday,1.0,1,1,0,0,0,0,0,0,1,0,Q1,Low,1,0,0,-1.0249000775241524,-0.6948066099702785,-0.7954152124581874,1.1559725119960635,-0.8556562432770887,-1.585899767879956,1.0331844833456545,0.35587188612099646,1.3453624047073711,-1.5223622315777334,-0.8224825342627574,-1.5223597528555244,-0.8224822357059458,0.141548246974423,6.5,420.54782866666665
CUST100755,361188.57,105804.86,582.3,0,39.0,Male,Secondary,Salaried,2020-11-14,2,49,22.68,8.7,5.0,4.6,0,2020,11,14,Saturday,1.0,1,0,0,0,1,0,0,1,0,0,Q2,Low,0,2,1,0.041089034878048415,-0.47919172471484683,-0.5879042975538038,-0.8866512914529957,0.608171727657711,-0.37968093107344525,3.164630810015805,0.04222972972972973,4.762352359916263,-0.5956465960675335,-0.35065705076541853,-0.5956450893948958,-0.3506568611310252,0.2929352387867645,8.166666666666666,6826.463973
CUST100756,1528801.81,205376.46,650.1,0,43.0,Male,Graduate,Salaried,2019-10-17,2,51,27.06,9.2,4.8,5.1,0,2019,10,17,Thursday,2.0,1,0,0,1,0,0,0,0,0,1,Q4,Low,0,3,1,0.4287214393879396,2.5771112202828577,-0.2764401234440194,-0.00957786603281659,0.9009373218446709,-0.12653102665502095,3.3343450746743146,0.03563791874554526,5.201922721455981,0.06556687070407631,1.9378144791930483,0.06556617521539064,1.937814572284347,0.1343381847513642,8.5,34474.4808155
CUST100757,548861.5,496088.83,784.8,0,40.0,Male,Graduate,Salaried,2023-05-09,1,42,36.37,9.5,6.1,5.6,0,2023,5,9,Tuesday,2.0,1,1,0,0,0,0,1,0,0,0,Q3,Low,1,1,0,0.13799713600552121,0.012054270967206224,0.6329204595490034,1.732926417213466,-0.41650785199664875,0.4115570121887075,3.6208682434973927,0.026759432700026762,6.0307545133258404,0.9949817143205735,0.3704281735364982,0.9949801818175219,0.3704280703729727,0.9038506617789734,7.0,16635.077295833333
CUST100758,186656.8,21253.13,695.1,0,29.0,Female,Graduate,Self-Employed,2019-07-09,1,46,26.76,9.5,6.1,5.6,0,2019,7,9,Tuesday,2.0,0,1,0,0,0,1,0,0,0,0,Q1,Low,0,2,1,-0.9279919763966795,-0.9360398867369407,-0.8523856833505921,0.5725505136708415,0.16902333637727113,-0.14387006120422793,3.3235961356386037,0.03602305475504323,5.173006862551025,-2.071347666767467,-1.5952675750001162,-2.0713509516470445,-1.5952675736998705,0.11386207199523404,7.666666666666667,4162.446639999999
CUST100759,585730.8,98420.96,690.2,0,46.0,Male,Secondary,Salaried,2019-03-01,1,49,45.19,8.9,5.4,4.8,0,2019,3,1,Friday,1.0,1,0,1,0,0,0,0,1,0,0,Q3,Low,0,2,1,0.719445742770358,0.10856204110006631,-0.6110014489022729,0.5091632012142213,0.608171727657711,0.9213246279353977,3.832763324442514,0.02164970772894566,6.722350779303324,-0.6658812864419841,0.4780302961540346,-0.6658795395784252,0.4780301537536875,0.16803104770997188,8.166666666666666,22057.64571
CUST100760,905913.0,443604.71,723.1,0,32.0,Female,Secondary,Salaried,2018-10-20,3,31,23.09,8.9,5.4,4.8,0,2018,10,20,Saturday,1.0,0,0,1,0,0,0,1,0,0,0,Q4,Medium,1,0,2,-0.6372676730142611,0.9466595953859733,0.46874791346479056,0.9347637277086732,-2.0267186200249285,-0.35598425052286214,3.18179681662678,0.04151100041511,4.805205510693585,0.8738542512076697,1.1704817718378098,0.8738526028566341,1.170481515086374,0.4896769446955723,5.166666666666667,17431.275975
CUST100761,269033.72,76830.27,688.4,0,39.0,Male,Secondary,Self-Employed,2021-04-23,2,29,27.03,8.9,5.4,4.8,0,2021,4,23,Friday,1.0,1,0,1,0,0,0,0,0,1,0,Q1,Low,0,0,2,0.041089034878048415,-0.7204129868605397,-0.6785380399514314,0.4858780660260741,-2.3194842142118883,-0.12826493010994153,3.333275365176697,0.03567606136282554,5.199038372622383,-0.9035766416973905,-0.8891941550799084,-0.9035741762822347,-0.8891938539740804,0.28557858843865375,4.833333333333333,6059.984543
CUST100762,344116.91,296991.96,693.7,1,39.0,Female,Post-Graduate,Unemployed,2019-03-07,1,48,63.91,9.2,4.8,5.1,0,2019,3,7,Thursday,3.0,0,0,0,1,0,0,0,0,1,0,Q2,Low,0,2,1,0.041089034878048415,-0.5238778955688187,0.010137033527998371,0.5544398529689503,0.46178893056423104,2.0032803838059237,4.173001695045377,0.015405946695424435,7.994373021069257,0.44715017543652674,-0.43737802430226985,0.4471486881070849,-0.4373778053791795,0.8630554075357705,8.0,18327.093098416666
CUST100763,984189.78,393460.18,674.2,0,37.0,Female,Secondary,Unemployed,2018-11-13,4,41,35.75,9.5,6.1,5.6,0,2018,11,13,Tuesday,1.0,0,1,0,0,0,1,0,0,0,0,Q4,Medium,0,1,0,-0.15272716737689718,1.151554114429743,0.3118937038048743,0.3021842217640317,-0.5628906490901286,0.37572300745367954,3.6041382256588457,0.027210884353741496,5.979130371550699,0.7449935312289047,1.2964973734042171,0.7449918407844895,1.2964971327254498,0.3997808024383265,6.833333333333333,29320.6538625
CUST100764,390094.77,211813.7,622.8,0,51.0,Male,Secondary,Salaried,2019-02-02,0,44,14.17,8.7,5.0,4.6,1,2019,2,2,Saturday,1.0,1,0,0,0,1,0,1,0,0,0,Q2,No_Missed,0,1,0,1.203986248407722,-0.40352788230355946,-0.2563041645948448,-0.3627357497197034,-0.12374225780968881,-0.8715315444526214,2.719319793360441,0.06591957811470006,3.7643060449437424,0.09710788910432358,-0.21419304819484217,0.09710710906106568,-0.214192909976083,0.5429801071160221,7.333333333333333,4606.36907575
CUST100765,408978.14,65156.01,651.3,1,30.0,Other,Secondary,Salaried,2021-09-09,2,34,4.5,8.9,5.4,4.8,0,2021,9,9,Thursday,1.0,2,0,1,0,0,0,0,1,0,0,Q2,Low,0,0,2,-0.8310838752692068,-0.3540994437030505,-0.7150556187514395,0.005945557425946743,-1.5875702287444884,-1.4304264247553984,1.7047480922384253,0.18181818181818182,2.1213203435596424,-1.0594363854768316,-0.13126456564921057,-1.059433585842642,-0.13126446096530608,0.15931416285476774,5.666666666666667,1533.668025
CUST100766,212175.3,216416.43,501.4,1,38.0,Male,Graduate,Salaried,2022-05-08,0,42,29.11,8.9,5.4,4.8,0,2022,5,8,Sunday,2.0,1,0,1,0,0,0,0,1,0,0,Q1,No_Missed,0,1,0,-0.05581906624942438,-0.86924356751918,-0.24190663057811387,-1.9331887562980163,-0.41650785199664875,-0.008047623902105398,3.4048573424936426,0.033211557622052475,5.395368384086484,0.11911924582766101,-1.3428705685969415,0.11911840858535491,-1.342870379121904,1.0199888017125462,7.0,5147.019152499999
CUST100767,797160.62,761674.85,623.6,0,57.0,Male,Secondary,Salaried,2019-08-19,2,50,15.49,8.7,5.0,4.6,0,2019,8,19,Monday,1.0,1,0,0,0,1,0,1,0,0,0,Q4,Low,0,3,1,1.7854348551725587,0.6619932282338593,1.463684757545668,-0.35238680074719303,0.754554524751191,-0.7952397924361099,2.8027541365715076,0.060642813826561545,3.9357337308308855,1.468548121740288,0.9725859586758628,1.4685477926697104,0.9725857031641083,0.9554847930144869,8.333333333333334,10290.015003166667
CUST100768,398850.54,132615.56,684.9,0,31.0,Male,Post-Graduate,Unemployed,2023-10-25,2,51,55.29,8.9,5.4,4.8,0,2023,10,25,Wednesday,3.0,1,0,1,0,0,0,1,0,0,0,Q2,Low,0,3,1,-0.734175774141734,-0.38060908974454183,-0.504039294552896,0.4406014142713451,0.9009373218446709,1.5050721244253717,4.030516899475935,0.017765144785930005,7.4357245780085215,-0.37400775599580516,-0.17517197910121457,-0.3740070342940705,-0.17517185649349734,0.33249437245340074,8.5,18377.038630499996
CUST100769,134048.83,41286.06,669.1,0,58.0,Male,Secondary,Salaried,2023-04-28,2,44,37.8,9.2,4.8,5.1,0,2023,4,28,Friday,1.0,1,0,0,1,0,0,0,1,0,0,Q1,Low,0,1,0,1.8823429563000316,-1.0737446404457553,-0.7897218314344923,0.2362096720642835,-0.12374225780968881,0.4942064102065949,3.6584202466292277,0.025773195876288662,6.148170459575759,-1.4814094033837073,-2.2728027553901686,-1.4814067817156369,-2.272803907780492,0.30799269191681866,7.333333333333333,4222.538144999999
CUST100770,186288.04,34415.06,700.9,0,46.0,Male,Post-Graduate,Salaried,2020-07-04,1,61,15.16,9.5,6.1,5.6,0,2020,7,4,Saturday,3.0,1,1,0,0,0,0,0,0,1,0,Q1,Low,1,3,3,0.719445742770358,-0.9370051398150895,-0.8112146099005241,0.6475803937215346,2.3647652927794707,-0.8143127304402378,2.7825390530929495,0.06188118811881188,3.893584466786357,-1.645940508236603,-1.599205003918573,-1.6459386488507817,-1.5992050064262444,0.18474111381492872,10.166666666666666,2353.4389053333334
CUST100771,324853.85,308401.76,639.9,0,32.0,Male,Primary,Salaried,2024-12-08,0,37,37.08,9.2,4.8,5.1,0,2024,12,8,Sunday,0.0,1,0,0,1,0,0,1,0,0,0,Q2,No_Missed,0,0,2,-0.6372676730142611,-0.5743001972272578,0.04582737026817142,-0.14152696543231302,-1.1484218374640485,0.4525927272884978,3.6396892099231644,0.026260504201680673,6.089334939055331,0.48672092385701937,-0.5414673335132668,0.4867193867091707,-0.5414670839830579,0.9493554101328953,6.166666666666667,10037.983964999998
CUST100772,245226.3,38501.38,849.0,0,45.0,Male,Graduate,Salaried,2021-06-09,2,43,23.41,8.9,5.4,4.8,0,2021,6,9,Wednesday,2.0,1,0,1,0,0,0,1,0,0,0,Q1,Low,1,1,0,0.6225376416428852,-0.7827304438455231,-0.7984324281946129,2.563429572257352,-0.2701250549031688,-0.3374892803370412,3.1949928844048685,0.04096681687832855,4.838388161361178,-1.544781438750359,-1.0641156155465847,-1.544779050674499,-1.064115328485787,0.15700346985621036,7.166666666666667,4783.9564025
CUST100773,267325.16,275747.19,812.2,0,49.0,Male,Post-Graduate,Self-Employed,2020-09-02,0,38,20.7,8.9,5.4,4.8,0,2020,9,2,Wednesday,3.0,1,0,1,0,0,0,0,0,0,1,Q1,No_Missed,1,0,2,1.0101700461527763,-0.724885252830824,-0.05631750513766865,2.087377919521917,-1.0020390403705686,-0.49411855909821245,3.077312260546414,0.04608294930875576,4.54972526643093,0.36955533502985316,-0.901135708220104,0.36955396435943394,-0.9011354070889802,1.031504816082407,6.333333333333333,4611.359009999999
CUST100774,1606499.98,854108.1,528.6,0,45.0,Female,Secondary,Salaried,2020-12-11,1,37,36.31,8.9,5.4,4.8,0,2020,12,11,Friday,1.0,0,0,1,0,0,0,1,0,0,0,Q4,Low,0,0,2,0.6225376416428852,2.780491190342063,1.7528198710874132,-1.5813244912326936,-1.1484218374640485,0.40808920527886633,3.6192613872330663,0.02680246582685607,6.025777958073132,1.5975407569567517,2.007105130074896,1.597540971180982,2.0071052884195355,0.5316577097000649,6.166666666666667,48610.01189483333
CUST100775,652872.84,713784.34,702.5,0,21.0,Male,Post-Graduate,Salaried,2021-05-29,2,47,30.06,9.5,6.1,5.6,0,2021,5,29,Saturday,3.0,1,1,0,0,0,0,0,1,0,0,Q3,Low,1,2,1,-1.703256785416462,0.28431066021058055,1.3138812177326453,0.668278291666554,0.3154061334707511,0.04685931883705053,3.435920817720541,0.03219575016097875,5.482700064749119,1.3958837559833701,0.6550703249023252,1.3958831622006582,0.65507012734356,1.0932976473642249,7.833333333333333,16354.464641999999
CUST100776,217134.79,72829.07,727.5,0,30.0,Male,Secondary,Salaried,2021-12-22,1,55,23.62,9.2,4.8,5.1,1,2021,12,22,Wednesday,1.0,1,0,0,1,0,0,0,0,1,0,Q1,Low,1,3,3,-0.8310838752692068,-0.8562617826494856,-0.6910539626989625,0.9916829470574751,1.4864685102185908,-0.32535195615259616,3.2035591207563074,0.04061738424045491,4.860041152089146,-0.9543566659980239,-1.2979294263647656,-0.9543540762844276,-1.2979292140167986,0.3354094937987598,9.166666666666666,4273.936449833333
CUST100777,372176.3,137196.15,480.2,1,35.0,Male,Post-Graduate,Salaried,2021-03-12,2,41,17.28,8.9,5.4,4.8,0,2021,3,12,Friday,3.0,1,0,1,0,0,0,0,0,1,0,Q2,Low,0,1,0,-0.3465433696318428,-0.45043063293599755,-0.4897110153921158,-2.2074359040695173,-0.5628906490901286,-0.6917835529591738,2.905807566026004,0.05470459518599562,4.156921938165306,-0.3403729677381406,-0.2973319871879027,-0.3403723648901327,-0.2973318169701099,0.3686321509456674,6.833333333333333,5359.33872
CUST100778,421164.44,226009.43,663.4,0,37.0,Male,Graduate,Salaried,2023-07-22,2,48,20.87,9.5,6.1,5.6,0,2023,7,22,Saturday,2.0,1,1,0,0,0,1,0,0,0,0,Q2,Low,0,2,1,-0.15272716737689718,-0.32220101766376935,-0.2118993210417083,0.1624734106351529,0.46178893056423104,-0.484293106186995,3.0851158346886765,0.04572473708276177,4.568369512200168,0.1636320783535507,-0.0800829953185316,0.16363113017171127,-0.08008291190568688,0.5366298968640372,8.0,7324.751552333333
CUST100779,196356.34,60691.05,691.4,0,45.0,Male,Secondary,Self-Employed,2018-12-29,0,56,17.81,8.7,5.0,4.6,0,2018,12,29,Saturday,1.0,1,0,0,0,1,1,0,0,0,0,Q1,No_Missed,0,3,3,0.6225376416428852,-0.9106507153473434,-0.7290222023840539,0.5246866246729847,1.6328513073120707,-0.661151258588908,2.934388643312939,0.053163211057947905,4.220189569201838,-1.1260016567568676,-1.4948417817091995,-1.1259987637847577,-1.4948416927133288,0.30908627651136705,9.333333333333334,2914.255346166666
CUST100780,593571.21,201326.1,649.6,0,40.0,Female,Secondary,Self-Employed,2024-08-26,1,63,50.06,8.9,5.4,4.8,0,2024,8,26,Monday,1.0,0,0,1,0,0,0,1,0,0,0,Q3,Low,0,3,3,0.13799713600552121,0.1290848198354198,-0.28910982074975017,-0.016045959140635016,2.6575308869664305,1.2027949554508606,3.9330014118133376,0.019584802193497845,7.075309180523492,0.04524727908697274,0.49989454466074956,0.04524663963500057,0.4998943947595363,0.33917767002210236,10.5,24761.812310499998
CUST100781,143952.1,62869.73,680.9,0,23.0,Other,Secondary,Self-Employed,2024-05-07,0,49,41.66,9.2,4.8,5.1,0,2024,5,7,Tuesday,1.0,2,0,0,1,0,0,0,1,0,0,Q1,No_Missed,0,2,1,-1.5094405831615163,-1.0478221926443692,-0.7222071992420988,0.3888566694087977,0.608171727657711,0.7173019880730601,3.753261713043204,0.02344116268166901,6.45445582524197,-1.0929729615269208,-2.123768785988432,-1.0929701105985465,-2.123769587863023,0.43674062413816817,8.166666666666666,4997.537071666667
CUST100782,808811.23,386866.07,656.3,0,42.0,Female,Primary,Unemployed,2024-06-03,1,49,45.59,9.5,6.1,5.6,0,2024,6,3,Monday,0.0,0,1,0,0,0,0,0,0,1,0,Q4,Low,0,2,1,0.33181333826046683,0.692489451156117,0.29126704896414596,0.07062648850413097,0.608171727657711,0.9444433406676742,3.8413859258287055,0.0214638334406525,6.7520367297579185,0.7269263099813533,0.9952502544775775,0.7269246201393987,0.9952499973129579,0.4783144146007963,8.166666666666666,30728.08664641667
CUST100783,977585.94,474068.44,706.2,0,45.0,Male,Primary,Unemployed,2018-08-22,2,35,49.53,8.9,5.4,4.8,0,2018,8,22,Wednesday,0.0,1,0,1,0,0,1,0,0,0,0,Q4,Low,1,0,2,0.6225376416428852,1.134268137405113,0.564039748734621,0.7161421806644108,-1.4411874316510085,1.1721626610805946,3.9225672193038172,0.019790223629527013,7.037755323965163,0.9456824310402593,1.2863249232359468,0.9456808422965367,1.2863246807335416,0.4849378664345357,5.833333333333333,40349.859673499996
CUST100784,1613508.88,222759.88,638.46,0,44.0,Female,Primary,Unemployed,2022-09-28,1,41,56.33,9.2,4.8,5.1,0,2022,9,28,Wednesday,0.0,0,0,0,1,0,0,0,0,1,0,Q4,Low,0,1,0,0.5256295405154124,2.7988374380355148,-0.22206405081383657,-0.16015507358282932,-0.5628906490901286,1.5651807775292899,4.048824046920291,0.017442874585731728,7.505331438384317,0.1487535114814949,2.0131627245319765,0.14875259966253482,2.0131628888820723,0.13805928356588903,6.833333333333333,75740.79600866667
CUST100785,186114.79,182571.08,711.6,1,50.0,Female,Secondary,Salaried,2018-01-27,3,51,30.11,9.5,6.1,5.6,0,2018,1,27,Saturday,1.0,0,1,0,0,0,1,0,0,0,0,Q1,Medium,1,3,1,1.1070781472802491,-0.9374586328614863,-0.34777631616322646,0.7859975862288495,0.9009373218446709,0.0497491579285851,3.4375293109095457,0.032144005143040826,5.487257967327579,-0.05408680143780798,-1.6010580176374907,-0.05408715058497818,-1.6010580219471433,0.9809595465250235,8.5,4669.930272416666
CUST100786,208148.38,43270.79,744.0,0,47.0,Male,Graduate,Salaried,2022-02-03,1,44,25.11,8.7,5.0,4.6,0,2022,2,3,Thursday,2.0,1,0,0,0,1,0,0,1,0,0,Q1,Low,1,1,0,0.8163538438978308,-0.8797842902804859,-0.7835135120916182,1.205130019615483,-0.12374225780968881,-0.23923475122486737,3.2623183827110376,0.038299502106472615,5.01098792654702,-1.4386202517551039,-1.3802718671440686,-1.4386175101446146,-1.3802716990067956,0.20788434673380596,7.333333333333333,4355.5048515
CUST100787,647561.87,334996.98,565.4,0,43.0,Male,Primary,Salaried,2018-04-03,0,46,16.88,8.7,5.0,4.6,0,2018,4,3,Tuesday,0.0,1,0,0,0,1,0,0,0,1,0,Q3,No_Missed,0,2,1,0.4287214393879396,0.27040885377697554,0.12901834271983448,-1.105272838497258,0.16902333637727113,-0.7149022656914502,2.883682769745368,0.055928411633109625,4.1085277168348275,0.5739239016430527,0.6418560529302572,0.5739222787121188,0.641855859010496,0.5173204222169535,7.666666666666667,9109.036971333331
CUST100788,847862.73,624937.55,812.2,0,37.0,Male,Primary,Self-Employed,2018-11-05,0,51,19.32,9.5,6.1,5.6,0,2018,11,5,Monday,0.0,1,1,0,0,0,1,0,0,0,0,Q4,No_Missed,1,3,1,-0.15272716737689718,0.7947092705002159,1.0359647026856296,2.087377919521917,0.9009373218446709,-0.5738781180245653,3.011605622710281,0.049212598425196846,4.3954521951671826,1.248192898826277,1.0685294149736106,1.2481918575877065,1.0685291550607072,0.7370739718680641,8.5,13650.589952999999
CUST100789,690329.27,574582.53,675.2,0,20.0,Male,Graduate,Unemployed,2018-02-21,0,48,43.51,9.5,6.1,5.6,0,2018,2,21,Wednesday,2.0,1,1,0,0,0,0,0,0,0,1,Q4,No_Missed,0,2,1,-1.8001648865439348,0.3823552809773856,0.8784520714074169,0.31512040797966856,0.46178893056423104,0.8242260344598377,3.795713883027763,0.02246686137946529,6.596211033616193,1.1555800639820375,0.7448434704013048,1.155578803193,0.744843250465772,0.8323311135278967,8.0,25030.18878141667
CUST100790,801182.75,637304.98,618.8,0,43.0,Male,Secondary,Self-Employed,2018-11-15,3,47,12.13,9.2,4.8,5.1,0,2018,11,15,Thursday,1.0,1,0,0,1,0,0,0,0,1,0,Q4,Medium,0,2,1,0.4287214393879396,0.6725214128612995,1.074650546548845,-0.4144804945822508,0.3154061334707511,-0.9894369793872299,2.574899688314705,0.07616146230007616,3.4828149534536,1.2698772091556756,0.9804537483887679,1.2698762260763508,0.9804534922613845,0.7954551942113082,7.833333333333333,8098.622297916668
CUST100791,943408.87,463464.35,683.2,0,40.0,Male,Primary,Salaried,2023-06-16,3,40,14.38,9.5,6.1,5.6,0,2023,6,16,Friday,0.0,1,1,0,0,0,1,0,0,0,0,Q4,Medium,0,0,0,0.13799713600552121,1.0448074528959232,0.530869706935194,0.41860989770476337,-0.7092734461836087,-0.8593942202681764,2.733067964077498,0.06501950585175552,3.792097045171708,0.921178936867669,1.2323665063391194,0.9211773248318919,1.2323662557311141,0.49126562695981435,6.666666666666667,11305.182958833335
CUST100792,494468.0,560268.69,606.4,1,41.0,Male,Secondary,Unemployed,2018-06-30,0,47,42.81,9.2,4.8,5.1,0,2018,6,30,Saturday,1.0,1,0,0,1,0,1,0,0,0,0,Q3,No_Missed,0,2,1,0.23490523713299402,-0.13032422265002325,0.8336777747812743,-0.5748892036561474,0.3154061334707511,0.7837682871783546,3.779862101825807,0.022825838849577722,6.542935121182236,1.1278776613434538,0.19525048410572812,1.127876343892061,0.195250451088488,1.1330737074997774,7.833333333333333,17640.1459
CUST100793,393602.8,92916.44,661.0,0,24.0,Male,Post-Graduate,Salaried,2022-05-12,1,42,19.97,8.9,5.4,4.8,0,2022,5,12,Thursday,3.0,1,0,1,0,0,1,0,0,0,0,Q2,Low,0,1,0,-1.4125324820340435,-0.3943453875759901,-0.6282198201614553,0.13142656371762476,-0.41650785199664875,-0.5363102098346165,3.0430928449138284,0.047687172150691466,4.468780594300866,-0.7214974837060191,-0.19843764956996765,-0.7214955533375075,-0.19843751761456715,0.23606651172196946,7.0,6550.206596666666
CUST100794,208460.02,119876.87,674.1,0,26.0,Female,Graduate,Salaried,2019-10-09,2,46,23.21,9.5,6.1,5.6,0,2019,10,9,Wednesday,2.0,0,1,0,0,0,0,0,0,0,1,Q1,Low,0,2,1,-1.218716279779098,-0.8789685524855126,-0.5438864553908314,0.30089060314246774,0.16902333637727113,-0.34904863670317926,3.1867657709499673,0.041305245766212306,4.817675788178362,-0.4735548684756285,-1.377347399029557,-0.4735537924926649,-1.3773472291467104,0.5750592847491812,7.666666666666667,4031.964220166666
CUST100795,375510.62,148613.23,595.1,0,39.0,Male,Secondary,Salaried,2023-05-16,2,47,34.46,9.5,6.1,5.6,0,2023,5,16,Tuesday,1.0,1,1,0,0,0,0,1,0,0,0,Q2,Low,0,2,1,0.041089034878048415,-0.44170283533448634,-0.4539979065041865,-0.7210681078928431,0.3154061334707511,0.30116515889208884,3.5684053006460617,0.02820078962210942,5.8702640485756685,-0.2608720510540933,-0.28151231470296334,-0.26087172519119384,-0.28151215042367206,0.395763054584182,7.833333333333333,10783.413304333333
CUST100796,408526.22,53908.4,662.5,0,38.0,Male,Graduate,Salaried,2021-07-07,2,48,55.11,9.2,4.8,5.1,0,2021,7,7,Wednesday,2.0,1,0,0,1,0,1,0,0,0,0,Q2,Low,0,2,1,-0.05581906624942438,-0.35528237344346997,-0.7502386183151601,0.15083084304108002,0.46178893056423104,1.4946687036958475,4.0273140497628805,0.017822135091783996,7.423610981186986,-1.236374403284636,-0.1331966849855273,-1.2363714393084837,-0.1331965795059368,0.13195823758876482,8.0,18761.5666535
CUST100797,262412.63,39388.22,593.9,0,45.0,Female,Graduate,Salaried,2024-02-23,1,36,22.29,8.7,5.0,4.6,0,2024,2,23,Friday,2.0,0,0,0,0,1,1,0,0,0,0,Q1,Low,0,0,2,0.6225376416428852,-0.7377441168724731,-0.795658355184161,-0.736591531351608,-1.2948046345575286,-0.4022216759874146,3.1480240838962494,0.042936882782310004,4.72122865364515,-1.5241499379929444,-0.9359727118627401,-1.5241474661693282,-0.9359724114410183,0.15010032100970142,6.0,4874.31460225
CUST100798,433209.49,78723.6,593.4,0,39.0,Female,Graduate,Salaried,2024-04-21,2,40,24.36,8.9,5.4,4.8,0,2024,4,21,Sunday,2.0,0,0,1,0,0,0,1,0,0,0,Q2,Low,0,0,0,0.041089034878048415,-0.2906723226074812,-0.6726156236724193,-0.7430596244594264,-0.7092734461836087,-0.28258233759788526,3.233173129569025,0.03943217665615142,4.935585071701226,-0.880398259771086,-0.031164266542663667,-0.8803958552982597,-0.031164203733419854,0.18172178084095067,6.666666666666667,8794.152646999999
CUST100799,246641.6,101837.65,569.1,0,38.0,Female,Graduate,Salaried,2023-07-18,2,45,16.86,9.2,4.8,5.1,0,2023,7,18,Tuesday,2.0,0,0,0,1,0,0,1,0,0,0,Q1,Low,0,1,0,-0.05581906624942438,-0.7790258048350447,-0.6003138981444348,-1.0574089494994012,0.022640539283791155,-0.716058201328064,2.882563575448353,0.055991041433370664,4.106093033529562,-0.6327950400707288,-1.0531726184986834,-0.6327934053640074,-1.053172329598098,0.4128972971307354,7.5,3465.31448
CUST100800,816133.14,844560.23,620.1,0,48.0,Other,Graduate,Self-Employed,2018-12-02,3,46,12.89,8.9,5.4,4.8,0,2018,12,2,Sunday,2.0,2,0,1,0,0,0,1,0,0,0,Q4,Medium,0,2,1,0.9132619450253036,0.7116550227078822,1.7229537300988422,-0.39766345250192203,0.16902333637727113,-0.9455114251959051,2.6311691567662523,0.07199424046076314,3.5902646142032486,1.5848333538316293,1.0092998462630516,1.5848335103394615,1.0092995882608715,1.034831436939321,7.666666666666667,8766.630145500001
CUST100801,559167.0,365736.52,605.9,0,32.0,Male,Secondary,Self-Employed,2022-04-26,0,48,13.55,9.5,6.1,5.6,0,2022,4,26,Tuesday,1.0,1,1,0,0,0,1,0,0,0,0,Q3,No_Missed,0,2,1,-0.6372676730142611,0.03902958172993262,0.2251729233293124,-0.5813572967639659,0.46178893056423104,-0.9073655491876494,2.6775909936175015,0.06872852233676975,3.681032463861192,0.6670436652303783,0.40133444842307425,0.6670419885456874,0.4013343336248783,0.6540738634433005,8.0,6313.927375
CUST100802,343594.67,179722.19,687.9,0,39.0,Female,Primary,Self-Employed,2022-03-06,1,39,28.51,9.5,6.1,5.6,0,2022,3,6,Sunday,0.0,0,1,0,0,0,1,0,0,0,0,Q2,Low,0,0,0,0.041089034878048415,-0.5252448924435676,-0.3566877645177735,0.47940997291825566,-0.8556562432770887,-0.04272569300051957,3.3847291889548483,0.03388681802778719,5.339475629684998,-0.06999802824264952,-0.4401095535175342,-0.06999832855088062,-0.440109333723697,0.5230645457917028,6.5,8163.236701416667
CUST100803,490834.53,47593.44,737.7,0,33.0,Male,Secondary,Salaried,2020-09-16,1,48,36.34,9.2,4.8,5.1,0,2020,9,16,Wednesday,1.0,1,0,0,1,0,0,1,0,0,0,Q3,Low,1,2,1,-0.5403595718867884,-0.1398350646661353,-0.7699920801550454,1.1236320464569716,0.46178893056423104,0.40982310873378713,3.6200651381135764,0.026780931976432776,6.028266749240614,-1.351402712191038,0.18275535516389516,-1.3513998103558098,0.18275532735342923,0.09696432726523947,8.0,14864.105683500004
CUST100804,240915.28,26340.8,703.0,0,33.0,Male,Post-Graduate,Self-Employed,2021-07-02,1,42,17.86,9.5,6.1,5.6,0,2021,7,2,Friday,3.0,1,1,0,0,0,0,1,0,0,0,Q1,Low,1,1,0,-0.5403595718867884,-0.7940148166759853,-0.8364712365134104,0.6747463847743723,-0.41650785199664875,-0.6582614194973735,2.937043277205311,0.053022269353128315,4.226109321823087,-1.8837449273711135,-1.097907442386464,-1.883745254665113,-1.0979071618797092,0.10933636089832077,7.0,3585.622417333333
CUST100805,236444.23,70173.98,727.8,0,35.0,Male,Graduate,Salaried,2019-05-29,3,46,3.05,9.2,4.8,5.1,1,2019,5,29,Wednesday,2.0,1,0,0,1,0,0,0,0,1,0,Q1,Medium,1,2,1,-0.3465433696318428,-0.8057180783504009,-0.6993591964607696,0.9955638029221655,0.16902333637727113,-1.5142317584098997,1.3987168811184478,0.2469135802469136,1.746424919657298,-0.9895024949635866,-1.1337068549207403,-0.9894998274118343,-1.133706582836736,0.2967887184220989,7.666666666666667,600.9624179166666
CUST100806,312193.96,175771.67,721.1,0,40.0,Male,Graduate,Salaried,2023-07-23,1,45,48.62,9.5,6.1,5.6,0,2023,7,23,Sunday,2.0,1,1,0,0,0,0,0,0,1,0,Q2,Low,1,1,0,0.13799713600552121,-0.6074382756292694,-0.3690451580828481,0.9088913552773996,0.022640539283791155,1.119567589614666,3.9043939782636548,0.02015316404675534,6.972804313904127,-0.09245378422642077,-0.6138768898519086,-0.0924540146023364,-0.6138766225285153,0.5630207259615144,7.5,12649.058612666666
CUST100807,398092.46,22540.96,575.9,0,33.0,Male,Post-Graduate,Salaried,2018-08-30,0,50,11.8,9.2,4.8,5.1,0,2018,8,30,Thursday,3.0,1,0,0,1,0,0,0,1,0,0,Q2,No_Missed,0,3,1,-0.5403595718867884,-0.38259341302657635,-0.8483572966686084,-0.9694428832330713,0.754554524751191,-1.0085099173913579,2.5494451709255714,0.078125,3.4351128074635335,-2.0202096578988926,-0.1785107689601178,-2.0202120072160454,-0.17851064500407862,0.05662242384595779,8.333333333333334,3914.575856666667
CUST100808,478141.02,158458.35,623.3,0,52.0,Female,Secondary,Salaried,2024-01-06,4,42,24.6,9.2,4.8,5.1,0,2024,1,6,Saturday,1.0,0,0,0,1,0,0,1,0,0,0,Q3,Medium,0,1,0,1.3008943495351948,-0.17306114558601066,-0.4232019549496095,-0.356267656611885,-0.41650785199664875,-0.26871110995851943,3.242592351485517,0.0390625,4.959838707054898,-0.19674538840211242,0.1382417560979411,-0.19674528016893036,0.13824174697506023,0.3314050528440333,7.0,9801.89091
CUST100809,479182.11,347247.9,792.4,1,28.0,Female,Graduate,Salaried,2022-09-30,2,46,7.59,8.7,5.0,4.6,0,2022,9,30,Friday,2.0,0,0,0,0,1,1,0,0,0,0,Q3,Low,1,2,1,-1.0249000775241524,-0.17033602538010448,0.16733973837768323,1.831241432452306,0.16902333637727113,-1.251834368898565,2.150598735996164,0.11641443538998836,2.7549954627911823,0.611950230885056,0.14194426117392317,0.6119485811872389,0.14194425048954168,0.7246679138334277,7.666666666666667,3030.82684575
CUST100810,224913.43,123913.73,606.4,0,36.0,Male,Graduate,Self-Employed,2024-11-05,1,45,56.44,8.9,5.4,4.8,1,2024,11,5,Tuesday,2.0,1,0,1,0,0,0,0,1,0,0,Q1,Low,0,1,0,-0.24963526850436998,-0.835900690872146,-0.5312589866558023,-0.5748892036561474,0.022640539283791155,1.5715384235306658,4.050740924739968,0.017409470752089137,7.512655988397179,-0.44098688459286894,-1.2298001372011917,-0.44098592465990677,-1.2297998956847505,0.550939665986153,7.5,10578.428324333332
CUST100811,423199.56,353460.32,798.3,1,33.0,Male,Post-Graduate,Self-Employed,2024-03-09,0,42,11.36,8.9,5.4,4.8,0,2024,3,9,Saturday,3.0,1,0,1,0,0,0,0,0,0,1,Q2,No_Missed,1,1,0,-0.5403595718867884,-0.31687395983645,0.18677245076277196,1.9075649311245633,-0.41650785199664875,-1.0339405013968617,2.514465452029545,0.08090614886731393,3.370459909270543,0.6307598729804158,-0.07170403227285921,0.6307582124867886,-0.07170395237318192,0.8352095640175051,7.0,4006.2891679999993
CUST100812,491378.01,161170.79,616.6,0,54.0,Female,Post-Graduate,Salaried,2019-10-30,1,41,38.79,9.5,6.1,5.6,1,2019,10,30,Wednesday,3.0,0,1,0,0,0,0,0,0,1,0,Q3,Low,0,1,0,1.4947105517901405,-0.13841247072180207,-0.414717327963377,-0.442940104256651,-0.5628906490901286,0.5514252242189785,3.683615624438837,0.025131942699170646,6.228161847608008,-0.17972784700826705,0.18463117512302726,-0.17972779543593265,0.18463114652969528,0.3279975634237275,6.833333333333333,15883.79417325
CUST100813,129109.2296,17348.33,486.2,0,40.0,Female,Graduate,Self-Employed,2019-08-17,1,42,27.32,8.7,5.0,4.6,0,2019,8,17,Saturday,2.0,0,0,0,0,1,0,0,0,0,1,Q1,Low,0,1,0,0.13799713600552121,-1.0866743630049407,-0.8646000628228901,-2.1298187867756964,-0.41650785199664875,-0.11150386337904133,3.343568268825519,0.03531073446327684,5.226853738148792,-2.2461623201263685,-2.3520202021613557,-2.2461696795210737,-2.35202156682591,0.13436940220112661,7.0,2939.3867938933336
CUST100814,2401423.01,270492.38,630.2,0,49.0,Male,Secondary,Self-Employed,2023-12-19,2,42,20.06,9.2,4.8,5.1,0,2023,12,19,Tuesday,1.0,1,0,0,1,0,0,0,0,1,0,Q4,Low,0,1,0,1.0101700461527763,4.861253479090602,-0.07275477296056028,-0.26700797172398955,-0.41650785199664875,-0.5311084994698544,3.0473755067058295,0.04748338081671415,4.4788391353117385,0.34950746780934283,2.548401795320248,0.3495061312445138,2.548402696657672,0.1126383726955294,7.0,40143.787983833325
CUST100815,2457149.8175999983,1974290.1467000002,717.7,0,22.0,Female,Graduate,Unemployed,2018-09-13,1,50,43.72,8.9,5.4,4.8,0,2018,9,13,Thursday,2.0,0,0,1,0,0,0,0,1,0,0,Q4,Low,1,3,1,-1.6063486842889891,5.007121991324325,5.256796667965474,0.8649083221442346,0.754554524751191,0.8363633586442827,3.8004208288468435,0.022361359570661897,6.612110101926616,2.574153438055896,2.5782138696822097,2.5741608916478684,2.5782148248841006,0.8034878999068817,8.333333333333334,89522.15835455993
CUST100816,293979.79,315435.55,783.1,0,41.0,Male,Primary,Salaried,2022-02-11,2,56,56.93,9.2,4.8,5.1,0,2022,2,11,Friday,0.0,1,0,0,1,0,0,0,1,0,0,Q1,Low,1,3,3,0.23490523713299402,-0.6551150400788478,0.06782936273602022,1.7109349006468841,1.6328513073120707,1.5998588466277042,4.059235385108533,0.017262213015708613,7.545197147855051,0.510443307171042,-0.724292147475557,0.5104417433796672,-0.7242918595593499,1.0729837925253298,9.333333333333334,13946.891203916666
CUST100817,210967.66,125767.72,531.8,0,48.0,Male,Graduate,Unemployed,2019-07-15,0,30,47.36,9.2,4.8,5.1,0,2019,7,15,Monday,2.0,1,0,0,1,0,0,1,0,0,0,Q1,No_Missed,0,0,2,0.9132619450253036,-0.8724046430894578,-0.5254596275598572,-1.5399286953426565,-2.173101417118408,1.046743644507996,3.878673025746592,0.0206782464846981,6.881860213634101,-0.4263583327603455,-1.353999413049609,-0.4263574249541743,-1.3539992297014976,0.596146916546356,5.0,8326.190314666666
CUST100818,247305.3,48036.04,716.3,0,39.0,Female,Post-Graduate,Salaried,2023-10-12,2,36,13.2,8.9,5.4,4.8,0,2023,10,12,Thursday,3.0,0,0,1,0,0,0,0,0,1,0,Q1,Low,1,0,2,0.041089034878048415,-0.7772885272887614,-0.7686076086444842,0.8467976614423418,-1.2948046345575286,-0.9275944228283912,2.653241964607215,0.07042253521126761,3.63318042491699,-1.3428919260398526,-1.0480661321972413,-1.342889014138816,-1.0480658424846279,0.1942378105119462,6.0,2720.3583
CUST100819,398805.95,161380.21,721.5,0,50.0,Male,Secondary,Self-Employed,2021-08-27,1,48,40.51,9.5,6.1,5.6,0,2021,8,27,Friday,1.0,1,1,0,0,0,0,0,0,1,0,Q2,Low,1,2,1,1.1070781472802491,-0.38072580694476593,-0.414062253350314,0.914065829763654,0.46178893056423104,0.6508356889677662,3.7259343620649474,0.02409058058299205,6.364746656387825,-0.17842504848479673,-0.1753681606304926,-0.17842500122943114,-0.1753680379434814,0.4046584811485385,8.0,13463.024195416667
CUST100820,930518.59,73503.44,754.1,0,32.0,Male,Graduate,Salaried,2019-02-11,6,48,50.13,8.7,5.0,4.6,0,2019,2,11,Monday,2.0,1,0,0,0,1,1,0,0,0,0,Q4,High,1,2,1,-0.6372676730142611,1.0110663138130493,-0.68894450483051,1.3357855003934156,0.46178893056423104,1.206840730179009,3.934371409091908,0.019557989438685704,7.0802542327235685,-0.945619450791409,1.2114204843675414,-0.945616881507217,1.2114202313098108,0.07899190923203372,8.0,38872.41409725001
CUST100821,794580.13,526907.66,471.25800000000004,0,54.0,Female,Secondary,Salaried,2023-02-04,2,50,27.45,9.2,4.8,5.1,1,2023,2,4,Saturday,1.0,0,0,0,1,0,0,1,0,0,0,Q4,Low,0,3,1,1.4947105517901405,0.6552386292653369,0.7293230626304027,-2.3231112812097416,0.754554524751191,-0.10399028174105163,3.34814816057234,0.0351493848857645,5.239274758971894,1.0606724400933516,0.9675137782184883,1.060671002223527,0.967513523126983,0.6631271537082107,8.333333333333334,18176.02047375
CUST100822,370289.62,142044.56,782.5,0,63.0,Female,Secondary,Self-Employed,2023-08-25,0,47,17.77,9.2,4.8,5.1,0,2023,8,25,Friday,1.0,0,0,0,1,0,0,0,0,0,1,Q2,No_Missed,1,2,1,2.3668834619373955,-0.4553691394917028,-0.47454498394945926,1.7031731889175017,0.3154061334707511,-0.6634631298621356,2.9322598505984176,0.05327650506126798,4.215447781671599,-0.3058886677551904,-0.30635673499984206,-0.305888185850167,-0.3063565614292088,0.3836039476342869,7.833333333333333,5483.372122833333
CUST100823,856107.03,193285.76,685.3,0,34.0,Male,Secondary,Salaried,2022-09-07,1,59,14.0,9.2,4.8,5.1,0,2022,9,7,Wednesday,1.0,1,0,0,1,0,0,1,0,0,0,Q4,Low,0,3,3,-0.44345147075931557,0.816289257353949,-0.3142603441686956,0.44577588875759955,2.0719996985925104,-0.8813569973638388,2.70805020110221,0.06666666666666667,3.7416573867739413,0.0037611879808963355,1.0834966809055848,0.0037606665769131216,1.0834964209352096,0.22577289197122935,9.833333333333334,9987.915350000001
CUST100824,648369.98,47335.77,686.7,0,33.0,Male,Graduate,Salaried,2018-09-16,0,31,38.49,8.9,5.4,4.8,1,2018,9,16,Sunday,2.0,1,0,1,0,0,0,0,0,0,1,Q3,No_Missed,0,0,2,-0.5403595718867884,0.2725241338100129,-0.7707980828078387,0.4638865494594923,-2.0267186200249285,0.5340861896697716,3.676047475298558,0.02532286654849329,6.20403094769844,-1.3563913621392079,0.6438748546248225,-1.356388466641598,0.6438746601436675,0.07300734373914103,5.166666666666667,20796.4671085
CUST100825,447589.67,78760.84,733.1,0,54.0,Male,Post-Graduate,Salaried,2019-12-24,1,50,40.26,8.7,5.0,4.6,0,2019,12,24,Tuesday,3.0,1,0,0,0,1,0,0,0,1,0,Q2,Low,1,3,1,1.4947105517901405,-0.2530312742038188,-0.6724991353781281,1.0641255898650417,0.754554524751191,0.6363864935100936,3.7198935076431057,0.024236548715462918,6.345076831686122,-0.8799475727294225,0.025201525398355774,-0.8799451694658963,0.0252015642756327,0.17596661692393392,8.333333333333334,15016.6334285
CUST100826,266501.85,185993.96,489.6,0,55.0,Female,Post-Graduate,Self-Employed,2021-07-06,4,46,9.18,9.2,4.8,5.1,0,2021,7,6,Tuesday,3.0,0,0,0,1,0,0,0,0,1,0,Q1,Medium,0,2,1,1.591618652917613,-0.7270403198439781,-0.33706940282371095,-2.0858357536425305,0.16902333637727113,-1.159937485787767,2.3204250111223765,0.09823182711198429,3.0298514815086235,-0.03527180749146347,-0.906921849401608,-0.03527221359813587,-0.906921548306939,0.6979087011966334,7.666666666666667,2038.7391524999998
CUST100827,1117744.56,531560.18,731.2,0,32.0,Male,Secondary,Salaried,2019-09-06,1,62,28.63,9.2,4.8,5.1,0,2019,9,6,Friday,1.0,1,0,0,1,0,0,1,0,0,0,Q4,Low,1,3,3,-0.6372676730142611,1.5011423628745109,0.7438763418719662,1.039546836055332,2.5111480898729504,-0.03579007918083686,3.388787361585474,0.03374957813027337,5.350700888668698,1.070277946206506,1.4866379845925515,1.070276524077853,1.486637796249799,0.4755649895536061,10.333333333333334,26667.522294000002
CUST100828,2457149.8175999983,1974290.1467000002,840.0,0,33.0,Male,Post-Graduate,Self-Employed,2022-08-22,1,32,21.72,9.5,6.1,5.6,0,2022,8,22,Monday,3.0,1,1,0,0,0,1,0,0,0,0,Q4,Low,1,0,2,-0.5403595718867884,5.007121991324325,5.256796667965474,2.4470038963166205,-1.8803358229314484,-0.4351658416309082,3.1232455938529506,0.04401408450704226,4.6604720790924175,2.574153438055896,2.5782138696822097,2.5741608916478684,2.5782148248841006,0.8034878999068817,5.333333333333333,44474.41169855996
CUST100829,406710.52,120314.06,540.5,1,35.0,Female,Graduate,Salaried,2023-06-02,1,43,14.67,9.2,4.8,5.1,0,2023,6,2,Friday,2.0,0,0,0,1,0,0,0,1,0,0,Q2,Low,0,1,0,-0.3465433696318428,-0.36003508527228767,-0.5425189065889736,-1.4273838752666153,-0.2701250549031688,-0.8426331535372761,2.7517480563679295,0.06381620931716656,3.8301436004411116,-0.46997902219251786,-0.14098465313746616,-0.4699779589454184,-0.14098454445673858,0.2958223455837828,7.166666666666667,4972.036107
CUST100830,355153.79,356877.56,644.8,0,23.0,Male,Secondary,Salaried,2020-03-23,3,40,22.06,9.5,6.1,5.6,0,2020,3,23,Monday,1.0,1,1,0,0,0,0,0,0,1,0,Q2,Medium,0,0,0,-1.5094405831615163,-0.49498815049571016,0.1974617219438609,-0.07813965297569277,-0.7092734461836087,-0.41551493580847343,3.138099514840913,0.04336513443191674,4.696807426326951,0.640975988863129,-0.38075600982224383,0.640974323190789,-0.3807558096779762,1.0048535875120466,6.666666666666667,6528.910506166666
CUST100831,434733.42,46574.79,653.0,0,28.0,Male,Primary,Salaried,2022-11-22,0,41,36.03,8.9,5.4,4.8,0,2022,11,22,Tuesday,0.0,1,0,1,0,0,0,0,0,1,0,Q2,No_Missed,0,1,0,-1.0249000775241524,-0.2866833375673918,-0.7731784604176597,0.02793707399252997,-0.5628906490901286,0.39190610636627293,3.6117283949255214,0.027005130974885227,6.002499479383568,-1.3712729391812088,-0.025088302092438397,-1.3712700645440958,-0.025088241855571562,0.10713413751351346,6.833333333333333,13052.8709355
CUST100832,409990.63,50887.68,678.5,0,27.0,Male,Secondary,Salaried,2018-11-27,3,48,2.99,8.7,5.0,4.6,0,2018,11,27,Tuesday,1.0,1,0,0,0,1,0,1,0,0,0,Q2,Medium,0,2,1,-1.1218081786516252,-0.3514491858413114,-0.759687558173683,0.3578098224912696,0.46178893056423104,-1.517699565319741,1.3837912309017721,0.2506265664160401,1.7291616465790582,-1.289741664160868,-0.12694483269059537,-1.2897387098289685,-0.12694472978775115,0.12411912925912477,8.0,1021.5599864166668
CUST100833,188952.17,148254.03,684.1,0,30.0,Female,Post-Graduate,Salaried,2024-01-22,2,53,38.31,8.7,5.0,4.6,0,2024,1,22,Monday,3.0,0,0,0,0,1,0,0,1,0,0,Q1,Low,0,3,1,-0.8310838752692068,-0.9300316077533455,-0.45512149928907936,0.4302524652988362,1.1937029160316308,0.5236827689402473,3.671478939433769,0.025438819638768758,6.189507250177513,-0.2632855354799432,-1.5709610362201905,-0.26328520131248345,-1.570961012042708,0.7846114177995415,8.833333333333334,6032.29802725
CUST100834,802483.92,105878.67,596.3,0,38.0,Male,Graduate,Salaried,2021-05-01,1,59,12.15,9.5,6.1,5.6,0,2021,5,1,Saturday,2.0,1,1,0,0,0,0,1,0,0,0,Q4,Low,0,3,3,-0.05581906624942438,0.6759273092375198,-0.5876734167535451,-0.7055446844340798,2.0719996985925104,-0.9882810437506162,2.5764217586237734,0.07604562737642585,3.4856850115866753,-0.5949677777471951,0.9829891433027409,-0.5949662734319427,0.9829888869864156,0.1319386810890865,9.833333333333334,8125.14969
CUST100835,390457.43,188604.69,653.2,0,41.0,Male,Graduate,Unemployed,2022-03-25,3,45,67.95,8.7,5.0,4.6,0,2022,3,25,Friday,2.0,1,0,0,0,1,1,0,0,0,0,Q2,Medium,0,1,0,0.23490523713299402,-0.402578596368747,-0.32890292901718743,0.03052431123565793,0.022640539283791155,2.2367793824019135,4.233381604239311,0.0145032632342277,8.243178998420452,-0.021135899726565696,-0.2125566124064899,-0.021136348044621913,-0.2125564748356327,0.4830352184615875,7.5,22109.65197375
CUST100836,1256809.85,1280755.64,789.5,0,55.0,Female,Secondary,Self-Employed,2021-10-29,0,49,34.9,8.9,5.4,4.8,0,2021,10,29,Friday,1.0,0,0,1,0,0,0,0,1,0,0,Q4,No_Missed,1,2,1,1.591618652917613,1.865154726569496,3.08739141239107,1.7937264924269596,0.608171727657711,0.3265957428975925,3.580737295494233,0.02785515320334262,5.9076221950967716,2.0624241324518415,1.6583326426202996,2.0624270978069004,1.6583325336201964,1.0190528344442875,8.166666666666666,36552.21980416666
CUST100837,557935.5,855587.94,682.5,1,27.0,Male,Graduate,Salaried,2019-01-22,1,58,8.24,9.2,4.8,5.1,0,2019,1,22,Tuesday,2.0,1,0,0,1,0,1,0,0,0,0,Q3,Low,0,3,3,-1.1218081786516252,0.03580605107112931,1.757448873166466,0.40955456735381696,1.9256169014990308,-1.214266460708616,2.2235418856535927,0.10822510822510822,2.870540018881465,1.5994984856631762,0.39767626401852707,1.5994987088611456,0.3976761505831672,1.5334889785647265,9.666666666666666,3831.1571
CUST100838,129109.2296,53372.3,679.5,0,49.0,Male,Primary,Salaried,2022-02-27,1,41,20.69,9.5,6.1,5.6,0,2022,2,27,Sunday,0.0,1,1,0,0,0,0,0,1,0,0,Q1,Low,0,1,0,1.0101700461527763,-1.0866743630049407,-0.751915561778359,0.37074600870690644,-0.5628906490901286,-0.4946965269165193,3.076851324838783,0.04610419548178884,4.548626166217664,-1.2456397137842203,-2.3520202021613557,-1.2456367492588039,-2.35202156682591,0.4133887264710315,6.833333333333333,2226.0583003533334
CUST100839,218623.66,119289.26,592.8,0,39.0,Male,Secondary,Salaried,2022-12-23,2,52,5.36,9.5,6.1,5.6,0,2022,12,23,Friday,1.0,1,1,0,0,0,0,1,0,0,0,Q1,Low,0,3,1,0.041089034878048415,-0.852364569420113,-0.5457245243115743,-0.7508213361888089,1.047320118938151,-1.3807211923810048,1.8500283773520307,0.15723270440251572,2.3151673805580453,-0.47838014005513874,-1.284671037962101,-0.4783790468906704,-1.284670819426933,0.5456374666859021,8.666666666666666,976.5190146666666
CUST100840,135899.33,13941.3458,757.1,0,37.0,Male,Graduate,Salaried,2022-12-23,2,44,20.56,9.2,4.8,5.1,0,2022,12,23,Friday,2.0,1,0,0,1,0,0,0,0,0,1,Q1,Low,1,1,0,-0.15272716737689718,-1.0689008373729858,-0.8752572534280234,1.374594059040326,-0.12374225780968881,-0.5022101085545092,3.070839746040796,0.0463821892393321,4.534313619501853,-2.431605975716579,-2.243998294030845,-2.4316194723341282,-2.2439993738105493,0.10258583173294526,7.333333333333333,2328.4085206666664
CUST100841,217134.79,298075.26,632.6,1,45.0,Male,Primary,Salaried,2022-12-20,2,33,20.9,9.2,4.8,5.1,0,2022,12,20,Tuesday,0.0,1,0,0,1,0,0,1,0,0,0,Q1,Low,0,0,2,0.6225376416428852,-0.8562617826494856,0.013525641723639757,-0.23596112480646142,-1.7339530258379685,-0.4825592027320744,3.086486636822455,0.04566210045662101,4.571651780264984,0.45096728701997807,-1.2979294263647656,0.4509657945953618,-1.2979292140167986,1.372766013221557,5.5,3781.7642591666668
CUST100842,180145.31,23265.04,486.0,0,26.0,Male,Graduate,Self-Employed,2024-07-03,0,45,17.51,8.9,5.4,4.8,0,2024,7,3,Wednesday,2.0,1,0,1,0,0,0,1,0,0,0,Q1,No_Missed,0,1,0,-1.218716279779098,-0.9530841316817164,-0.8460923438187054,-2.1324060240188234,0.022640539283791155,-0.678490293138115,2.9183111265854063,0.05402485143165856,4.1844951905815355,-1.9926365045601353,-1.6661630194871786,-1.9926383918441388,-1.666163091212381,0.1291459655541407,7.5,2628.6203150833335
CUST100843,508343.22,178423.36,683.6,0,42.0,Male,Secondary,Self-Employed,2022-02-24,1,45,63.4,9.2,4.8,5.1,0,2022,2,24,Thursday,1.0,1,0,0,1,0,1,0,0,0,0,Q3,Low,0,1,0,0.33181333826046683,-0.09400493960687194,-0.36075055966477343,0.4237843721910178,0.022640539283791155,1.9738040250722717,4.165113633110308,0.015527950310559004,7.962411694957753,-0.0773299139035828,0.2419992926719287,-0.0773301915059202,0.24199924036570516,0.3509899473037134,7.5,26857.46679
CUST100844,371815.51,378935.01,706.6,1,40.0,Male,Graduate,Salaried,2021-05-25,2,45,25.45,8.9,5.4,4.8,0,2021,5,25,Tuesday,2.0,1,0,1,0,0,0,0,0,1,0,Q2,Low,1,1,0,0.13799713600552121,-0.4513750240252299,0.2664583580049252,0.7213166551506652,0.022640539283791155,-0.21958384540243261,3.2752561583043085,0.03780718336483932,5.044799302251775,0.7048134215264585,-0.2990536589470433,0.7048117345563581,-0.29905348808762766,1.0191479371046142,7.5,7885.587274583334
CUST100845,664836.85,152826.78,626.1,0,43.0,Female,Secondary,Salaried,2018-11-16,1,44,22.45,9.5,6.1,5.6,0,2018,11,16,Friday,1.0,0,1,0,0,0,0,1,0,0,0,Q4,Low,0,1,0,0.4287214393879396,0.31562722784129876,-0.4408177439797289,-0.32004633520810094,-0.12374225780968881,-0.3929741908945041,3.1548704948922883,0.042643923240938165,4.738143096192854,-0.23295821870389505,0.6843842800703339,-0.23295798832058173,0.6843840747460795,0.22987110296308036,7.333333333333333,12437.989402083333
CUST100846,433239.18,559857.66,471.4,1,41.0,Other,Graduate,Salaried,2019-02-03,0,42,21.05,8.9,5.4,4.8,0,2019,2,3,Sunday,2.0,2,0,1,0,0,0,0,0,1,0,Q2,No_Missed,0,1,0,0.23490523713299402,-0.2905946071180294,0.8323920555653098,-2.3212743427671216,-0.41650785199664875,-0.47388968545747073,3.093312601892855,0.045351473922902494,4.588027898781785,1.1270725073707506,-0.031045653475158686,1.1270711883340911,-0.03104559071610677,1.2922599936598533,7.0,7599.7372825
CUST100847,387639.09,45108.12,560.7,0,65.0,Female,Primary,Self-Employed,2023-03-30,2,50,21.05,8.9,5.4,4.8,0,2023,3,30,Thursday,0.0,0,0,1,0,0,0,0,0,1,0,Q2,Low,0,3,1,2.560699664192341,-0.40995578304916247,-0.7777662661799615,-1.1660729137107504,0.754554524751191,-0.47388968545747073,3.093312601892855,0.045351473922902494,4.588027898781785,-1.4006028097084695,-0.22532073561364363,-1.4005999850198043,-0.22532059300605436,0.11636628287410333,8.333333333333334,6799.835703750002
CUST100848,1331429.62,394043.4,640.8,0,31.0,Female,Primary,Salaried,2018-04-15,2,46,17.05,9.5,6.1,5.6,0,2018,4,15,Sunday,0.0,0,1,0,0,0,0,0,0,1,0,Q4,Low,0,2,1,-0.734175774141734,2.060476786129262,0.3137180406200336,-0.12988439783824016,0.16902333637727113,-0.7050768127802327,2.89314568477889,0.055401662049861494,4.129164564412516,0.7465779411114238,1.741561424434504,0.7465762506893581,1.7415613657755156,0.29595511026711274,7.666666666666667,18917.395850833334
CUST100849,500094.54,455093.34,618.8,0,32.0,Male,Post-Graduate,Salaried,2019-11-27,2,52,10.24,9.5,6.1,5.6,0,2019,11,27,Wednesday,3.0,1,1,0,0,0,0,0,0,1,0,Q3,Low,0,3,1,-0.6372676730142611,-0.1155963913930333,0.5046848337774389,-0.4144804945822508,1.047320118938151,-1.0986728970472348,2.419478844465545,0.08896797153024912,3.2,0.901465189059465,0.21438979142077466,0.9014635605133806,0.2143897504676562,0.9100146144367024,8.666666666666666,4267.473408
CUST100850,423250.15,70783.73,685.3,0,31.0,Female,Secondary,Salaried,2018-11-26,0,42,56.18,8.7,5.0,4.6,0,2018,11,26,Monday,1.0,0,0,0,0,1,0,1,0,0,0,Q2,No_Missed,0,1,0,-0.734175774141734,-0.31674153724933757,-0.6974518726840759,0.44577588875759955,-0.41650785199664875,1.5565112602546864,4.046204186894165,0.017488632388947184,7.495331880577404,-0.9813232849186753,-0.07149634287176726,-0.9813206348414172,-0.07149626305925398,0.16723852312869822,7.0,19815.161189166665
CUST100851,276677.4,46087.28,697.3,0,32.0,Male,Graduate,Salaried,2019-10-22,2,56,46.73,9.5,6.1,5.6,0,2019,10,22,Tuesday,2.0,1,1,0,0,0,1,0,0,0,0,Q1,Low,0,3,3,-0.6372676730142611,-0.7004051615856052,-0.7747034123067552,0.6010101233452417,1.6328513073120707,1.010331671954661,3.865560131017805,0.02095118374188142,6.83593446428504,-1.3809256518669641,-0.8368326645547093,-1.3809227923548766,-0.8368323651140162,0.16657406784941595,9.333333333333334,10774.279085
CUST100852,231711.32,159208.34,615.1,0,31.0,Female,Post-Graduate,Unemployed,2020-03-31,0,46,37.71,9.2,4.8,5.1,0,2020,3,31,Tuesday,3.0,0,0,0,1,0,0,0,1,0,0,Q1,No_Missed,0,2,1,-0.734175774141734,-0.818106775459907,-0.42085595452438185,-0.46234438358010627,0.16902333637727113,0.4890046998418329,3.6560979645895566,0.025833118057349523,6.140846847137616,-0.19201315447906547,-1.1724734816844988,-0.1920130620519755,-1.1724732205021842,0.6870978077376625,7.666666666666667,7281.528231
CUST100853,675883.2,300231.77,538.1,1,51.0,Other,Secondary,Self-Employed,2023-05-27,0,54,26.24,8.7,5.0,4.6,0,2023,5,27,Saturday,1.0,2,0,0,0,1,0,0,1,0,0,Q4,No_Missed,0,3,3,1.203986248407722,0.3445417612500457,0.020271296168375946,-1.4584307221841435,1.340085713125111,-0.17392438775618718,3.3046864812813115,0.03671071953010279,5.122499389946279,0.4585277789071824,0.710908694253697,0.45852627657211664,0.7109084822801921,0.4442065877654601,9.0,14779.312639999998
CUST100854,654013.19,104760.76,766.3,0,54.0,Female,Secondary,Self-Employed,2022-11-29,0,43,30.02,9.2,4.8,5.1,0,2022,11,29,Tuesday,1.0,0,0,0,1,0,0,0,1,0,0,Q3,No_Missed,1,1,0,1.4947105517901405,0.28729559986690717,-0.5911702864922965,1.4936069722241843,-0.2701250549031688,0.044547447563822964,3.4346321577483927,0.032237266279819474,5.47905101272109,-0.605296391738178,0.6578912936490859,-0.6052948516186947,0.6578910953244889,0.16018141774785918,7.166666666666667,16361.229969833332
CUST100855,1050070.97,254219.29,694.8,0,32.0,Other,Graduate,Salaried,2024-06-19,0,58,45.14,8.9,5.4,4.8,0,2024,6,19,Wednesday,2.0,2,0,1,0,0,1,0,0,0,0,Q4,No_Missed,0,3,3,-0.6372676730142611,1.3240023773639258,-0.12365768641243,0.5686696578061496,1.9256169014990308,0.9184347888438633,3.8316802527456075,0.021673168617251843,6.71863081289633,0.28504563608168776,1.39381779592017,0.28504441979480305,1.3938175776016717,0.24209724605566424,9.666666666666666,39500.169654833335
CUST100856,575734.2,1091875.04,703.7,0,29.0,Male,Post-Graduate,Salaried,2019-04-07,1,57,27.26,9.5,6.1,5.6,0,2019,4,7,Sunday,3.0,1,1,0,0,0,1,0,0,0,0,Q3,Low,1,3,3,-0.9279919763966795,0.0823952960056339,2.496564910814712,0.6838017151253187,1.7792341044055506,-0.1149716702888827,3.3414473772563813,0.035385704175513094,5.221110992882645,1.877729918926369,0.4496528965045555,1.8777316413121867,0.44965276409179944,1.896491540714448,9.5,13078.76191
CUST100857,356394.46,91173.16,680.7,0,43.0,Male,Post-Graduate,Salaried,2022-05-27,3,35,27.45,8.7,5.0,4.6,0,2022,5,27,Friday,3.0,1,0,0,0,1,1,0,0,0,0,Q2,Medium,0,0,2,0.4287214393879396,-0.4917406167706126,-0.6336728736972235,0.3862694321656712,-1.4411874316510085,-0.10399028174105163,3.34814816057234,0.0351493848857645,5.239274758971894,-0.7397498794442212,-0.37451959664429024,-0.7397478904781263,-0.3745193986491119,0.25582092381570687,5.833333333333333,8152.523272499999
CUST100858,585988.62,123574.71,737.8,0,32.0,Male,Graduate,Salaried,2024-12-08,0,41,12.01,9.2,4.8,5.1,0,2024,12,8,Sunday,2.0,1,0,0,1,0,1,0,0,0,0,Q3,No_Missed,1,1,0,-0.6372676730142611,0.10923690157465218,-0.5323194555476016,1.124925665078534,-0.5628906490901286,-0.996372593206913,2.565718292524414,0.07686395080707148,3.4655446902326914,-0.44368380826193904,0.4787546843138175,-0.4436828387171039,0.47875454166219006,0.21088244000369838,6.833333333333333,5864.7694385
CUST100859,423299.26,327526.99,683.8,1,45.0,Male,Graduate,Unemployed,2022-08-03,2,44,22.16,8.9,5.4,4.8,0,2022,8,3,Wednesday,2.0,1,0,1,0,0,0,0,0,1,0,Q2,Low,0,1,0,0.6225376416428852,-0.3166129886576577,0.10565189821197936,0.42637160943414426,-0.12374225780968881,-0.4097352576254043,3.1424266527047946,0.04317789291882556,4.707440918375928,0.5500988094727359,-0.07129475707194852,0.5500972066396711,-0.07129467734405245,0.7737480807313483,7.333333333333333,7816.926334666666
CUST100860,712091.59,515855.84,716.3,1,40.0,Male,Primary,Salaried,2024-09-23,0,48,52.21,8.9,5.4,4.8,0,2024,9,23,Monday,0.0,1,0,1,0,0,0,0,1,0,0,Q4,No_Missed,1,2,1,0.13799713600552121,0.43931955684152557,0.6947525024635479,0.8467976614423418,0.46178893056423104,1.3270580363868452,3.9742463486082777,0.018793459875963165,7.22564875980005,1.0375356205779362,0.7944313772152058,1.0375341467923993,0.7944311467994857,0.7244234410913349,8.0,30981.91826158333
CUST100861,921614.69,561201.97,703.5,0,21.0,Female,Post-Graduate,Salaried,2023-09-06,1,58,6.96,8.9,5.4,4.8,0,2023,9,6,Wednesday,3.0,0,0,1,0,0,0,0,1,0,0,Q4,Low,1,3,3,-1.703256785416462,0.9877597814274067,0.8365971140749402,0.6812144778821908,1.9256169014990308,-1.2882463414518999,2.0744289998562917,0.12562814070351758,2.6381811916545836,1.1297038008129323,1.196753527044619,1.1297024869698886,1.196753272498581,0.6089334036114377,9.666666666666666,5345.365202
CUST100862,403242.75,36208.87,700.8,0,55.0,Other,Post-Graduate,Salaried,2018-09-28,1,47,15.02,9.2,4.8,5.1,0,2018,9,28,Friday,3.0,2,0,0,1,0,0,0,1,0,0,Q2,Low,1,2,1,1.591618652917613,-0.3691121968538374,-0.8056034963886404,0.6462867750999707,0.3154061334707511,-0.8224042798965345,2.7738379416402132,0.062421972534332085,3.8755644750152203,-1.6002314398146322,-0.1559720400907378,-1.6002293162129198,-0.1559719252784517,0.08979422444668876,7.833333333333333,5047.2550875
CUST100863,1163007.99,1003283.5,554.4,1,58.0,Male,Secondary,Self-Employed,2024-12-23,0,40,67.43,9.5,6.1,5.6,0,2024,12,23,Monday,1.0,1,1,0,0,0,0,1,0,0,0,Q4,No_Missed,0,0,0,1.8823429563000316,1.619622309547347,2.219446828558185,-1.2475708868692634,-0.7092734461836087,2.206725055849955,4.225811324964407,0.014613473622680109,8.211577193207162,1.7806336623621042,1.5451362099289536,1.7806348108543524,1.5451360450367173,0.8626626030316439,6.666666666666667,65351.35730475002
CUST100864,850509.62,679430.52,849.0,0,31.0,Female,Secondary,Salaried,2019-01-20,1,47,7.18,8.9,5.4,4.8,0,2019,1,20,Sunday,1.0,0,0,1,0,0,0,0,0,1,0,Q4,Low,1,2,1,-0.734175774141734,0.8016376757503011,1.20642101649237,2.563429572257352,0.3154061334707511,-1.2755310494491479,2.1016921506146558,0.12224938875305624,2.6795522013948525,1.3409157204281972,1.0733531920241095,1.3409149460034637,1.0733529320735928,0.7988510700208188,7.833333333333333,5088.882559666667
CUST100865,446737.47,59045.75,681.0,0,34.0,Female,Primary,Salaried,2018-03-01,2,54,25.01,8.7,5.0,4.6,0,2018,3,1,Thursday,0.0,0,0,0,0,1,0,0,0,1,0,Q2,Low,0,3,3,-0.44345147075931557,-0.2552619626548397,-0.734168770337796,0.39015028803036167,1.340085713125111,-0.2450144294079363,3.25848107946056,0.03844675124951941,5.000999900019995,-1.151681946635804,0.021920387370192845,-1.1516790271952886,0.02192042764356996,0.13217102653153318,9.0,9310.75343725
CUST100866,639798.65,77701.08,589.1800000000001,0,41.0,Female,Secondary,Salaried,2021-02-04,0,42,19.08,9.5,6.1,5.6,0,2021,2,4,Thursday,1.0,0,1,0,0,0,0,0,0,0,1,Q3,No_Missed,0,1,0,0.23490523713299402,0.2500881248439386,-0.6758141094586348,-0.7976503302894128,-0.41650785199664875,-0.5877493456639311,2.9997242948235283,0.04980079681274901,4.368065933568311,-0.8928509897651656,0.6223111894368767,-0.8928485522418071,0.622311001052315,0.1214461455959621,7.0,10172.798534999998
CUST100867,523359.19,1387185.91,658.0,1,42.0,Female,Graduate,Self-Employed,2018-08-08,1,35,32.2,9.5,6.1,5.6,0,2018,8,8,Wednesday,2.0,0,1,0,0,0,0,0,1,0,0,Q3,Low,0,0,2,0.33181333826046683,-0.05469966988160121,3.420309796205645,0.0926180050707142,-1.4411874316510085,0.17054443195472843,3.502549875922443,0.03012048192771084,5.674504383644443,2.155626153238071,0.29094361241302796,2.1556298215034,0.2909435403054345,2.650542756304709,5.833333333333333,14043.471598333334
CUST100868,447797.63,198318.16,736.6,0,45.0,Male,Secondary,Salaried,2022-01-04,1,37,36.97,8.7,5.0,4.6,0,2022,1,4,Tuesday,1.0,1,0,0,0,1,0,0,0,1,0,Q2,Low,1,0,2,0.6225376416428852,-0.2524869254942737,-0.29851878422800887,1.1094022416197706,-1.1484218374640485,0.44623508128712186,3.636796374243711,0.02633658151171978,6.080296045424104,0.029910206368148923,0.026001106619147635,0.029909609998596418,0.0260011451561758,0.44287451900984826,6.166666666666667,13795.898650916666
CUST100869,1267085.3,724140.31,531.1,0,60.0,Other,Primary,Unemployed,2023-03-22,0,42,12.64,8.9,5.4,4.8,0,2023,3,22,Wednesday,0.0,2,0,1,0,0,0,0,0,1,0,Q4,No_Missed,0,1,0,2.0761591585549772,1.8920513795195573,1.3462751296829978,-1.5489840256936014,-0.41650785199664875,-0.9599606206535778,2.613006652415316,0.07331378299120234,3.5552777669262356,1.4119724452891493,1.6701310073912061,1.411971907565957,1.6701309050406887,0.5715008373942938,7.0,13346.631826666668
CUST100870,588117.75,375817.38,592.7,0,36.0,Male,Secondary,Self-Employed,2022-05-15,0,48,25.84,9.2,4.8,5.1,0,2022,5,15,Sunday,1.0,1,0,0,1,0,0,0,1,0,0,Q3,No_Missed,0,2,1,-0.24963526850436998,0.11481003663886487,0.2567062795696094,-0.7521149548103714,0.46178893056423104,-0.1970431004884633,3.289893312103481,0.037257824143070044,5.083306010855534,0.6960032268729498,0.48472265657449554,0.6960015416975458,0.4847225118597944,0.6390172376195074,8.0,12664.13555
CUST100871,278581.91,298459.48,685.1,1,29.0,Male,Post-Graduate,Salaried,2018-04-06,0,37,13.35,9.5,6.1,5.6,0,2018,4,6,Friday,3.0,1,1,0,0,0,0,1,0,0,0,Q1,No_Missed,0,0,2,-0.9279919763966795,-0.6954199838551972,0.014727498126232993,0.44318865151447306,-1.1484218374640485,-0.9189249055537876,2.66374994220563,0.06968641114982578,3.653765181289022,0.4523180302099137,-0.8240484531879785,0.45231653599700145,-0.8240481545260221,1.0713526947962988,6.166666666666667,3099.2237487499997
CUST100872,251353.77,171057.54,684.4,0,23.0,Male,Graduate,Self-Employed,2020-09-15,0,51,9.56,8.7,5.0,4.6,0,2020,9,15,Tuesday,2.0,1,0,0,0,1,0,1,0,0,0,Q1,No_Missed,0,3,1,-1.5094405831615163,-0.7666913960128819,-0.38379115600892505,0.4341333211635267,0.9009373218446709,-1.1379747086921044,2.3570732782781154,0.0946969696969697,3.0919249667480613,-0.11987141867926758,-1.0172595019042083,-0.11987156214964091,-1.017259207909919,0.680544954627098,8.5,2002.451701
CUST100873,257068.2,22203.84,592.7,0,30.0,Female,Secondary,Salaried,2021-01-17,2,42,21.01,9.5,6.1,5.6,0,2021,1,17,Sunday,1.0,0,1,0,0,0,0,0,0,1,0,Q1,Low,0,1,0,-0.8310838752692068,-0.7517335070136246,-0.8494118222800868,-0.7521149548103714,-0.41650785199664875,-0.4762015567306983,3.0914968955383704,0.045433893684688774,4.583666654546336,-2.033328876920621,-0.9747469582128355,-2.0333314563078075,-0.9747466599999113,0.0863733437274622,7.0,4500.835735000001
CUST100874,636062.75,127022.0,726.5,0,38.0,Male,Secondary,Salaried,2023-04-30,1,50,21.15,8.9,5.4,4.8,1,2023,4,30,Sunday,1.0,1,0,1,0,0,0,0,0,1,0,Q3,Low,1,3,1,-0.05581906624942438,0.240309165698,-0.521536186696173,0.9787467608418382,0.754554524751191,-0.4681100072744018,3.0978374964911444,0.045146726862302484,4.598912915026768,-0.4165747680253886,0.6128067772252309,-0.41657389506431247,0.6128065915968212,0.19970042263911855,8.333333333333334,11210.605968749998
CUST100875,366651.65,375917.09,653.6400000000001,1,58.0,Female,Post-Graduate,Salaried,2024-03-28,5,49,16.0,8.7,5.0,4.6,0,2024,3,28,Thursday,3.0,0,0,0,0,1,0,1,0,0,0,Q2,Medium,0,2,1,1.8823429563000316,-0.46489176054798104,0.25701817666477,0.03621623317053885,0.608171727657711,-0.7657634337024578,2.833213344056216,0.058823529411764705,4.0,0.6962860484603588,-0.32391097307637357,0.6962843632216071,-0.32391079305997145,1.0252704167566136,8.166666666666666,4888.688666666667
CUST100876,531421.91,377233.52,634.7,0,32.0,Female,Graduate,Salaried,2020-08-25,4,39,28.34,8.9,5.4,4.8,0,2020,8,25,Tuesday,2.0,0,0,1,0,0,1,0,0,0,0,Q3,Medium,0,0,0,-0.6372676730142611,-0.033594980386394746,0.2611360253557958,-0.20879513375362374,-0.8556562432770887,-0.052551145911737054,3.3789517727148355,0.03408316291751875,5.323532661682466,0.700013511235139,0.31655290687320237,0.7000118251970113,0.3165528245969566,0.7098569195236982,6.5,12550.414107833334
CUST100877,219911.33,405846.24,643.7,0,40.0,Male,Secondary,Salaried,2024-05-11,2,49,23.28,8.7,5.0,4.6,1,2024,5,11,Saturday,1.0,1,0,0,0,1,0,0,0,1,0,Q1,Low,0,2,1,0.13799713600552121,-0.8489940101643915,0.3506378230956584,-0.09236945781289212,0.608171727657711,-0.3450028619750309,3.1896529661912973,0.04118616144975288,4.824935232725927,0.7781831608436224,-1.2732889725764271,0.7781814734158147,-1.2732887489292264,1.8454994565309573,8.166666666666666,4266.279802
CUST100878,1350239.36,1974290.1467000002,757.1,0,38.0,Male,Primary,Salaried,2018-09-03,1,53,25.52,8.7,5.0,4.6,0,2018,9,3,Monday,0.0,1,0,0,0,1,0,1,0,0,0,Q4,Low,1,3,1,-0.05581906624942438,2.109712493457008,5.256796667965474,1.374594059040326,1.1937029160316308,-0.21553807067428427,3.277899165317662,0.03770739064856712,5.0517323761260355,2.574153438055896,1.7616847105842568,2.5741608916478684,1.761684665315855,1.4621778961472431,8.833333333333334,28715.09038933333
CUST100879,371327.51,315518.8,637.4000000000001,0,51.0,Female,Primary,Unemployed,2023-11-29,2,44,30.79,8.9,5.4,4.8,0,2023,11,29,Wednesday,0.0,0,0,1,0,0,1,0,0,0,0,Q2,Low,0,1,0,1.203986248407722,-0.4526523954921369,0.06808977225534742,-0.17386743097140367,-0.12374225780968881,0.08905096957345462,3.459151774922711,0.031456432840515886,5.548873759602033,0.510721127348183,-0.301385472765737,0.5107195632592578,-0.301385301038807,0.8497048872032131,7.333333333333333,9527.645027416667
CUST100880,203882.1,25471.68,800.7,0,66.0,Male,Primary,Salaried,2018-08-22,0,50,53.4,9.5,6.1,5.6,0,2018,8,22,Wednesday,0.0,1,1,0,0,0,1,0,0,0,0,Q1,No_Missed,1,3,1,2.657607765319814,-0.8909515532760518,-0.8391898806147635,1.9386117780420928,0.754554524751191,1.3958362067653667,3.996364153861897,0.01838235294117647,7.307530362578044,-1.913264850817876,-1.4208282112388084,-1.913265561480029,-1.4208280686887516,0.12493338061556164,8.333333333333334,9072.75345
CUST100881,1185673.04,906602.13,694.0,0,32.0,Male,Graduate,Self-Employed,2024-09-30,0,41,4.55,8.9,5.4,4.8,0,2024,9,30,Monday,2.0,1,0,1,0,0,0,0,0,1,0,Q4,No_Missed,0,1,0,-0.6372676730142611,1.6789495393957514,1.9170234160705635,0.5583207088336407,-0.5628906490901286,-1.427536585663864,1.713797927758343,0.1801801801801802,2.1330729007701543,1.6651351147672793,1.5734392144658993,1.665135651500919,1.5734390622284677,0.7646308041211766,6.833333333333333,4495.676943333333
CUST100882,198509.96,74627.61,672.82,1,39.0,Male,Post-Graduate,Salaried,2021-02-25,2,43,26.61,9.2,4.8,5.1,0,2021,2,25,Thursday,3.0,1,0,0,1,0,1,0,0,0,0,Q1,Low,0,1,0,0.041089034878048415,-0.9050134761289822,-0.685428053547122,0.28433228478645295,-0.2701250549031688,-0.15253957847883165,3.3181780259420632,0.036218761318362915,5.158488150611572,-0.9312186337786379,-1.4733280876877173,-0.9312160990568094,-1.4733279821877772,0.37593886976754215,7.166666666666667,4401.958363
CUST100883,194262.23,16100.54,669.0,0,49.0,Male,Secondary,Unemployed,2021-06-14,0,42,20.19,9.2,4.8,5.1,0,2021,6,14,Monday,1.0,1,0,0,1,0,0,0,0,0,1,Q1,No_Missed,0,1,0,1.0101700461527763,-0.9161321833034186,-0.868503202692215,0.23491605344271954,-0.41650785199664875,-0.5235949178318645,3.0535293722802077,0.04719207173194903,4.493328387732195,-2.3098011051811858,-1.5160265198870975,-2.309810335469872,-1.5160264479133447,0.08288044464433462,7.0,3268.4620197500003
CUST100884,1168869.55,189600.41,639.9,0,46.0,Female,Graduate,Salaried,2020-03-13,2,37,13.85,9.5,6.1,5.6,0,2020,3,13,Friday,2.0,0,1,0,0,0,0,0,0,0,1,Q4,Low,0,0,2,0.719445742770358,1.634965320808748,-0.32578827476392047,-0.14152696543231302,-1.1484218374640485,-0.8900265146384424,2.6979998652487085,0.06734006734006734,3.721558813185679,-0.01579233411620392,1.552517117984034,-0.015792798257382456,1.552516956308677,0.162208357639225,6.166666666666667,13490.702722916665
CUST100885,795262.35,883307.95,614.9,0,58.0,Male,Secondary,Salaried,2021-11-18,1,50,34.52,8.7,5.0,4.6,0,2021,11,18,Thursday,1.0,1,0,0,0,1,1,0,0,0,0,Q4,Low,0,3,1,1.8823429563000316,0.657024384105815,1.8441582362877271,-0.4649316208232342,0.754554524751191,0.3046329658019304,3.5700959181239695,0.02815315315315315,5.8753723286273525,1.6356009845113706,0.9688566077701054,1.6356013771161848,0.9688563525655532,1.1107126472163558,8.333333333333334,22877.046935000002
CUST100886,577614.63,501494.31,635.9,0,44.0,Female,Graduate,Salaried,2024-11-27,2,42,139.94,9.5,6.1,5.6,0,2024,11,27,Wednesday,2.0,0,1,0,0,0,1,0,0,0,0,Q3,Low,0,1,0,0.5256295405154124,0.08731744278333076,0.6498290295013489,-0.1932717102948604,-0.41650785199664875,6.397569706393322,4.948334267898876,0.007095217823187172,11.829623831720093,1.006772672600923,0.4550345536064164,1.0067711554189747,0.4550344192783611,0.8682160803302368,7.0,67359.4927685
CUST100887,269033.72,142205.36,639.8,0,34.0,Male,Graduate,Self-Employed,2019-10-17,3,48,7.88,9.2,4.8,5.1,1,2019,10,17,Thursday,2.0,1,0,0,1,0,0,0,0,1,0,Q1,Medium,0,2,1,-0.44345147075931557,-0.7204129868605397,-0.47404199475176784,-0.14282058405387701,0.46178893056423104,-1.2350733021676648,2.1838015570040787,0.11261261261261263,2.80713376952364,-0.3047637990080321,-0.8891941550799084,-0.30476332102945497,-0.8891938539740804,0.5285782020186912,8.0,1766.6547613333332
CUST100888,387874.76,186779.39,595.1,0,44.0,Male,Secondary,Salaried,2024-09-08,0,61,55.77,8.7,5.0,4.6,0,2024,9,8,Sunday,1.0,1,0,0,0,1,0,0,1,0,0,Q2,No_Missed,0,3,3,0.5256295405154124,-0.40933890162783876,-0.33461254458028555,-0.7210681078928431,2.3647652927794707,1.5328145797041035,4.039008017182635,0.017614937466971993,7.467931440499437,-0.030999794492536443,-0.22424925719465238,-0.031000213409403284,-0.22424911500836406,0.48154561539399987,10.166666666666666,18026.479471000002
CUST100889,309293.42,190526.65,602.7,0,50.0,Female,Secondary,Salaried,2018-04-21,1,50,4.18,8.7,5.0,4.6,0,2018,4,21,Saturday,1.0,0,0,0,0,1,0,0,1,0,0,Q2,Low,0,3,1,1.1070781472802491,-0.6150306261100534,-0.322890956887865,-0.6227530926540029,0.754554524751191,-1.4489213949412194,1.6448050562713916,0.19305019305019305,2.0445048300260873,-0.010844969058869598,-0.6309495543172946,-0.010845447783777315,-0.6309492832682062,0.6160061536388327,8.333333333333334,1077.3720796666664
CUST100890,378634.35,163433.41,698.6,0,47.0,Female,Graduate,Salaried,2018-03-31,1,41,11.97,8.9,5.4,4.8,0,2018,3,31,Saturday,2.0,0,0,1,0,0,0,1,0,0,0,Q2,Low,0,1,0,0.8163538438978308,-0.4335262706371062,-0.4076397569529254,0.6178271654255705,-0.5628906490901286,-0.9986844644801406,2.5626389983283526,0.07710100231303006,3.459768778401239,-0.16573458180215186,-0.2668397056184297,-0.16573457643836187,-0.26683954691392353,0.43163915265479746,6.833333333333333,3776.87764125
CUST100891,431025.07,286263.51,611.0,0,39.0,Male,Primary,Self-Employed,2020-02-02,1,47,17.34,8.7,5.0,4.6,0,2020,2,2,Sunday,0.0,1,0,0,0,1,0,1,0,0,0,Q2,Low,0,2,1,0.041089034878048415,-0.29639018281186863,-0.02342201160864823,-0.5153827470642176,0.3154061334707511,-0.6883157460493325,2.9090844668283187,0.05452562704471101,4.164132562731402,0.40863351593172087,-0.039917238859497564,0.4086320834204716,-0.03991717234889587,0.6641458465513387,7.833333333333333,6228.3122615
CUST100892,207742.07,138377.8,514.0,0,50.0,Male,Secondary,Salaried,2021-07-27,0,48,34.01,8.9,5.4,4.8,0,2021,7,27,Tuesday,1.0,1,0,1,0,0,1,0,0,0,0,Q1,No_Missed,0,2,1,1.1070781472802491,-0.8808478329049101,-0.48601476423880674,-1.7701928099809918,0.46178893056423104,0.27515660706827794,3.555633734966574,0.028563267637817767,5.831809324729333,-0.3318654533749331,-1.3840924080442307,-0.33186488046081436,-1.3840922422073474,0.6661038854575771,8.0,5887.756500583333
CUST100893,2457149.8175999983,1974290.1467000002,509.9,1,51.0,Male,Graduate,Self-Employed,2021-09-18,0,50,29.92,8.7,5.0,4.6,0,2021,9,18,Saturday,2.0,1,0,0,0,1,0,0,0,0,1,Q4,No_Missed,0,3,1,1.203986248407722,5.007121991324325,5.256796667965474,-1.8232311734651032,0.754554524751191,0.03876776938075403,3.4314032237192214,0.03234152652005175,5.469917732470938,2.574153438055896,2.5782138696822097,2.5741608916478684,2.5782148248841006,0.8034878999068817,8.333333333333334,61264.93545215996
CUST100894,138474.98,64370.52,482.2,1,53.0,Male,Post-Graduate,Salaried,2023-12-20,4,46,22.32,8.9,5.4,4.8,0,2023,12,20,Wednesday,3.0,1,0,1,0,0,0,0,0,1,0,Q1,Medium,0,2,1,1.3978024506626676,-1.0621589074165532,-0.7175126646774014,-2.181563531638244,0.16902333637727113,-0.4004877725324938,3.1493113614822916,0.04288164665523156,4.724404724407087,-1.0708335126368485,-2.2046588642311113,-1.0708306946382926,-2.2046598486709845,0.46485307309667057,7.666666666666667,2575.6346280000002
CUST100895,461787.5,142950.42,536.6,1,45.0,Female,Secondary,Self-Employed,2020-11-02,1,52,12.67,8.9,5.4,4.8,0,2020,11,2,Monday,1.0,0,0,1,0,0,0,0,0,1,0,Q3,Low,0,3,1,0.6225376416428852,-0.21586753868333364,-0.4717114155749519,-1.4778350015075987,1.047320118938151,-0.958226717198657,2.6152036507358583,0.07315288953913679,3.559494346111537,-0.2995671273657597,0.07881785687527809,-0.29956666750980027,0.07881787293550543,0.30955887718918335,8.666666666666666,4875.706354166667
CUST100896,461831.63,190702.43,554.0,1,36.0,Male,Graduate,Unemployed,2024-11-09,0,42,28.61,9.2,4.8,5.1,0,2024,11,9,Saturday,2.0,1,0,0,1,0,0,0,1,0,0,Q3,No_Missed,0,1,0,-0.24963526850436998,-0.2157520255627709,-0.32234110961690604,-1.252745361355518,-0.41650785199664875,-0.03694601481745065,3.3881121421135,0.033772374197906116,5.348831648126533,-0.0099085889727372,0.07898149853639612,-0.009909070450677846,0.07898151452704628,0.41292630823055576,7.0,11010.835778583334
CUST100897,1176651.78,1265408.12,572.1,0,40.0,Male,Secondary,Salaried,2022-01-04,0,48,27.45,9.5,6.1,5.6,0,2022,1,4,Tuesday,1.0,1,1,0,0,0,0,0,0,1,0,Q4,No_Missed,0,2,1,0.13799713600552121,1.6553358096425757,3.0393837210269328,-1.0186003908524908,0.46178893056423104,-0.10399028174105163,3.34814816057234,0.0351493848857645,5.239274758971894,2.048395020687058,1.5622501182252655,2.0483978846407402,1.5622499608815381,1.0754312716035666,8.0,26915.909467499998
CUST100898,543918.78,81733.66,672.9,0,51.0,Male,Graduate,Salaried,2018-04-08,1,51,35.7,9.2,4.8,5.1,0,2018,4,8,Sunday,2.0,1,0,0,1,0,0,0,1,0,0,Q3,Low,0,3,1,1.203986248407722,-0.0008836173461354166,-0.6632000287445393,0.28536717968370295,0.9009373218446709,0.3728331683621452,3.6027767550605247,0.02724795640326975,5.974947698515862,-0.8445929405180022,0.35536384183357594,-0.8445906348451142,0.35536374443647956,0.15026813378276807,8.5,16181.583705000003
CUST100899,587983.87,229710.65,548.2,1,29.0,Female,Graduate,Salaried,2021-02-17,0,41,3.17,8.9,5.4,4.8,1,2021,2,17,Wednesday,2.0,0,0,1,0,0,0,0,0,1,0,Q3,No_Missed,0,1,0,-0.9279919763966795,0.11445959710609946,-0.20032174841559186,-1.327775241406211,-0.5628906490901286,-1.5072961445902167,1.4279160358107101,0.23980815347721823,1.7804493814764855,0.18033870334558497,0.4843481324875863,0.1803377152136113,0.4843479879019867,0.3906750877366755,6.833333333333333,1553.2573899166666
CUST100900,396251.64,76333.35,576.4,0,39.0,Other,Post-Graduate,Salaried,2018-10-20,1,45,29.16,9.5,6.1,5.6,0,2018,10,20,Saturday,3.0,2,1,0,0,0,0,1,0,0,0,Q2,Low,0,1,0,0.041089034878048415,-0.38741187807516614,-0.6800924267183271,-0.9629747901252528,0.022640539283791155,-0.005157784810570832,3.4065165431397553,0.033156498673740056,5.4,-0.9097478155043475,-0.18664919750328401,-0.909745334289289,-0.1866490702701224,0.1926385717924095,7.5,9628.914852000002
CUST100901,578244.62,235881.46,503.5,0,34.0,Male,Secondary,Salaried,2023-01-14,1,43,34.78,8.7,5.0,4.6,0,2023,1,14,Saturday,1.0,1,0,0,0,1,0,0,1,0,0,Q3,Low,0,1,0,-0.44345147075931557,0.08896648223094705,-0.18101919386953255,-1.9060227652451787,-0.2701250549031688,0.3196601290779098,3.5773890780805733,0.02794857462269424,5.897457079114693,0.20764488399895006,0.4568329724939328,0.20764383261822023,0.45683283752800663,0.40792676981586096,7.166666666666667,16759.456569666665
CUST100902,501413.78,186856.59,597.2,0,38.0,Female,Graduate,Self-Employed,2022-10-01,0,42,46.88,9.2,4.8,5.1,0,2022,10,1,Saturday,2.0,0,0,0,1,0,0,0,0,1,0,Q3,No_Missed,0,1,0,-0.05581906624942438,-0.11214319562663472,-0.3343710597167173,-0.6939021168400055,-0.41650785199664875,1.019001189229265,3.8686978806897723,0.020885547201336674,6.846897107449476,-0.03058079833110828,0.21884100318330907,-0.030581218501913913,0.2188409603919316,0.3726594630087749,7.0,19588.565005333334
CUST100903,608077.28,187436.02,707.9,0,52.0,Male,Graduate,Salaried,2020-10-21,0,42,40.49,8.9,5.4,4.8,0,2020,10,21,Wednesday,2.0,1,0,1,0,0,0,0,0,1,0,Q3,No_Missed,1,1,0,1.3008943495351948,0.16705539343164166,-0.33255857818177736,0.7381336972309926,-0.41650785199664875,0.6496797533311526,3.725452434344777,0.024102193299590263,6.363175307973213,-0.027441112375639013,0.5394728051867906,-0.027441541928444807,0.5394726421659317,0.30824374822884354,7.0,20517.540889333337
CUST100904,544364.66,150851.87,648.1,0,40.0,Male,Secondary,Unemployed,2024-04-16,0,46,58.64,9.2,4.8,5.1,0,2024,4,16,Tuesday,1.0,1,0,0,1,0,0,1,0,0,0,Q3,No_Missed,0,2,1,0.13799713600552121,0.00028350230481646074,-0.44699534594747026,-0.03545023846409029,0.16902333637727113,1.698691343558185,4.088326489896538,0.01676727028839705,7.657675887630659,-0.2459514186644718,0.3567293258602162,-0.24595114397153237,0.3567292279379699,0.2771154725584133,7.666666666666667,26601.286385333337
CUST100905,385018.11,375928.59,656.6,0,39.0,Female,Primary,Salaried,2019-10-14,0,52,39.36,8.9,5.4,4.8,0,2019,10,14,Monday,0.0,0,0,1,0,0,0,1,0,0,0,Q2,No_Missed,0,3,1,0.041089034878048415,-0.41681636720353554,0.25705414915092334,0.07450734436882292,1.047320118938151,0.5843693898624722,3.6978391954854084,0.024777006937561942,6.273754856543249,0.696318663059539,-0.23728852687098836,0.6963169778135067,-0.2372883795771599,0.9763919676401717,8.666666666666666,12628.594008
CUST100906,329494.09,60992.67,649.8,0,23.0,Female,Primary,Self-Employed,2024-01-06,2,47,33.93,8.7,5.0,4.6,0,2024,1,6,Saturday,0.0,0,0,0,0,1,1,0,0,0,0,Q2,Low,0,2,1,-1.5094405831615163,-0.5621540698182398,-0.7280787222733096,-0.013458721897508527,0.3154061334707511,0.2705328645218228,3.5533460588187404,0.0286286859433152,5.82494635168428,-1.121364097955904,-0.515747240127304,-1.1213612103558608,-0.515746997642294,0.1851100576644637,7.833333333333333,9316.44539475
CUST100907,319892.66,242963.12,547.2,1,46.0,Female,Primary,Salaried,2023-09-23,2,52,24.87,8.7,5.0,4.6,0,2023,9,23,Saturday,0.0,0,0,0,0,1,0,0,1,0,0,Q2,Low,0,3,1,0.719445742770358,-0.5872864319565704,-0.15886746201801769,-1.340711427621848,1.047320118938151,-0.253105978864233,3.2530839961979376,0.038654812524159254,4.9869830559166735,0.23817620062604195,-0.5694446682715443,0.23817508161199707,-0.5694444114977595,0.7595145196516857,8.666666666666666,6629.7753784999995
CUST100908,2422306.76,1974261.83,617.3,0,45.0,Male,Post-Graduate,Salaried,2023-03-22,0,49,14.64,9.5,6.1,5.6,0,2023,3,22,Wednesday,3.0,1,1,0,0,0,0,1,0,0,0,Q4,No_Missed,0,2,1,0.6225376416428852,4.915918041328348,5.256708092130808,-0.43388477390570607,0.608171727657711,-0.8443670569921968,2.7498317351171653,0.0639386189258312,3.8262252939417984,2.5741362131172214,2.559667572755202,2.574143666532201,2.5596684942791694,0.815033777967907,8.166666666666666,29552.142471999996
CUST100909,243978.26,110155.87,667.7,0,62.0,Male,Secondary,Salaried,2022-09-18,2,35,14.64,9.2,4.8,5.1,0,2022,9,18,Sunday,1.0,1,0,0,1,0,0,1,0,0,0,Q1,Low,0,0,2,2.269975360809923,-0.7859972690208482,-0.5742941543383346,0.2180990113623922,-1.4411874316510085,-0.8443670569921968,2.7498317351171653,0.0639386189258312,3.8262252939417984,-0.5563624755075905,-1.0738266580143183,-0.5563611061309499,-1.0738263727010045,0.4514987114015814,5.833333333333333,2976.534772
CUST100910,1216094.63,402650.86,727.6,0,35.0,Female,Secondary,Salaried,2020-12-03,1,40,17.3,9.5,6.1,5.6,0,2020,12,3,Thursday,1.0,0,1,0,0,0,0,0,0,1,0,Q4,Low,1,0,0,-0.3465433696318428,1.758580012846457,0.3406425393735235,0.992976565679039,-0.7092734461836087,-0.6906276173225601,2.9069010598473755,0.0546448087431694,4.159326868617084,0.769711785318956,1.6104518257704823,0.769710096611089,1.6104516913991629,0.3311015854086947,6.666666666666667,17532.030915833333
CUST100911,473823.7,363660.83,679.1,0,40.0,Male,Graduate,Salaried,2024-01-19,1,35,11.3,9.5,6.1,5.6,0,2024,1,19,Friday,2.0,1,1,0,0,0,1,0,0,0,0,Q3,Low,0,0,2,0.13799713600552121,-0.18436200907270553,0.21868007726117714,0.365571534220652,-1.4411874316510085,-1.0374083083067032,2.509599262378372,0.08130081300813008,3.361547262794322,0.6609889015839917,0.12278679066795671,0.6609872271738729,0.1227867880745087,0.7675024064857878,5.833333333333333,4461.839841666667
CUST100912,406193.21,86465.67,720.4,0,41.0,Male,Secondary,Self-Employed,2022-12-22,2,42,26.51,8.7,5.0,4.6,0,2022,12,22,Thursday,1.0,1,0,0,0,1,0,0,0,1,0,Q2,Low,1,1,0,0.23490523713299402,-0.36138917755414357,-0.6483981014225998,0.8998360249264532,-0.41650785199664875,-0.15831925666190055,3.3145495749364833,0.03635041802980734,5.148786264742401,-0.7907065011808727,-0.14321094248904098,-0.7907043536866255,-0.14321083289507236,0.21286832933519492,7.0,8973.484997583333
CUST100913,336806.42,82568.38,563.1,0,55.0,Male,Graduate,Unemployed,2018-09-10,0,35,33.85,9.5,6.1,5.6,0,2018,9,10,Monday,2.0,1,1,0,0,0,1,0,0,0,0,Q2,No_Missed,0,0,2,1.591618652917613,-0.5430135745342064,-0.6605889892974186,-1.1350260667932224,-1.4411874316510085,0.26590912197536765,3.551053137206533,0.028694404591104734,5.818075283115543,-0.8348805590652677,-0.47606166532777333,-0.8348782811011991,-0.4760614343971615,0.24515084955922162,5.833333333333333,9500.747764166666
CUST100914,560107.22,450334.88,529.7,1,37.0,Female,Secondary,Salaried,2018-05-12,0,47,46.25,9.5,6.1,5.6,0,2018,5,12,Saturday,1.0,0,1,0,0,0,0,0,1,0,0,Q3,No_Missed,0,2,1,-0.15272716737689718,0.04149066820660332,0.48980016973734664,-1.5670946863954927,0.3154061334707511,0.9825892166759297,3.855452653939752,0.021164021164021163,6.800735254367722,0.8901084373397153,0.4041210629625194,0.8901068001800284,0.40412094712883107,0.8040154883202542,7.833333333333333,21587.465770833332
CUST100915,857704.69,190455.95,509.8,1,41.0,Male,Post-Graduate,Salaried,2023-03-23,0,47,51.47,9.5,6.1,5.6,0,2023,3,23,Thursday,3.0,1,1,0,0,0,0,0,1,0,0,Q4,No_Missed,0,2,1,0.23490523713299402,0.8204712354232494,-0.3231121094766509,-1.8245247920866665,0.3154061334707511,1.284288417832134,3.9602415776986204,0.01905850962454736,7.174259543674176,-0.011221814108291865,1.0863777387278248,-0.011222291724598288,1.0863774787665188,0.22205305884476395,7.833333333333333,36788.383661916654
CUST100916,658549.83,477562.93,715.4,1,45.0,Male,Post-Graduate,Salaried,2023-03-26,1,43,14.38,9.2,4.8,5.1,0,2023,3,26,Sunday,3.0,1,0,0,1,0,1,0,0,0,0,Q4,Low,1,1,0,0.6225376416428852,0.2991705475956555,0.5749706611813921,0.8351550938482689,-0.2701250549031688,-0.8593942202681764,2.733067964077498,0.06501950585175552,3.792097045171708,0.9536459801681868,0.6690573840807409,0.9536443996584308,0.6690571827631815,0.7251735681110114,7.166666666666667,7891.6221295000005
CUST100917,734447.65,139759.89,534.8,0,40.0,Female,Post-Graduate,Salaried,2024-11-26,2,35,7.72,8.7,5.0,4.6,0,2024,11,26,Tuesday,3.0,0,0,0,0,1,1,0,0,0,0,Q4,Low,0,0,2,0.13799713600552121,0.4978379854408326,-0.4816915282920569,-1.501120136695746,-1.4411874316510085,-1.244320787260575,2.1656192379208883,0.11467889908256883,2.778488797889961,-0.3219999778339796,0.8435648892733767,-0.32199943955594273,0.8435646499017826,0.1902925143813858,5.833333333333333,4724.946548333332
CUST100918,320426.81,228809.26,734.9,0,39.0,Male,Secondary,Salaried,2022-08-07,0,54,42.73,9.2,4.8,5.1,0,2022,8,7,Sunday,1.0,1,0,0,1,0,0,0,0,0,1,Q2,No_Missed,1,3,3,0.041089034878048415,-0.5858882598888482,-0.20314133444113341,1.0874107250531875,1.340085713125111,0.779144544631899,3.778034365424829,0.022867596615595703,6.536818798161686,0.1762931358709769,-0.5664082426497155,0.1762921573267461,-0.5664079866402677,0.7140765156323843,9.0,11409.864659416666
CUST100919,441409.77,51655.61,614.3,0,40.0,Male,Graduate,Self-Employed,2021-02-06,0,41,17.08,9.5,6.1,5.6,0,2021,2,6,Saturday,2.0,1,1,0,0,0,0,0,1,0,0,Q2,No_Missed,0,1,0,0.13799713600552121,-0.2692075609422179,-0.7572854406700563,-0.4726933325526166,-0.5628906490901286,-0.7033429093253122,2.89480635496403,0.05530973451327434,4.132795663954365,-1.2759013554862373,0.0012408359368900814,-1.2758983956167746,0.0012408850031885015,0.11702416555030035,6.833333333333333,6282.732392999999
CUST100920,322752.82,304064.94,783.5,0,50.0,Male,Primary,Unemployed,2020-11-24,0,64,30.94,8.9,5.4,4.8,0,2020,11,24,Tuesday,0.0,1,0,1,0,0,0,0,0,1,0,Q2,No_Missed,1,3,3,1.1070781472802491,-0.5797997787295439,0.0322616139725731,1.7161093751331384,2.8039136840599106,0.09772048684805831,3.4638591427868666,0.031308703819661866,5.562373594069352,0.47184288514666767,-0.5532542990643028,0.47184136594721027,-0.5532540464277694,0.9420984764749692,10.666666666666666,8321.643542333333
CUST100921,469238.89,413059.25,614.1,0,27.0,Male,Primary,Unemployed,2023-04-10,1,52,8.21,9.5,6.1,5.6,0,2023,4,10,Monday,0.0,1,1,0,0,0,1,0,0,0,0,Q3,Low,0,3,1,-1.1218081786516252,-0.1963630448825212,0.3732004232998895,-0.47528056979574307,1.047320118938151,-1.2160003641635366,2.2202898502672155,0.10857763300760043,2.8653097563788807,0.7970804488150124,0.10619343482755896,0.7970787655100695,0.10619343926238796,0.8802749703887501,8.666666666666666,3210.3760724166673
CUST100922,890844.4,209882.75,618.5,0,39.0,Male,Primary,Salaried,2024-05-11,2,42,22.53,9.5,6.1,5.6,0,2024,5,11,Saturday,0.0,1,1,0,0,0,0,0,0,1,0,Q4,Low,0,1,0,0.041089034878048415,0.9072165632420485,-0.26234425782421233,-0.4183613504469413,-0.41650785199664875,-0.38835044834804877,3.158276202739271,0.042498937526561836,4.746577714522328,0.08774115929807633,1.1447650740129174,0.08774040405063256,1.1447648156655743,0.23559978600078757,7.0,16725.603610000002
CUST100923,563358.86,106228.95,655.4,0,39.0,Male,Graduate,Self-Employed,2018-07-06,1,37,20.94,8.9,5.4,4.8,0,2018,7,6,Friday,2.0,1,0,1,0,0,1,0,0,0,0,Q3,Low,0,0,2,0.041089034878048415,0.05000204557679516,-0.5865777261057381,0.058983920910058114,-1.1484218374640485,-0.4802473314588466,3.088311454847084,0.04557885141294439,4.57602447545902,-0.5917522872411534,0.4137163500938371,-0.591750794100462,0.4137162307124354,0.18856355609637523,6.166666666666667,9830.612106999999
CUST100924,1082401.67,622429.2,616.8,0,51.0,Female,Secondary,Self-Employed,2020-08-06,1,37,20.79,8.9,5.4,4.8,0,2020,8,6,Thursday,1.0,0,0,1,0,0,1,0,0,0,0,Q4,Low,0,0,2,1.203986248407722,1.4086300693416538,1.0281184778471384,-0.4403528670135245,-1.1484218374640485,-0.4889168487334503,3.0814511489565284,0.04589261128958238,4.559605246071199,1.2437463669988575,1.4390062521576836,1.2437453141524297,1.4390060473467208,0.5750445673277648,6.166666666666667,18752.608932749998
CUST100925,377494.78,163592.68,683.4,0,21.0,Male,Graduate,Salaried,2024-04-09,0,39,53.6,9.5,6.1,5.6,0,2024,4,9,Tuesday,2.0,1,1,0,0,0,0,0,0,0,1,Q2,No_Missed,0,0,0,-1.703256785416462,-0.4365091685931373,-0.40714155365991356,0.42119713494788985,-0.8556562432770887,1.407395563131505,4.000033882750859,0.018315018315018316,7.321202087089251,-0.16475635702196775,-0.27217601926558976,-0.16475635487511697,-0.27217585852634074,0.4333640851934429,6.5,16861.433506666668
CUST100926,801182.75,141557.7,566.4,0,32.0,Female,Primary,Salaried,2018-09-21,1,33,23.67,9.5,6.1,5.6,1,2018,9,21,Friday,0.0,0,1,0,0,0,1,0,0,0,0,Q4,Low,0,0,2,-0.6372676730142611,0.6725214128612995,-0.47606790261107645,-1.0923366522816214,-1.7339530258379685,-0.3224621170610616,3.2055879305412653,0.040535062829347386,4.865182422068057,-0.30930169520732387,0.9804537483887679,-0.3093012013810925,0.9804534922613845,0.17668590593095024,5.5,15803.329743750002
CUST100927,586349.13,140607.81,664.9,0,42.0,Male,Secondary,Self-Employed,2023-06-21,1,53,59.39,9.2,4.8,5.1,0,2023,6,21,Wednesday,1.0,1,0,0,1,0,0,0,0,1,0,Q3,Low,0,3,1,0.33181333826046683,0.11018055974582978,-0.47903919868691686,0.18187768995860817,1.1937029160316308,1.742038929931203,4.10082352831981,0.016559032952475575,7.706490770772389,-0.3159921784674448,0.4797669741103115,-0.3159916612393225,0.4797668311078431,0.23980219771111452,8.833333333333334,29019.395692249997
CUST100928,2457149.8175999983,1974290.1467000002,589.9,0,55.0,Male,Graduate,Salaried,2019-06-06,0,47,44.41,8.9,5.4,4.8,0,2019,6,6,Thursday,2.0,1,0,1,0,0,0,0,1,0,0,Q4,No_Missed,0,2,1,1.591618652917613,5.007121991324325,5.256796667965474,-0.7883362762141554,0.3154061334707511,0.876243138107459,3.8157323451098595,0.02202158114952654,6.664082832618454,2.574153438055896,2.5782138696822097,2.5741608916478684,2.5782148248841006,0.8034878999068817,7.833333333333333,90935.01949967993
CUST100929,528335.22,160399.81,471.25800000000004,1,37.0,Male,Secondary,Salaried,2022-04-14,0,50,33.24,9.5,6.1,5.6,0,2022,4,14,Thursday,1.0,1,1,0,0,0,0,0,0,1,0,Q3,No_Missed,0,3,1,-0.15272716737689718,-0.041674590495385244,-0.41712898599594017,-2.3231112812097416,0.754554524751191,0.2306530850586465,3.5333945512735414,0.029205607476635514,5.76541412215983,-0.18453768055116399,0.3068026473264293,-0.1845376130149892,0.30680256890478536,0.3035947707593675,8.333333333333334,14634.885594000001
CUST100930,2457149.8175999983,974158.5,540.0,1,32.0,Male,Graduate,Salaried,2020-02-22,0,45,39.81,8.9,5.4,4.8,0,2020,2,22,Saturday,2.0,1,0,1,0,0,0,0,0,1,0,Q4,No_Missed,0,1,0,-0.6372676730142611,5.007121991324325,2.1283425973220953,-1.4338519683744337,0.022640539283791155,0.6103779416862831,3.7089271494177143,0.024503798088703746,6.3095166217389425,1.7469683396907243,2.5782138696822097,1.7469693019347374,2.5782148248841006,0.39645873158499617,7.5,81515.94519887994
CUST100931,338934.14,36034.16,719.8,0,59.0,Female,Secondary,Self-Employed,2019-06-19,1,49,44.37,9.2,4.8,5.1,0,2019,6,19,Wednesday,1.0,0,0,0,1,0,0,1,0,0,0,Q2,Low,1,2,1,1.9792510574275044,-0.5374441302359124,-0.8061499966543659,0.8920743131970708,0.608171727657711,0.8739312668342315,3.8148510936758724,0.02204099625303064,6.661080993352355,-1.6045898060400408,-0.464702515948409,-1.6045877057710891,-0.46470228847014006,0.10631611203285689,8.166666666666666,12532.089826500001
CUST100932,425748.59,373990.84,621.5,1,22.0,Male,Graduate,Salaried,2018-07-29,2,41,57.22,8.9,5.4,4.8,1,2018,7,29,Sunday,2.0,1,0,1,0,0,0,0,0,1,0,Q2,Low,0,1,0,-1.6063486842889891,-0.31020170944651126,0.25099278523409124,-0.3795527918000307,-0.5628906490901286,1.6166199133586043,4.064228938317477,0.017176228100309172,7.564390259630977,0.6908099907693913,-0.061275252523872205,0.6908083068247199,-0.061275177006885874,0.8784311886975362,6.833333333333333,20301.11193316667
CUST100933,755665.27,776723.25,723.3,0,18.0,Male,Graduate,Unemployed,2023-09-25,2,46,15.21,8.9,5.4,4.8,0,2023,9,25,Monday,2.0,1,0,1,0,0,1,0,0,0,0,Q4,Low,1,2,1,-1.9939810887988803,0.5533764739319721,1.510756788904747,0.9373509649517997,0.16902333637727113,-0.8114228913487032,2.785628335747585,0.061690314620604564,3.9,1.4905064375370745,0.8886093479784283,1.4905061942989952,0.8886091017167954,1.0278668093347734,7.666666666666667,9578.057297250001
CUST100934,799593.89,239746.51,591.0,0,43.0,Female,Secondary,Self-Employed,2022-04-13,2,46,10.21,8.9,5.4,4.8,0,2022,4,13,Wednesday,1.0,0,0,1,0,0,0,0,0,0,1,Q4,Low,0,2,1,0.4287214393879396,0.668362469359435,-0.1689291540776338,-0.7741064713769545,0.16902333637727113,-1.1004068005021557,2.4168062370840686,0.08920606601248884,3.1953090617340916,0.22441217258278903,0.9773512552279099,0.22441108364985618,0.9773509993379937,0.29983534516503124,7.666666666666667,6803.211347416668
CUST100935,337988.07,283892.37,649.3,1,32.0,Female,Secondary,Self-Employed,2018-01-26,1,53,42.38,9.2,4.8,5.1,0,2018,1,26,Friday,1.0,0,0,0,1,0,0,0,1,0,0,Q2,Low,0,3,1,-0.6372676730142611,-0.5399205294647992,-0.03083903776669609,-0.01992681500532695,1.1937029160316308,0.7589156709911576,3.7699985053987284,0.02305209774089442,6.509992319503918,0.39994022497234893,-0.46974295374371194,0.39993880568160706,-0.4697427247257884,0.8399479011197052,8.833333333333334,11936.612005500001
CUST100936,502350.45,60563.75,724.1,0,27.0,Female,Graduate,Salaried,2018-06-24,1,46,40.44,8.9,5.4,4.8,0,2018,6,24,Sunday,2.0,0,0,1,0,0,0,0,0,1,0,Q3,Low,1,2,1,-1.1218081786516252,-0.10969140150387284,-0.7294204021655597,0.9476999139243101,0.16902333637727113,0.6467899142396178,3.7242465979512276,0.02413127413127413,6.359245238233858,-1.1279653808582584,0.22199311294762164,-1.1279624856650647,0.22199306885625172,0.12056075594239041,7.666666666666667,16929.210165
CUST100937,996905.34,222492.5,556.0,0,46.0,Male,Graduate,Self-Employed,2022-03-20,2,43,20.61,9.2,4.8,5.1,0,2022,3,20,Sunday,2.0,1,0,0,1,0,1,0,0,0,0,Q4,Low,0,1,0,0.719445742770358,1.1848379126464321,-0.2229004267571123,-1.2268729889242442,-0.2701250549031688,-0.49932026946297464,3.0731561705187946,0.04627487274409996,4.539823785126467,0.14752031679279765,1.3158618882974156,0.14751940802049227,1.3158616513541939,0.22318317604758744,7.166666666666667,17121.8492145
CUST100938,342032.17,232662.47,579.4,1,41.0,Female,Secondary,Salaried,2021-08-27,3,51,37.7,9.2,4.8,5.1,0,2021,8,27,Friday,1.0,0,0,0,1,0,1,0,0,0,0,Q2,Medium,0,3,1,0.23490523713299402,-0.5293348369457034,-0.19108833066976125,-0.9241662314783423,0.9009373218446709,0.48842673202352616,3.655839600035736,0.025839793281653745,6.1400325732035,0.19348452999227744,-0.4483110719254719,0.19348351109041295,-0.4483108495376546,0.6802356339755995,8.5,10745.510674166666
CUST100939,309528.2,85031.88,714.8,0,32.0,Male,Secondary,Salaried,2018-11-18,3,48,26.25,9.2,4.8,5.1,0,2018,11,18,Sunday,1.0,1,0,0,1,0,1,0,0,0,0,Q2,Medium,1,2,1,-0.6372676730142611,-0.614416074321118,-0.6528830571549257,0.8273933821188866,0.46178893056423104,-0.1733464199378802,3.305053521109253,0.03669724770642202,5.123475382979799,-0.8067388713418294,-0.6295606999589868,-0.8067366756881663,-0.6295604292059551,0.2747144848191538,8.0,6770.929375000001
CUST100940,684827.07,393083.42,757.8,0,24.0,Male,Post-Graduate,Salaried,2022-05-22,0,47,29.81,9.2,4.8,5.1,0,2022,5,22,Sunday,3.0,1,0,0,1,0,0,0,1,0,0,Q4,No_Missed,1,2,1,-1.4125324820340435,0.36795291768800853,0.31071518259764647,1.383649389391271,0.3154061334707511,0.03241012337937791,3.4278393126085764,0.03245699448231094,5.459853477887479,0.7439688433792869,0.7320169372571719,0.7439671529268856,0.7320167202576527,0.5739893138277959,7.833333333333333,17012.245797249998
CUST100941,689191.7,466370.8,651.3,1,48.0,Male,Graduate,Salaried,2021-03-04,0,64,15.21,8.7,5.0,4.6,1,2021,3,4,Thursday,2.0,1,0,0,0,1,1,0,0,0,0,Q4,No_Missed,0,3,3,0.9132619450253036,0.3793776181503169,0.5399612054030442,0.005945557425946743,2.8039136840599106,-0.8114228913487032,2.785628335747585,0.061690314620604564,3.9,0.9279463957460989,0.7422014067981176,0.9279447898355793,0.742201187459959,0.6766924209911408,10.666666666666666,8735.5047975
CUST100942,279194.28,472581.99,572.4,1,45.0,Male,Secondary,Self-Employed,2018-02-24,2,37,9.46,8.9,5.4,4.8,0,2018,2,24,Saturday,1.0,1,0,1,0,0,0,0,0,1,0,Q1,Low,0,0,2,0.6225376416428852,-0.6938170658937425,0.5593900702961356,-1.0147195349878002,-1.1484218374640485,-1.1437543868751736,2.347558458636777,0.09560229445506692,3.0757112998459397,0.9422784491825098,-0.8199595004860841,0.9422768570187897,-0.8199592021031207,1.6926635817897127,6.166666666666667,2200.9815740000004
CUST100943,204903.96,22757.27,624.6,0,37.0,Male,Secondary,Salaried,2022-04-16,1,47,5.94,9.2,4.8,5.1,0,2022,4,16,Saturday,1.0,1,0,0,1,0,0,0,0,0,1,Q1,Low,0,2,1,-0.15272716737689718,-0.8882767688351223,-0.847680669844276,-0.33945061453155617,0.3154061334707511,-1.347199058919204,1.937301774518713,0.1440922190201729,2.4372115213907883,-2.011887413425417,-1.4110245955953442,-2.0118896202505407,-1.4110244466219861,0.11106310488094033,7.833333333333333,1014.274602
CUST100944,497005.24,112990.86,807.6,0,58.0,Male,Secondary,Salaried,2022-05-29,2,56,39.71,8.9,5.4,4.8,0,2022,5,29,Sunday,1.0,1,0,1,0,0,0,0,0,0,1,Q3,Low,1,3,3,1.8823429563000316,-0.12368283334531997,-0.5654261857713989,2.027871462929987,1.6328513073120707,0.604598263503214,3.7064737625148876,0.024563989191844757,6.30158710167526,-0.531533906273753,0.20391246787246955,-0.5315326244333965,0.2039124312574723,0.22734339782815974,9.333333333333334,16446.731733666667
CUST100945,1112509.53,179500.29,543.3,1,26.0,Female,Graduate,Salaried,2023-02-16,2,53,50.4,8.9,5.4,4.8,1,2023,2,16,Thursday,2.0,0,0,1,0,0,1,0,0,0,0,Q4,Low,0,3,1,-1.218716279779098,1.4874393342876209,-0.3573818770984186,-1.3911625538628327,1.1937029160316308,1.2224458612732951,3.9396381724611196,0.019455252918287938,7.0992957397195395,-0.07124716125605485,1.4796944051999026,-0.07124745770473595,1.479694214311532,0.16134719313370735,8.833333333333334,46725.40026
CUST100946,515635.24,51010.99,692.2,0,21.0,Male,Secondary,Unemployed,2024-01-04,1,41,30.7,9.5,6.1,5.6,1,2024,1,4,Thursday,1.0,1,1,0,0,0,0,0,0,1,0,Q3,Low,0,1,0,-1.703256785416462,-0.07491760705745497,-0.7593018392808514,0.5350355736454949,-0.5628906490901286,0.08384925920869249,3.456316680883235,0.031545741324921134,5.540758070878027,-1.2875062528728598,0.26597510653919,-1.2875032974977583,0.26597504447698345,0.09892844018961931,6.833333333333333,13191.668223333332
CUST100947,303166.86,371134.26,660.0,0,30.0,Male,Post-Graduate,Self-Employed,2022-02-17,1,40,24.33,9.5,6.1,5.6,0,2022,2,17,Thursday,3.0,1,1,0,0,0,1,0,0,0,0,Q2,Low,0,0,0,-0.8310838752692068,-0.6310672919590165,0.2420572822344555,0.1184903775019879,-0.7092734461836087,-0.28431624105280606,3.231989464013584,0.03947887879984209,4.9325449820554095,0.6826407429620767,-0.6676324816482047,0.6826390612121055,-0.6676322032441279,1.2241913908400148,6.666666666666667,6146.7080865
CUST100948,616266.88,170896.9,557.5,1,37.0,Male,Secondary,Self-Employed,2023-08-30,1,59,21.15,8.7,5.0,4.6,0,2023,8,30,Wednesday,1.0,1,0,0,0,1,0,1,0,0,0,Q3,Low,0,3,3,-0.15272716737689718,0.1884921995082438,-0.38429364471985267,-1.207468709600789,2.0719996985925104,-0.4681100072744018,3.0978374964911444,0.045146726862302484,4.598912915026768,-0.12081801387338907,0.5613340283648885,-0.12081815431463772,0.5613338583646615,0.2773098888585413,9.833333333333334,10861.70376
CUST100949,407063.35,155542.52,624.9,0,41.0,Female,Secondary,Salaried,2018-11-29,2,48,13.94,9.5,6.1,5.6,0,2018,11,29,Thursday,1.0,0,1,0,0,0,0,0,1,0,0,Q2,Low,0,2,1,0.23490523713299402,-0.3591115299963271,-0.43232279445399163,-0.3355697586668657,0.46178893056423104,-0.8848248042736803,2.7040421797046714,0.06693440428380187,3.7336309405188937,-0.21534321996077635,-0.13946811145523333,-0.21534304925177683,-0.13946800339710216,0.38210887813899236,8.0,4728.7192491666665
CUST100950,1046913.87,312881.2,505.6,0,35.0,Male,Graduate,Salaried,2022-04-28,1,50,11.61,8.7,5.0,4.6,0,2022,4,28,Thursday,2.0,1,0,0,0,1,1,0,0,0,0,Q4,Low,0,3,1,-0.3465433696318428,1.3157384645398025,0.0598392479529162,-1.878856774192341,0.754554524751191,-1.019491305939189,2.534490149976828,0.07930214115781127,3.407345007480164,0.501885730907801,1.38931835388346,0.5018841764463889,1.3893181343306158,0.2988604974733977,8.333333333333334,10128.89169225
CUST100951,140367.52,115559.21,673.1,1,42.0,Male,Post-Graduate,Unemployed,2020-06-25,1,48,12.43,8.9,5.4,4.8,0,2020,6,25,Thursday,3.0,1,0,1,0,0,0,0,0,1,0,Q1,Low,0,2,1,0.33181333826046683,-1.0572050619329871,-0.5573922783964559,0.2879544169268309,0.46178893056423104,-0.9720979448380228,2.5974910105351463,0.07446016381236038,3.5256205127608387,-0.509534801764399,-2.1762929316207438,-0.5095335978471975,-2.176293850004373,0.8232617488718189,8.0,1453.9735613333332
CUST100952,923472.04,1124464.95,684.6,0,24.0,Female,Graduate,Salaried,2020-06-29,0,49,42.03,8.9,5.4,4.8,0,2020,6,29,Monday,2.0,0,0,1,0,0,0,1,0,0,0,Q4,No_Missed,0,2,1,-1.4125324820340435,0.9926215148168738,2.5985075270071016,0.43672055840665464,0.608171727657711,0.7386867973504159,3.7618975468505083,0.023239600278875203,6.483054835492293,1.911616140805835,1.1998266509192217,1.9116180763542159,1.1998263966696636,1.2176491558964795,8.166666666666666,32344.608201000003
CUST100953,366170.06,177455.97,540.7,1,54.0,Female,Secondary,Salaried,2019-02-05,3,52,54.76,8.9,5.4,4.8,0,2019,2,5,Tuesday,1.0,0,0,1,0,0,1,0,0,0,0,Q2,Medium,0,3,1,1.4947105517901405,-0.4661523534265625,-0.3637765964804122,-1.4247966380234873,1.047320118938151,1.4744398300551058,4.0210567664522685,0.017934002869440458,7.3999999999999995,-0.08282308463186214,-0.32624999960770074,-0.08282334514115627,-0.32624981874020587,0.4846271975376687,8.666666666666666,16709.560404666667
CUST100954,338191.73,206118.69,694.5,0,37.0,Male,Graduate,Self-Employed,2020-08-07,6,40,17.63,8.9,5.4,4.8,0,2020,8,7,Friday,2.0,1,0,1,0,0,1,0,0,0,0,Q2,High,0,0,0,-0.15272716737689718,-0.5393874362825241,-0.2741183966268395,0.5647888019414591,-0.7092734461836087,-0.6715546793184323,2.924773184613497,0.05367686527106817,4.198809355043403,0.06925006708488753,-0.46865651269012215,0.06924936156835358,-0.46865628400302395,0.6094728868739635,6.666666666666667,4968.600166583333
CUST100955,188498.13,40504.21,596.8,0,50.0,Female,Graduate,Salaried,2021-08-22,1,42,29.92,9.2,4.8,5.1,0,2021,8,22,Sunday,2.0,0,0,0,1,0,1,0,0,0,0,Q1,Low,0,1,0,1.1070781472802491,-0.9312200867304654,-0.7921674912865759,-0.6990765913262614,-0.41650785199664875,0.03876776938075403,3.4314032237192214,0.03234152652005175,5.469917732470938,-1.498791647319256,-1.5757416224938061,-1.4987890828432748,-1.5757416027306816,0.21487857731002424,7.0,4699.886708
CUST100956,571371.57,97584.87,589.5,0,42.0,Female,Secondary,Self-Employed,2023-09-07,1,57,16.88,9.5,6.1,5.6,0,2023,9,7,Thursday,1.0,0,1,0,0,0,0,0,0,1,0,Q3,Low,0,3,3,0.33181333826046683,0.07097583067228828,-0.6136167737673094,-0.7935107507004099,1.7792341044055506,-0.7149022656914502,2.883682769745368,0.055928411633109625,4.1085277168348275,-0.6741400018015933,0.4370880149711003,-0.6741382272623866,0.43708788706750273,0.1707905592852651,9.5,8037.2934179999975
CUST100957,161988.55,125925.32,572.0,1,43.0,Female,Secondary,Salaried,2024-11-19,1,52,32.52,8.9,5.4,4.8,0,2024,11,19,Tuesday,1.0,0,0,1,0,0,1,0,0,0,0,Q1,Low,0,3,1,0.4287214393879396,-1.0006106217544193,-0.5249666480974432,-1.0198940094740547,1.047320118938151,0.1890394021405494,3.5121422756138823,0.029832935560859187,5.702630971753301,-0.42512406797111046,-1.8807954802088862,-0.4251231645618672,-1.8807958348228435,0.7773717339898407,8.666666666666666,4389.8897050000005
CUST100958,693736.17,267953.5,702.9,0,44.0,Male,Secondary,Salaried,2023-03-26,1,42,20.92,8.7,5.0,4.6,0,2023,3,26,Sunday,1.0,1,0,0,0,1,0,0,0,1,0,Q4,Low,1,1,0,0.5256295405154124,0.39127306140895446,-0.0806964969296825,0.6734527661528084,-0.41650785199664875,-0.48140326709546044,3.087399462079815,0.04562043795620438,4.573838650411709,0.33969140631183115,0.7527258943548983,0.3396900870252305,0.7527256726601634,0.38624697916500444,7.0,12094.133897000002
CUST100959,192461.18,274775.63,516.1,1,39.0,Female,Secondary,Salaried,2018-04-11,2,45,34.37,8.7,5.0,4.6,0,2018,4,11,Wednesday,1.0,0,0,0,0,1,1,0,0,0,0,Q1,Low,0,1,0,0.041089034878048415,-0.9208465478125845,-0.059356585889590904,-1.7430268189281541,0.022640539283791155,0.2959634485273265,3.5658640032173894,0.028272547356516825,5.862593282839941,0.3658755660162501,-1.5344607035550155,0.36587420148614924,-1.5344606470256295,1.4276937821954536,7.5,5512.408963833333
CUST100960,209894.8,43832.2,522.9,0,45.0,Male,Post-Graduate,Salaried,2019-07-05,0,45,18.15,8.9,5.4,4.8,0,2019,7,5,Friday,3.0,1,0,1,0,0,0,0,0,1,0,Q1,No_Missed,0,1,0,0.6225376416428852,-0.8752129233189372,-0.7817573978784593,-1.6550607526618242,0.022640539283791155,-0.6415003527664733,2.952302715626655,0.05221932114882507,4.260281680828158,-1.4268472470065026,-1.3639487087669397,-1.426844477382024,-1.3639485310549626,0.2088293754776202,7.5,3174.65885
CUST100961,1777426.76,1645632.88,602.6,0,53.0,Male,Secondary,Self-Employed,2024-07-28,1,40,5.76,8.9,5.4,4.8,0,2024,7,28,Sunday,1.0,1,0,1,0,0,1,0,0,0,0,Q4,Low,0,0,0,1.3978024506626676,3.2279030585844746,4.228742844004678,-0.6240467112755669,-0.7092734461836087,-1.3576024796487285,1.9110228900548727,0.14792899408284024,2.4,2.3569036870394937,2.146670803975855,2.356909047182176,2.1466711133098655,0.9258513020249565,6.666666666666667,8531.648448
CUST100962,298411.15,331323.48,605.4,0,40.0,Male,Post-Graduate,Self-Employed,2022-09-02,3,47,45.27,8.9,5.4,4.8,0,2022,9,2,Friday,3.0,1,0,1,0,0,0,1,0,0,0,Q1,Medium,0,2,1,0.13799713600552121,-0.6435156695386977,0.11752747942555886,-0.5878253898717842,0.3154061334707511,0.9259483704818532,3.8344938029189084,0.021612275772638856,6.728298447601741,0.5622698032963342,-0.6967085614472976,0.5622681898786025,-0.6967082778720732,1.1102918909028698,7.833333333333333,11257.560633750003
CUST100963,742770.04,792902.9,700.1,0,46.0,Male,Graduate,Salaried,2024-06-01,2,33,36.87,8.9,5.4,4.8,0,2024,6,1,Saturday,2.0,1,0,1,0,0,0,0,0,0,1,Q4,Low,1,0,2,0.719445742770358,0.5196223779049155,1.5613674180865156,0.6372314447490258,-1.7339530258379685,0.44045540310405273,3.634159241913703,0.02640612622128334,6.072067193304106,1.5136792227261058,0.8614118211344247,1.513679073019565,0.861411578878095,1.0674944562922866,5.5,22821.609479
CUST100964,1011733.84,211916.85,642.7,0,37.0,Male,Graduate,Salaried,2018-12-19,1,56,7.73,8.9,5.4,4.8,0,2018,12,19,Wednesday,2.0,1,0,1,0,0,0,0,1,0,0,Q4,Low,0,3,3,-0.15272716737689718,1.223652467558381,-0.25598150703426104,-0.10530564402852896,1.6328513073120707,-1.2437428194422682,2.166765369851511,0.1145475372279496,2.7802877548915688,0.09760602024105228,1.3380835988403652,0.09760523888667148,1.3380833666154572,0.20945909054499948,9.333333333333334,6517.252152666668
CUST100965,315866.06,197312.17,642.8,0,54.0,Female,Graduate,Self-Employed,2020-10-15,2,48,41.93,9.2,4.8,5.1,0,2020,10,15,Thursday,2.0,0,0,0,1,0,0,0,1,0,0,Q2,Low,0,2,1,1.4947105517901405,-0.5978263170972422,-0.30166556347543183,-0.10401202540696645,0.46178893056423104,0.7329071191673467,3.7595708822364693,0.023293733985557886,6.47533782902483,0.024732591593610583,-0.592526244649414,0.024732009917827164,-0.5925259822447755,0.6246703745252022,8.0,11036.886579833334
CUST100966,431227.16,217936.45,520.4,0,39.0,Male,Primary,Self-Employed,2021-03-25,2,50,36.13,8.9,5.4,4.8,0,2021,3,25,Thursday,0.0,1,0,1,0,0,0,1,0,0,0,Q2,Low,0,3,1,0.041089034878048415,-0.29586119920582926,-0.23715194376048354,-1.6874012182009164,0.754554524751191,0.39768578454934206,3.6144252681889886,0.026932399676811204,6.010823570859488,0.12629296514995564,-0.03910529474122791,0.1262921095955099,-0.03910522857375074,0.505386650506893,8.333333333333334,12983.531075666666
CUST100967,194262.23,516140.85,631.6,0,58.0,Male,Secondary,Salaried,2021-01-02,0,47,24.26,9.2,4.8,5.1,1,2021,1,2,Saturday,1.0,1,0,0,1,0,1,0,0,0,0,Q1,No_Missed,0,2,1,1.8823429563000316,-0.9161321833034186,0.6956440257921177,-0.24889731102209828,0.3154061334707511,-0.28836201578095416,3.229222116922345,0.0395882818685669,4.9254441424099005,1.0381380405153489,-1.5160265198870975,1.038136567629202,-1.5160264479133447,2.656928472405572,7.833333333333333,3927.3347498333337
CUST100968,369120.42,30371.63,471.25800000000004,1,38.0,Male,Primary,Salaried,2024-11-07,1,41,23.19,8.7,5.0,4.6,0,2024,11,7,Thursday,0.0,1,0,0,0,1,0,1,0,0,0,Q2,Low,0,1,0,-0.05581906624942438,-0.458429595883317,-0.8238626298732946,-2.3231112812097416,-0.5628906490901286,-0.350204572339793,3.185939324621936,0.0413393964448119,4.815599651133803,-1.757671372470682,-0.31197644366836563,-1.7576703564327372,-0.31197626802315165,0.08228108864852289,6.833333333333333,7133.252116500001
CUST100969,566887.81,122764.11,634.8799999999999,0,22.0,Male,Graduate,Salaried,2020-09-06,1,47,9.78,9.5,6.1,5.6,0,2020,9,6,Sunday,2.0,1,1,0,0,0,0,0,0,1,0,Q3,Low,0,2,1,-1.6063486842889891,0.059239299753315,-0.5348550466150687,-0.20646662023481124,0.3154061334707511,-1.1252594166893526,2.377692565480851,0.0927643784786642,3.127299154222378,-0.45016012352822043,0.4240571385075652,-0.4501591309012811,0.4240570153343209,0.2165580346488664,7.833333333333333,4620.135651500001
CUST100970,441421.86,161955.15,704.2,0,39.0,Other,Secondary,Self-Employed,2021-09-17,0,47,4.96,8.7,5.0,4.6,0,2021,9,17,Friday,1.0,2,0,0,0,1,0,0,1,0,0,Q2,No_Missed,1,2,1,0.041089034878048415,-0.2691759145876383,-0.41226381672518514,0.6902698082331371,0.3154061334707511,-1.4038399051132808,1.7850704810772584,0.16778523489932887,2.227105745132009,-0.17485640715352196,0.0012880924288854211,-0.17485637170775803,0.0012881414751258488,0.366894267538087,7.833333333333333,1824.543688
CUST100971,384845.44,336801.39,587.6,0,31.0,Male,Graduate,Unemployed,2020-01-09,1,53,3.68,8.9,5.4,4.8,0,2020,1,9,Thursday,2.0,1,0,1,0,0,1,0,0,0,0,Q2,Low,0,3,1,-0.734175774141734,-0.4172683420625331,0.13466261347982472,-0.8180895045101195,1.1937029160316308,-1.4778197858565647,1.5432981099295553,0.2136752136752137,1.9183326093250879,0.5796049741374152,-0.23808029798379501,0.5796033467906972,-0.2380801503812264,0.8751601422118969,8.833333333333334,1180.1926826666668
CUST100972,202622.79,81559.08,680.0,0,47.0,Male,Secondary,Salaried,2020-09-03,1,55,33.34,9.2,4.8,5.1,0,2020,9,3,Thursday,1.0,1,0,0,1,0,0,0,0,1,0,Q1,Low,0,3,3,0.8163538438978308,-0.8942478784030818,-0.6637461223647692,0.37721410181472487,1.4864685102185908,0.23643276324171564,3.5363108554693294,0.029120559114735,5.7740800133008205,-0.8466359018437819,-1.4329890176412268,-0.8466335903900875,-1.4329888832730595,0.4025168146189281,9.166666666666666,5629.536515500001
CUST100973,480207.59,126801.78,614.9,0,31.0,Male,Secondary,Self-Employed,2021-10-03,3,37,62.73,9.5,6.1,5.6,0,2021,10,3,Sunday,1.0,1,1,0,0,0,0,0,0,1,0,Q3,Medium,0,0,2,-0.734175774141734,-0.16765176535575227,-0.5222250441657974,-0.4649316208232342,-1.1484218374640485,1.935080181245709,4.154655409326203,0.015691197238349285,7.9202272694664515,-0.41828600706014846,0.14558209134779834,-0.4182851280057235,0.1455820791303053,0.2640561762049617,6.166666666666667,25102.851767250002
CUST100974,749458.81,337738.86,748.6,0,33.0,Male,Secondary,Salaried,2024-03-30,2,54,55.74,8.9,5.4,4.8,0,2024,3,30,Saturday,1.0,1,0,1,0,0,0,0,1,0,0,Q4,Low,1,3,3,-0.5403595718867884,0.537130664680948,0.1375950592706194,1.264636476207413,1.340085713125111,1.5310806762491826,4.038479429380705,0.017624250969333802,7.465922581972037,0.5825453975231505,0.8755873374383077,0.5825437679481426,0.8755870930348124,0.4506436584553592,9.0,34812.361724500006
CUST100975,288354.87,167118.85,668.2,0,18.0,Male,Post-Graduate,Salaried,2022-12-07,1,36,38.11,8.9,5.4,4.8,0,2022,12,7,Wednesday,3.0,1,0,1,0,0,1,0,0,0,0,Q1,Low,0,0,2,-1.9939810887988803,-0.669838630881378,-0.3961115448338959,0.22456710447021064,-1.2948046345575286,0.5121234125741091,3.666378188767423,0.025568908207619534,6.17332973362026,-0.14332226448055227,-0.7600119065163687,-0.14332233236666814,-0.760011613833825,0.579559658555446,6.0,9157.67007975
CUST100976,149859.15,13941.3458,566.9,1,33.0,Female,Graduate,Salaried,2023-11-20,1,45,24.54,9.5,6.1,5.6,0,2023,11,20,Monday,2.0,0,1,0,0,0,0,0,0,1,0,Q1,Low,0,1,0,-0.5403595718867884,-1.0323601083747107,-0.8752572534280234,-1.0858685591738029,0.022640539283791155,-0.272178916868361,3.2402458506043934,0.03915426781519186,4.953786430600334,-2.431605975716579,-2.0404574097266495,-2.4316194723341282,-2.0404580417447153,0.09302966018424634,7.5,3064.6196174999995
CUST100977,371107.53,402594.15,743.7,1,18.0,Female,Secondary,Self-Employed,2020-08-10,1,36,56.32,9.5,6.1,5.6,0,2020,8,10,Monday,1.0,0,1,0,0,0,0,0,0,0,1,Q2,Low,1,0,2,-1.9939810887988803,-0.45322820732674796,0.3404651480961537,1.2012491637507927,-1.2948046345575286,1.564602809710983,4.048649602959971,0.017445917655268667,7.504665215717488,0.7695608767824476,-0.3024377736311731,0.7695591880549559,-0.30243760151331955,1.0848450043576319,6.0,17417.313408
CUST100978,1014974.3,486903.07,716.2,0,21.0,Male,Graduate,Salaried,2019-04-26,2,42,18.69,9.2,4.8,5.1,0,2019,4,26,Friday,2.0,1,0,0,1,0,0,0,0,0,1,Q4,Low,1,1,0,-1.703256785416462,1.2321345805576713,0.6041870139483433,0.8455040428207793,-0.41650785199664875,-0.6102900905779003,2.9801108926510342,0.05078720162519045,4.323193264243457,0.9746685673054843,1.3428891334626896,0.9746670101046029,1.3428889023194073,0.4797196047229964,7.0,15808.224722500001
CUST100979,861622.45,70778.2,617.0,0,46.0,Female,Primary,Salaried,2021-05-22,2,36,19.12,9.2,4.8,5.1,0,2021,5,22,Saturday,0.0,0,0,0,1,0,0,0,0,1,0,Q4,Low,0,0,2,0.719445742770358,0.8307262248457693,-0.6974691707578521,-0.4377656297703965,-1.2948046345575286,-0.5854374743907034,3.0017143452315387,0.049701789264413515,4.37264222181509,-0.9813971702116315,1.0934162188656131,-0.981394519974743,1.093415958953988,0.08214525979447262,6.0,13728.517703333335
CUST100980,321497.74,34215.09,689.6,0,47.0,Female,Post-Graduate,Salaried,2018-04-18,2,48,8.33,9.2,4.8,5.1,0,2018,4,18,Wednesday,3.0,0,0,0,1,0,0,0,0,1,0,Q2,Low,0,2,1,0.8163538438978308,-0.583085031558818,-0.8118401245140959,0.5014014894848389,0.46178893056423104,-1.209064750343854,2.2332350148592526,0.10718113612004287,2.8861739379323623,-1.651172319484579,-0.5603381839745106,-1.651170493162491,-0.5603379295091107,0.10642404515814013,8.0,2231.7301451666667
CUST100981,568373.05,164489.46,688.4,0,43.0,Female,Graduate,Salaried,2020-08-30,2,44,19.87,8.9,5.4,4.8,0,2020,8,30,Sunday,2.0,0,0,1,0,0,1,0,0,0,0,Q3,Low,0,1,0,0.4287214393879396,0.06312701122362033,-0.404336387909256,0.4858780660260741,-0.12374225780968881,-0.5420898880176855,3.038312721089109,0.0479156684235745,4.457577817604534,-0.15926484589663134,0.42838687393913577,-0.15926486177580246,0.4283867491881626,0.2894040454592278,7.333333333333333,9411.310419583335
CUST100982,619984.81,71353.7,616.0,0,27.0,Male,Secondary,Salaried,2022-06-15,1,45,25.41,9.2,4.8,5.1,0,2022,6,15,Wednesday,1.0,1,0,0,1,0,0,0,0,0,1,Q3,Low,0,1,0,-1.1218081786516252,0.1982241210204523,-0.6956689824290497,-0.45070181598603337,0.022640539283791155,-0.2218957166756602,3.273742726309041,0.03786444528587656,5.040833264451424,-0.973736609982774,0.5711470876329957,-0.9737339764670288,0.5711469145645374,0.11508943259432436,7.5,13128.17835175
CUST100983,1004184.14,452826.36,655.3,0,37.0,Male,Graduate,Self-Employed,2019-12-05,0,52,19.18,8.9,5.4,4.8,0,2019,12,5,Thursday,2.0,1,0,1,0,0,1,0,0,0,0,Q4,No_Missed,0,3,1,-0.15272716737689718,1.2038906409934056,0.49759362450267164,0.05769030228849413,1.047320118938151,-0.581969667480862,3.004692014925463,0.049554013875123884,4.379497688091638,0.8960685311682876,1.3268175786565481,0.8960668984474341,1.3268173439815185,0.45093956572546545,8.666666666666666,16050.209837666667
CUST100984,188561.55,157600.64,669.6,1,38.0,Male,Primary,Salaried,2024-07-10,0,47,12.53,8.9,5.4,4.8,0,2024,7,10,Wednesday,0.0,1,0,1,0,0,0,1,0,0,0,Q1,No_Missed,0,2,1,-0.05581906624942438,-0.9310540807910572,-0.42588490808861396,0.24267776517210193,0.3154061334707511,-0.9663182666549537,2.604909442182697,0.07390983000739099,3.5397740040855714,-0.20218285708282996,-1.5750730670292576,-0.20218273064176828,-1.5750730466463148,0.8358047544687665,7.833333333333333,1968.8968512499998
CUST100985,245768.29,223355.42,595.9,0,25.0,Female,Post-Graduate,Self-Employed,2023-11-04,0,55,39.21,8.7,5.0,4.6,0,2023,11,4,Saturday,3.0,0,0,0,0,1,0,0,0,1,0,Q1,No_Missed,0,3,3,-1.3156243809065706,-0.781311750072267,-0.22020117651785917,-0.7107191589203343,1.4864685102185908,0.5756998725878687,3.6941157209091826,0.02486943546381497,6.261788881781308,0.1514952961657612,-1.0599163068069846,0.15149437759100373,-1.059916019024035,0.9088048747053576,9.166666666666666,8030.47887575
CUST100986,146478.59,20273.13,757.7,0,55.0,Female,Secondary,Salaried,2020-05-24,0,38,4.54,9.5,6.1,5.6,0,2020,5,24,Sunday,1.0,0,1,0,0,0,0,1,0,0,0,Q1,No_Missed,1,0,2,1.591618652917613,-1.0412089421578405,-0.8554511647793086,1.3823557707697085,-1.0020390403705686,-1.4281145534821709,1.7119945007591924,0.18050541516245489,2.130727575266252,-2.112227147803876,-2.087656714839673,-2.112231258557501,-2.0876574408791555,0.1384033666626638,6.333333333333333,554.1773321666667
CUST100987,304636.62,134091.98,491.8,0,48.0,Male,Graduate,Salaried,2021-12-18,1,47,50.78,9.5,6.1,5.6,0,2021,12,18,Saturday,2.0,1,1,0,0,0,0,0,1,0,0,Q2,Low,0,2,1,0.9132619450253036,-0.6272201003868827,-0.49942099037842075,-2.0573761439681295,0.3154061334707511,1.2444086383689577,3.947003974323392,0.019312475859405175,7.126008700527947,-0.3630503305915631,-0.658753929056051,-0.36304964768986075,-0.6587536523487749,0.4401702592419782,7.833333333333333,12891.206302999999
CUST100988,795294.74,371288.23,704.2,0,39.0,Male,Secondary,Salaried,2024-08-08,1,39,60.91,9.2,4.8,5.1,0,2024,8,8,Thursday,1.0,1,0,0,1,0,0,1,0,0,0,Q4,Low,1,0,0,0.041089034878048415,0.6571091670193665,0.24253890690341406,0.6902698082331371,-0.8556562432770887,1.829890038313852,4.12568171753114,0.016152479405588758,7.804485889538144,0.6830825520798737,0.9689203283551036,0.6830808702031325,0.9689200731452424,0.4668561368832893,6.5,40367.83551116666
CUST100989,325186.6,272792.95,552.5,1,38.0,Female,Graduate,Salaried,2023-10-09,2,44,24.57,9.2,4.8,5.1,0,2023,10,9,Monday,2.0,0,0,0,1,0,0,0,1,0,0,Q2,Low,0,1,0,-0.05581906624942438,-0.573429202646083,-0.06555849274580276,-1.2721496406789732,-0.12374225780968881,-0.2704450134134402,3.2414197893030954,0.03910833007430583,4.956813492557492,0.35832857388287537,-0.5396087327344399,0.358327222115,-0.5396084837011635,0.8388812761657461,7.333333333333333,6658.195634999999
CUST100990,215452.57,32739.27,630.5,0,40.0,Female,Graduate,Salaried,2021-06-27,3,48,11.75,8.9,5.4,4.8,0,2021,6,27,Sunday,2.0,0,0,1,0,0,0,0,0,1,0,Q1,Medium,0,2,1,0.13799713600552121,-0.8606651019713307,-0.8164565518632065,-0.2631271158592991,0.46178893056423104,-1.0113997564828925,2.545531271604435,0.0784313725490196,3.427827300200522,-1.6906860050463974,-1.3130377603646444,-1.6906844481003482,-1.313037555375811,0.1519558109703681,8.0,2109.6397479166667
CUST100991,501144.63,404029.29,522.1,0,18.0,Other,Graduate,Salaried,2019-07-14,2,49,39.07,8.9,5.4,4.8,0,2019,7,14,Sunday,2.0,2,0,1,0,0,0,1,0,0,0,Q3,Low,0,2,1,-1.9939810887988803,-0.11284771310679467,0.3449543266855497,-1.665409701634333,0.608171727657711,0.567608323131572,3.6906279246480533,0.02495632642874969,6.250599971202765,0.7733738114846098,0.21793398131783434,0.7733721232870452,0.21793393890079235,0.8062129489444992,8.166666666666666,16316.433911749999
CUST100992,508287.68,333137.66,544.5,0,35.0,Female,Graduate,Self-Employed,2018-04-27,1,38,71.4,8.9,5.4,4.8,0,2018,4,27,Friday,2.0,0,0,1,0,0,0,0,0,1,0,Q3,Low,0,0,2,-0.3465433696318428,-0.094150319138167,0.12320231115856793,-1.375639130404068,-1.0020390403705686,2.436178279717796,4.282206299391671,0.013812154696132596,8.449852069711044,0.5680401575685536,0.24181514363711584,0.5680385393642278,0.2418150914062018,0.6554116361820927,6.333333333333333,30243.116960000003
CUST100993,252867.98,88264.2,643.0,0,30.0,Male,Post-Graduate,Self-Employed,2020-05-23,0,33,16.08,9.5,6.1,5.6,0,2020,5,23,Saturday,3.0,1,1,0,0,0,0,0,0,1,0,Q1,No_Missed,0,0,2,-0.8310838752692068,-0.7627278536995515,-0.6427722235511818,-0.1014247881638385,-1.7339530258379685,-0.7611396911560027,2.837908188360424,0.0585480093676815,4.009987531152684,-0.7709410134311652,-1.0058855767800894,-0.770938926485089,-1.0058852814680819,0.349052497670919,5.5,3388.4309319999998
CUST100994,2319581.56,634925.2,655.8,0,27.0,Male,Primary,Salaried,2020-08-25,2,45,12.88,9.5,6.1,5.6,0,2020,8,25,Tuesday,0.0,1,1,0,0,0,1,0,0,0,0,Q4,Low,0,1,0,-1.1218081786516252,4.64702820646704,1.0672064941055481,0.06415839539631256,0.022640539283791155,-0.946089393014212,2.6304489550786583,0.07204610951008646,3.588871688985272,1.2657351736264724,2.503124559005898,1.2657341792386683,2.5031253812618393,0.2737240246038169,7.5,24896.842077333335
CUST100995,480612.73,97660.76,734.8,0,35.0,Female,Secondary,Salaried,2022-04-18,1,62,19.57,9.2,4.8,5.1,0,2022,4,18,Monday,1.0,0,0,0,1,0,0,0,0,1,0,Q3,Low,1,3,3,-0.3465433696318428,-0.16659128528177142,-0.6133793866391202,1.0861171064316235,2.5111480898729504,-0.5594289225668927,3.0238337036648657,0.04861448711716091,4.4237992721189325,-0.6733876721448234,0.14701680584746335,-0.6733859001210548,0.14701679302564613,0.20320052696065707,10.333333333333334,7837.992605083333
CUST100996,666831.44,735161.06,618.1,1,58.0,Male,Secondary,Salaried,2018-02-13,0,50,26.89,9.2,4.8,5.1,0,2018,2,13,Tuesday,1.0,1,0,0,1,0,0,0,1,0,0,Q4,No_Missed,0,3,1,1.8823429563000316,0.3208481957801882,1.3807485015763932,-0.4235358249331957,0.754554524751191,-0.13635647956623823,3.3282682016393976,0.035855145213338116,5.185556864985669,1.4288610170467557,0.6892115288114959,1.4288605397284602,0.6892113222499934,1.1024691037363208,8.333333333333334,14942.581184666666
CUST100997,309625.92,117399.75,699.3,0,45.0,Male,Post-Graduate,Salaried,2019-05-24,1,39,11.36,8.7,5.0,4.6,0,2019,5,24,Friday,3.0,1,0,0,0,1,0,0,0,1,0,Q2,Low,0,0,0,0.6225376416428852,-0.6141602859199989,-0.5516349914690989,0.6268824957765154,-0.8556562432770887,-1.0339405013968617,2.514465452029545,0.08090614886731393,3.370459909270543,-0.494047153193044,-0.6289829938219805,-0.49404600428749046,-0.6289827231924594,0.3791664147497729,6.5,2931.125376
CUST100998,286033.15,1161840.3,643.0799999999999,0,32.0,Female,Secondary,Salaried,2023-07-05,0,64,48.01,8.9,5.4,4.8,0,2023,7,5,Wednesday,1.0,0,0,1,0,0,0,0,0,1,0,Q1,No_Missed,0,3,3,-0.6372676730142611,-0.675915882689057,2.715419201820142,-0.1003898932665885,2.8039136840599106,1.084311552697945,3.8920243589214563,0.020403999183840033,6.928924880528003,1.949373622703202,-0.7749931205742826,1.9493758036349813,-0.7749928261908133,4.061907859281345,10.666666666666666,11443.709609583335
CUST100999,1266673.94,680408.88,696.2,0,44.0,Male,Graduate,Self-Employed,2021-04-03,0,45,23.83,8.9,5.4,4.8,0,2021,4,3,Saturday,2.0,1,0,1,0,0,0,1,0,0,0,Q4,No_Missed,0,1,0,0.5256295405154124,1.890974618194502,1.2094813679317569,0.5867803185080424,0.022640539283791155,-0.3132146319681513,3.2120525995200753,0.04027386226339106,4.881598098983569,1.3425164930793878,1.6696608271234064,1.342515723677833,1.6696607245048591,0.5371618208234394,7.5,25154.033325166663
CUST101000,380516.79,234918.5,562.6,1,53.0,Female,Graduate,Salaried,2021-08-08,3,41,29.58,9.2,4.8,5.1,0,2021,8,8,Sunday,2.0,0,0,0,1,0,0,0,0,1,0,Q2,Medium,0,1,0,1.3978024506626676,-0.4285988625548019,-0.18403137345789666,-1.1414941599010406,-0.5628906490901286,0.01911686355831907,3.420346200500916,0.032701111837802485,5.438749856354859,0.20342771679232985,-0.25806561746129625,0.20342667501153763,-0.2580654621199268,0.6173669761063632,6.833333333333333,9379.7388735
CUST101001,507467.97,147359.89,657.1,0,48.0,Male,Secondary,Salaried,2020-04-28,2,53,16.2,9.5,6.1,5.6,0,2020,4,28,Tuesday,1.0,1,1,0,0,0,0,0,0,1,0,Q3,Low,0,3,1,0.9132619450253036,-0.09629596291918831,-0.45791840700813297,0.08097543747664133,1.1937029160316308,-0.7542040773363197,2.8449093838194073,0.05813953488372093,4.024922359499621,-0.26931696420825285,0.23909457207334114,-0.2693166092548955,0.23909452095584208,0.29038264227789595,8.833333333333334,6850.8175949999995
CUST101002,631972.23,43283.2,679.9,0,39.0,Female,Secondary,Salaried,2023-02-23,2,44,10.43,8.7,5.0,4.6,0,2023,2,23,Thursday,1.0,0,0,0,0,1,1,0,0,0,0,Q3,Low,0,1,0,0.041089034878048415,0.2296019658356791,-0.7834746930869954,0.37592048319316085,-0.12374225780968881,-1.0876915084994039,2.4362414778067194,0.08748906386701663,3.2295510523910287,-1.438358480254163,0.6023252323856686,-1.4383557379979806,0.6023250498446796,0.06848908535110791,7.333333333333333,5492.89196575
CUST101003,165580.49,58719.86,610.3,0,31.0,Male,Secondary,Salaried,2020-07-05,0,41,15.33,8.9,5.4,4.8,0,2020,7,5,Sunday,1.0,1,0,1,0,0,0,0,0,1,0,Q1,No_Missed,0,1,0,-0.734175774141734,-0.9912084871912183,-0.7351881680345352,-0.524438077415164,-0.5628906490901286,-0.8044872775290204,2.7930039069823738,0.06123698714023271,3.9153543900903784,-1.156847227127127,-1.8361758645352482,-1.1568443030512157,-1.8361761522360982,0.35463030698846226,6.833333333333333,2115.29075975
CUST101004,437928.17,266945.97,680.5,0,46.0,Male,Secondary,Self-Employed,2020-03-09,0,44,31.29,8.7,5.0,4.6,0,2020,3,9,Monday,1.0,1,0,0,0,1,0,0,0,1,0,Q2,No_Missed,0,1,0,0.719445742770358,-0.27832087344054496,-0.08384809336220785,0.3836821949225433,-0.12374225780968881,0.11794936048879986,3.4747575847701837,0.03096934035305048,5.593746508378798,0.3357720520456307,-0.012430948917251433,0.33577073976333743,-0.012430894046156615,0.609565650914852,7.333333333333333,11418.977032750001
CUST101005,178948.98,91912.9,688.1,0,42.0,Male,Secondary,Salaried,2020-05-25,0,39,17.33,8.7,5.0,4.6,0,2020,5,25,Monday,1.0,1,0,0,0,1,1,0,0,0,0,Q1,No_Missed,0,0,0,0.33181333826046683,-0.9562156025977101,-0.6313589357053064,0.4819972101613836,-0.8556562432770887,-0.6888937138676395,2.9085390618516134,0.05455537370430988,4.162931659299729,-0.7319654666360763,-1.6795132766479333,-0.7319635025530976,-1.6795133632033563,0.5136262861067997,6.5,2584.3215195
CUST101006,411709.14,1193923.74,608.6,0,48.0,Male,Primary,Salaried,2022-10-27,2,50,14.23,8.9,5.4,4.8,0,2022,10,27,Thursday,0.0,1,0,1,0,0,0,0,0,1,0,Q2,Low,0,3,1,0.9132619450253036,-0.34695087510443756,2.8157775584419182,-0.5464295939817457,0.754554524751191,-0.8680637375427799,2.7232671669070703,0.06565988181221273,3.772267222772003,1.9808963355554186,-0.11964130620429379,1.980898727713036,-0.11964120631922781,2.8999204146888746,8.333333333333334,4882.1842185000005
CUST101007,941489.19,473381.5,712.0,0,45.0,Female,Post-Graduate,Salaried,2024-05-22,2,45,15.83,9.2,4.8,5.1,0,2024,5,22,Wednesday,3.0,0,0,0,1,0,1,0,0,0,0,Q4,Low,1,1,0,0.6225376416428852,1.0397825667123328,0.5618909713747817,0.7911720607151039,0.022640539283791155,-0.7755888866136752,2.8231630082027146,0.05941770647653001,3.9786932528155523,0.9441105663063205,1.2292683514162877,0.9441089759759309,1.2292681004217074,0.5028007809627639,7.5,12419.811564749998
CUST101008,255465.44,34790.94,471.25800000000004,0,50.0,Female,Post-Graduate,Salaried,2020-03-29,2,40,19.96,9.2,4.8,5.1,0,2020,3,29,Sunday,3.0,0,0,0,1,0,0,0,0,1,0,Q1,Low,0,0,0,1.1070781472802491,-0.7559288346617803,-0.8100388413704975,-2.3231112812097416,-0.7092734461836087,-0.5368881776529234,3.0426158594528414,0.047709923664122134,4.467661580737736,-1.6361822802617734,-0.9865586440592644,-1.6361803607855288,-0.986558346826257,0.1361864837764357,6.666666666666667,4249.241818666666
CUST101009,176922.92,88504.83,496.8,1,32.0,Male,Secondary,Salaried,2023-12-09,0,38,51.78,8.7,5.0,4.6,0,2023,12,9,Saturday,1.0,1,0,0,0,1,0,0,0,1,0,Q1,No_Missed,0,0,2,-0.6372676730142611,-0.961518945290828,-0.642019522738741,-1.9926952128899453,-1.0020390403705686,1.3022054201996482,3.966132331075178,0.018946570670708603,7.195832127002408,-0.768324946197758,-1.7023619137265675,-0.7683228673583499,-1.7023620264783412,0.5002451350000328,6.333333333333333,7634.223998000001
CUST101010,1249466.45,398342.65,567.3,1,52.0,Male,Secondary,Self-Employed,2020-08-02,0,39,52.05,8.9,5.4,4.8,0,2020,8,2,Sunday,1.0,1,0,1,0,0,0,0,1,0,0,Q4,No_Missed,0,0,0,1.3008943495351948,1.8459329035570262,0.3271662763673902,-1.0806940846875484,-0.8556562432770887,1.3178105512939344,3.971234865059992,0.018850141376060323,7.214568594171102,0.7581908226631102,1.6498317461487109,0.7581891327763286,1.6498316324556312,0.3188102009461719,6.5,54195.60726874999
CUST101011,235418.15,83743.25,672.5,0,40.0,Male,Primary,Salaried,2020-06-25,1,50,17.7,9.5,6.1,5.6,0,2020,6,25,Thursday,0.0,1,1,0,0,0,0,0,0,0,1,Q1,Low,0,3,1,0.13799713600552121,-0.8084039089134417,-0.6569139462707287,0.2801927051974485,0.754554524751191,-0.667508904590284,2.928523523860541,0.053475935828877004,4.207136793592526,-0.8213636542487848,-1.1420340492567922,-0.8213614154536857,-1.142033779356035,0.35572129846403094,8.333333333333334,3472.4177124999997
CUST101012,194032.62,160094.42,589.6,0,61.0,Male,Graduate,Self-Employed,2018-01-13,1,49,54.95,9.2,4.8,5.1,0,2018,1,13,Saturday,2.0,1,0,0,1,0,0,0,0,1,0,Q1,Low,0,2,1,2.17306725968245,-0.9167332022839852,-0.4180842588260582,-0.7922171320788458,0.608171727657711,1.4854212186029372,4.024458434757935,0.017873100983020553,7.412826721298698,-0.18644882142440058,-1.5183655249044512,-0.1864487475339175,-1.5183654548575418,0.8250902348275255,8.166666666666666,8885.0770575
CUST101013,678552.48,758386.81,543.0,1,39.0,Female,Graduate,Salaried,2019-08-26,1,43,36.84,9.5,6.1,5.6,1,2019,8,26,Monday,2.0,0,1,0,0,0,0,1,0,0,0,Q4,Low,0,1,0,0.041089034878048415,0.3515287737688688,1.453399629426406,-1.3950434097275233,-0.2701250549031688,0.4387214996491324,3.6333667441836774,0.02642706131078224,6.069596362197408,1.4636967149643967,0.7172423500120757,1.4636963672967036,0.7172421365054006,1.1176538769705773,7.166666666666667,20831.561136000004
CUST101014,230369.9,108154.75,642.9,0,57.0,Female,Primary,Salaried,2018-07-19,1,49,16.27,9.2,4.8,5.1,0,2018,7,19,Thursday,0.0,0,0,0,1,0,0,0,0,1,0,Q1,Low,0,2,1,1.7854348551725587,-0.821618028806502,-0.5805537422940827,-0.10271840678540248,0.608171727657711,-0.7501583026081714,2.848970892158587,0.05790387955993052,4.033608806019741,-0.5742477556958959,-1.1836290564875058,-0.574246323603458,-1.1836287987952685,0.4694829923527336,8.166666666666666,3123.431894166666
CUST101015,1093290.83,641738.07,658.0,0,40.0,Female,Secondary,Salaried,2022-11-27,1,39,3.55,9.5,6.1,5.6,0,2022,11,27,Sunday,1.0,0,1,0,0,0,0,0,0,1,0,Q4,Low,0,0,0,0.13799713600552121,1.4371331477895752,1.0885174394741806,0.0926180050707142,-0.8556562432770887,-1.4853333674945544,1.5151272329628591,0.21978021978021978,1.8841443681416772,1.2775549191611544,1.4538726896596725,1.2775539572924406,1.4538724897399988,0.5869783706134258,6.5,3234.3187054166665
CUST101016,514396.66,74553.89,849.0,0,31.0,Female,Graduate,Salaried,2019-03-24,1,42,17.32,8.7,5.0,4.6,0,2019,3,24,Sunday,2.0,0,0,0,0,1,0,0,0,0,1,Q3,Low,1,1,0,-0.734175774141734,-0.0781596700727864,-0.685658652823576,2.563429572257352,-0.41650785199664875,-0.6894716816859463,2.9079933592459843,0.05458515283842795,4.161730409336962,-0.932156810199552,0.26193069597377466,-0.9321542731929973,0.26193063555004376,0.14493463079639748,7.0,7424.458459333332
CUST101017,896430.81,431692.11,555.2,0,33.0,Male,Graduate,Self-Employed,2022-12-17,0,40,42.85,8.7,5.0,4.6,0,2022,12,17,Saturday,2.0,1,0,0,0,1,0,0,0,1,0,Q4,No_Missed,0,0,0,-0.5403595718867884,0.9218393516364013,0.43148479706914933,-1.237221937896753,-0.7092734461836087,0.7860801584515821,3.780774718818192,0.02280501710376283,6.545991139621257,0.8445143834149612,1.1543578431328034,0.8445127182326476,1.1543575853163313,0.48156768507320713,6.666666666666667,32010.05017375
CUST101018,490086.16,199012.65,650.6,0,34.0,Female,Primary,Self-Employed,2020-04-20,1,43,14.52,8.7,5.0,4.6,0,2020,4,20,Monday,0.0,0,0,0,0,1,1,0,0,0,0,Q3,Low,0,1,0,-0.44345147075931557,-0.14179397139705596,-0.2963463901489994,-0.0031097729249981677,-0.2701250549031688,-0.8513026708118797,2.7421295147550726,0.06443298969072166,3.81051177665153,0.03347039235394124,0.18016838996112328,0.033469785924358245,0.18016836323100383,0.40607686207666016,7.166666666666667,5930.042535999999
CUST101019,801176.3,1009524.6,713.6,1,43.0,Female,Graduate,Unemployed,2019-08-13,0,58,51.6,8.9,5.4,4.8,0,2019,8,13,Tuesday,2.0,0,0,1,0,0,0,0,0,1,0,Q4,No_Missed,1,3,3,0.4287214393879396,0.6725045295703949,2.238969253195698,0.8118699586601232,1.9256169014990308,1.291801999470124,3.9627161197436642,0.019011406844106463,7.183313998427188,1.7877295247043916,0.980441168282329,1.7877307132885596,0.9804409121558848,1.2600529995707561,9.666666666666666,34450.5809
CUST101020,2457149.8175999983,1974290.1467000002,552.9,0,44.0,Female,Secondary,Self-Employed,2021-02-27,0,43,43.66,9.5,6.1,5.6,0,2021,2,27,Saturday,1.0,0,1,0,0,0,1,0,0,0,0,Q4,No_Missed,0,1,0,0.5256295405154124,5.007121991324325,5.256796667965474,-1.2669751661927187,-0.2701250549031688,0.8328955517344412,3.799078246412012,0.02239140170174653,6.607571414672716,2.574153438055896,2.5782138696822097,2.5741608916478684,2.5782148248841006,0.8034878999068817,7.166666666666667,89399.30086367993
CUST101021,315690.78,100107.48,776.5,0,32.0,Female,Secondary,Salaried,2023-09-22,2,39,22.28,8.9,5.4,4.8,0,2023,9,22,Friday,1.0,0,0,1,0,0,0,0,1,0,0,Q2,Low,1,0,0,-0.6372676730142611,-0.598285123799536,-0.6057259430459884,1.6255560716236805,-0.8556562432770887,-0.40279964380572136,3.147594622863237,0.0429553264604811,4.720169488482378,-0.6494185146883329,-0.59353878085574,-0.6494168233856911,-0.5935385182114574,0.31710612517730163,6.5,5861.325482
CUST101022,138201.59,100254.62,604.7,0,38.0,Male,Graduate,Salaried,2019-06-04,1,41,38.5,9.2,4.8,5.1,0,2019,6,4,Tuesday,2.0,1,0,0,1,0,1,0,0,0,0,Q1,Low,0,1,0,-0.05581906624942438,-1.0628745233701142,-0.6052656829057625,-0.5968807202227292,-0.5628906490901286,0.5346641574880784,3.676300671907076,0.02531645569620253,6.2048368229954285,-0.647994459692287,-2.2087938671937124,-0.6479927732192075,-2.2087948614496526,0.725423057723142,6.833333333333333,4433.967679166666
CUST101023,755005.12,172499.63,599.1,0,62.0,Female,Graduate,Salaried,2020-11-02,0,51,41.08,9.2,4.8,5.1,0,2020,11,2,Monday,2.0,0,0,0,1,0,0,0,0,1,0,Q4,No_Missed,0,3,1,2.269975360809923,0.5516484887395977,-0.3792802375257232,-0.6693233630302958,0.9009373218446709,0.6837798546112598,3.7395725684294545,0.023764258555133082,6.4093681435848255,-0.11141044694694975,0.8872302004790547,-0.11141061740880757,0.8872299544089944,0.2284747817339305,8.5,25846.341941333332
CUST101024,557246.59,68155.05,660.7,0,39.0,Male,Secondary,Salaried,2019-12-26,2,44,35.49,9.2,4.8,5.1,0,2019,12,26,Thursday,1.0,1,0,0,1,0,1,0,0,0,0,Q3,Low,0,1,0,0.041089034878048415,0.03400278472427076,-0.7056744948494212,0.1275457078529343,-0.12374225780968881,0.3606958441777001,3.5970382504483562,0.027404768429706766,5.957348403442592,-1.0170634640936427,0.39562573957902986,-1.0170607406745222,0.39562562690928915,0.1223068049640286,7.333333333333333,16480.567899249996
CUST101025,254224.1,116254.88,651.2,0,43.0,Male,Post-Graduate,Salaried,2020-09-14,0,40,67.09,9.2,4.8,5.1,0,2020,9,14,Monday,3.0,1,0,0,1,0,1,0,0,0,0,Q1,No_Missed,0,0,0,0.4287214393879396,-0.7591781221550803,-0.5552161932275629,0.004651938804384235,-0.7092734461836087,2.1870741500275197,4.220830359494875,0.0146864444118079,8.190848551890092,-0.5036541893390999,-0.9957663567162203,-0.503653006296993,-0.9957660603488403,0.457292915974528,6.666666666666667,14213.245724166669
CUST101026,169076.05,63664.83,471.3,0,38.0,Male,Secondary,Unemployed,2020-03-13,0,42,27.94,8.7,5.0,4.6,0,2020,3,13,Friday,1.0,1,0,0,0,1,0,0,1,0,0,Q1,No_Missed,0,1,0,-0.05581906624942438,-0.9820586334927316,-0.7197200928298818,-2.322567961388685,-0.41650785199664875,-0.07566985864401317,3.365224721203338,0.03455425017277125,5.285830114561004,-1.081183400065079,-1.793824257606456,-1.0811805662138358,-1.7938244858485197,0.37654552492798365,7.0,3936.6540308333333
CUST101027,516586.09,109048.72,641.3,0,39.0,Other,Graduate,Salaried,2024-06-07,1,31,48.13,8.9,5.4,4.8,0,2024,6,7,Friday,2.0,2,0,1,0,0,1,0,0,0,0,Q3,Low,0,0,2,0.041089034878048415,-0.07242869587034717,-0.5777573663422156,-0.12341630473042173,-2.0267186200249285,1.091247166517628,3.894469846180557,0.02035416242621616,6.937578828380979,-0.5662201424517231,0.26907229512608255,-0.5662187384691826,0.26907223181121115,0.2110949599901151,5.166666666666667,20719.407093083333
CUST101028,1112115.92,719547.34,696.2,0,45.0,Male,Secondary,Salaried,2019-06-11,1,40,9.54,9.5,6.1,5.6,0,2019,6,11,Tuesday,1.0,1,1,0,0,0,0,0,1,0,0,Q4,Low,0,0,0,0.6225376416428852,1.4864090347321097,1.3319081253588627,0.5867803185080424,-0.7092734461836087,-1.1391306443287184,2.355177543113216,0.09487666034155598,3.0886890422961,1.404863491781122,1.4791707936687366,1.4048629291090156,1.4791706025904334,0.6470074990024421,6.666666666666667,8841.321563999998
CUST101029,410085.72,149869.77,732.2,0,27.0,Female,Post-Graduate,Salaried,2022-07-24,3,43,21.72,9.2,4.8,5.1,0,2022,7,24,Sunday,3.0,0,0,0,1,0,1,0,0,0,0,Q2,Medium,1,1,0,-1.1218081786516252,-0.3512002816347783,-0.4500673962649626,1.052483022270969,-0.2701250549031688,-0.4351658416309082,3.1232455938529506,0.04401408450704226,4.6604720790924175,-0.25247167865996867,-0.12653977561237156,-0.25247138164266014,-0.12653967287667447,0.36545961658942916,7.166666666666667,7422.551531999999
CUST101030,1076709.04,125507.28,640.7,0,35.0,Female,Post-Graduate,Self-Employed,2021-02-12,1,39,14.35,8.9,5.4,4.8,1,2021,2,12,Friday,3.0,0,0,1,0,0,0,1,0,0,0,Q4,Low,0,0,0,-0.3465433696318428,1.3937292432480906,-0.52627429488975,-0.13117801645980265,-0.8556562432770887,-0.8611281237230971,2.731115474033206,0.06514657980456026,3.788139384975162,-0.42840115226514597,1.431164790339513,-0.42840023718114806,1.4311645830385,0.1165656415404481,6.5,12875.645603333334
CUST101031,264238.97,194624.53,621.5,1,20.0,Male,Primary,Self-Employed,2019-04-05,1,32,8.17,8.9,5.4,4.8,0,2019,4,5,Friday,0.0,1,0,1,0,0,0,0,1,0,0,Q1,Low,0,0,2,-1.8001648865439348,-0.7329635541575735,-0.31007261501326416,-0.3795527918000307,-1.8803358229314484,-1.2183122354367641,2.2159372862683733,0.10905125408942203,2.8583211855912904,0.01077875565631639,-0.9229331503257517,0.010778213950188749,-0.9229328495000273,0.7365474138807006,5.333333333333333,1799.0269874166665
CUST101032,879528.98,250923.76,708.0,0,39.0,Female,Post-Graduate,Self-Employed,2024-12-27,2,33,21.54,8.7,5.0,4.6,0,2024,12,27,Friday,3.0,0,0,0,0,1,1,0,0,0,0,Q4,Low,1,0,2,0.041089034878048415,0.8775977217582999,-0.13396624356832604,0.7394273158525566,-1.7339530258379685,-0.4455692623604325,3.11529150861163,0.044365572315882874,4.641120554348917,0.2715261532433058,1.125117904837151,0.2715249641846004,1.1251176456389755,0.28529333962366993,5.5,15787.545190999997
CUST101033,288201.08,138616.99,678.68,0,45.0,Male,Graduate,Salaried,2020-07-20,1,43,21.86,8.7,5.0,4.6,0,2020,7,20,Monday,2.0,1,0,0,0,1,0,0,0,1,0,Q1,Low,0,1,0,0.6225376416428852,-0.6702411861229672,-0.48526656780724076,0.36013833601008355,-0.2701250549031688,-0.4270742921746115,3.1293886583666644,0.043744531933508315,4.675467891024383,-0.3301515691802191,-0.7609999004425859,-0.3301510022892726,-0.760999607642344,0.4809731802531759,7.166666666666667,5250.063007333333
CUST101034,360717.9,334869.99,657.5,1,33.0,Male,Graduate,Self-Employed,2023-06-10,1,36,53.16,8.7,5.0,4.6,0,2023,6,10,Saturday,2.0,1,0,0,0,1,0,1,0,0,0,Q2,Low,0,0,2,-0.5403595718867884,-0.48042373378929176,0.12862111263143378,0.08614991196289579,-1.2948046345575286,1.381964979126001,3.9919426286040194,0.01846381093057607,7.291090453423274,0.5735230124805683,-0.35298339961957304,0.5735213898667374,-0.3529832091607115,0.9283431457102627,6.0,15979.802969999999
CUST101035,784619.53,433356.34,635.4,0,55.0,Male,Secondary,Salaried,2018-11-21,3,53,49.16,8.7,5.0,4.6,0,2018,11,21,Wednesday,1.0,1,0,0,0,1,0,0,0,0,1,Q4,Medium,0,3,1,1.591618652917613,0.629166116492234,0.43669057886314216,-0.19973980340267883,1.1937029160316308,1.150777851803239,3.9152178963246653,0.019936204146730464,7.011419257183241,0.8486580913996515,0.9477535897309383,0.8486564283325051,0.9477533364497122,0.5523139858626767,8.833333333333334,32143.246745666667
CUST101036,628200.64,616520.49,750.5,0,25.0,Female,Graduate,Self-Employed,2019-08-02,2,47,19.63,8.9,5.4,4.8,0,2019,8,2,Friday,2.0,0,0,1,0,0,0,1,0,0,0,Q3,Low,1,2,1,-1.3156243809065706,0.21972958581340069,1.009635783181147,1.2892152300171227,0.3154061334707511,-0.5559611156570513,3.0267463270831603,0.048473097430925836,4.430575583375144,1.2332059506663737,0.5925905666039823,1.23320487073544,0.5925903869747038,0.9814069753255902,7.833333333333333,10276.315469333334
CUST101037,323646.32,50370.99,559.6,1,22.0,Female,Post-Graduate,Salaried,2022-03-18,1,35,24.29,9.2,4.8,5.1,1,2022,3,18,Friday,3.0,0,0,0,1,0,0,0,0,1,0,Q2,Low,0,0,2,-1.6063486842889891,-0.5774609848654426,-0.7613037863363398,-1.1803027185479513,-1.4411874316510085,-0.2866281123260336,3.2304090606818736,0.039541320680110716,4.928488612140643,-1.2991634276179889,-0.5482307805874955,-1.2991604783224373,-0.5482305292652786,0.15563591144802758,5.833333333333333,6551.140927333334
CUST101038,301209.91,106416.4,655.0,0,40.0,Male,Secondary,Salaried,2024-12-24,1,36,7.99,9.5,6.1,5.6,0,2024,12,24,Tuesday,1.0,1,1,0,0,0,0,1,0,0,0,Q2,Low,0,0,2,0.13799713600552121,-0.6361897347708274,-0.5859913745814392,0.05380944642380367,-1.2948046345575286,-1.2287156561662884,2.196112848483529,0.11123470522803114,2.826658805020514,-0.590035579317098,-0.6795322868906913,-0.590034092147607,-0.6795320062980383,0.3532964768655852,6.0,2005.5559840833332
CUST101039,621575.3,408550.42,842.6,0,50.0,Male,Post-Graduate,Salaried,2023-06-24,0,48,67.62,9.2,4.8,5.1,1,2023,6,24,Saturday,3.0,1,0,0,1,0,1,0,0,0,0,Q3,No_Missed,1,2,1,1.1070781472802491,0.2023873311524215,0.3590966124527059,2.4806379804772765,0.46178893056423104,2.217706444397786,4.228584037430304,0.014573010784027979,8.223138087129511,0.7853040722441715,0.5753240701581144,0.7853023861640909,0.575323895796065,0.6572822633074383,8.0,35025.768155000005
CUST101040,239425.28,329067.22,471.25800000000004,1,57.0,Female,Primary,Self-Employed,2024-07-09,2,51,44.14,9.2,4.8,5.1,0,2024,7,9,Tuesday,0.0,0,0,0,1,0,0,0,0,0,1,Q1,Low,0,3,1,1.7854348551725587,-0.797914987753222,0.11046980276397117,-2.3231112812097416,0.9009373218446709,0.8606380070131728,3.8097687713893897,0.022153300841825433,6.643794096749236,0.5550522691115273,-1.109751085408785,0.5550506618907857,-1.1097508075174485,1.3744046576869409,8.5,8806.859882666668
CUST101041,175302.08,321366.89,711.3,0,33.0,Male,Primary,Salaried,2024-05-20,0,41,19.64,9.2,4.8,5.1,1,2024,5,20,Monday,0.0,1,0,0,1,0,0,0,0,0,1,Q1,No_Missed,1,1,0,-0.5403595718867884,-0.965761598504807,0.08638284499867681,0.7821167303641576,-0.5628906490901286,-0.5553831478387443,3.027230940613362,0.04844961240310077,4.431703961232068,0.5300689760248481,-1.7208615473698523,0.5300673920451936,-1.7208616820955218,1.8332177804165246,6.833333333333333,2869.1107093333335
CUST101042,193255.4,70677.77,623.7,0,50.0,Female,Graduate,Salaried,2019-04-20,0,44,14.01,9.5,6.1,5.6,0,2019,4,20,Saturday,2.0,0,1,0,0,0,1,0,0,0,0,Q1,No_Missed,0,1,0,1.1070781472802491,-0.9187676257501931,-0.69778332004345,-0.35109318212562907,-0.12374225780968881,-0.8807790295455319,2.7087166456453704,0.06662225183211193,3.7429934544425802,-0.9827399297340765,-1.5263069779074472,-0.9827372766017359,-1.5263069144736074,0.36572209625190294,7.333333333333333,2256.2567950000002
CUST101043,850752.85,337341.9,696.9,0,38.0,Other,Graduate,Salaried,2020-12-13,0,42,32.53,9.5,6.1,5.6,0,2020,12,13,Sunday,2.0,2,1,0,0,0,0,0,1,0,0,Q4,No_Missed,0,1,0,-0.05581906624942438,0.8022743459591039,0.1363533516094529,0.5958356488589873,-0.41650785199664875,0.1896173699588562,3.512440560478137,0.029824038174768863,5.70350769263968,0.5813012377869624,1.073795583643515,0.5812996091500229,1.073795323690451,0.3965216219963295,7.0,23062.491842083335
CUST101044,340718.8,701754.11,747.3,0,36.0,Male,Graduate,Salaried,2022-01-21,2,46,51.6,8.9,5.4,4.8,0,2022,1,21,Friday,2.0,1,0,1,0,0,0,0,0,1,0,Q2,Low,1,2,1,-0.24963526850436998,-0.5327726676085962,1.27625014972429,1.247819434127084,0.16902333637727113,1.291801999470124,3.9627161197436642,0.019011406844106463,7.183313998427188,1.3769196791371467,-0.455238785948373,1.3769190211318987,-0.45523856139367486,2.0596283797665405,7.666666666666667,14650.9084
CUST101045,593571.21,95121.18,528.9,1,48.0,Male,Primary,Salaried,2022-05-22,2,51,40.49,9.2,4.8,5.1,1,2022,5,22,Sunday,0.0,1,0,0,1,0,0,0,0,1,0,Q3,Low,0,3,1,0.9132619450253036,0.1290848198354198,-0.6213233002378344,-1.577443635368003,0.9009373218446709,0.6496797533311526,3.725452434344777,0.024102193299590263,6.363175307973213,-0.6988634238774959,0.49989454466074956,-0.6988615673441017,0.4998943947595363,0.16025234781855408,8.5,20028.08191075
CUST101046,636611.18,279764.96,642.3,0,45.0,Female,Post-Graduate,Salaried,2021-12-14,1,51,20.6,9.5,6.1,5.6,0,2021,12,14,Tuesday,3.0,0,1,0,0,0,0,0,0,1,0,Q3,Low,0,3,1,0.6225376416428852,0.2417447165865162,-0.04374975072965397,-0.11048011851478488,0.9009373218446709,-0.4998982372812814,3.0726933146901194,0.046296296296296294,4.538722287164087,0.38464589771157176,0.6142060958118891,0.3846445024277468,0.6142059097750864,0.4394597028597581,8.5,10928.491923333335
CUST101047,201988.6,196907.82,678.0,1,21.0,Female,Primary,Salaried,2019-09-24,0,40,9.77,9.5,6.1,5.6,0,2019,9,24,Tuesday,0.0,0,1,0,0,0,0,0,0,1,0,Q1,No_Missed,0,0,0,-1.703256785416462,-0.8959079116215201,-0.30293038736900485,0.35134172938345115,-0.7092734461836087,-1.1258373845076597,2.3767644911682972,0.09285051067780874,3.1256999216175565,0.02264458239248055,-1.4391466320108797,0.02264400666347271,-1.43914650187676,0.9748462041917217,6.666666666666667,1644.5238516666668
CUST101048,627475.41,478055.79,645.5,0,54.0,Male,Primary,Salaried,2019-12-04,0,55,37.38,8.9,5.4,4.8,0,2019,12,4,Wednesday,0.0,1,0,1,0,0,1,0,0,0,0,Q3,No_Missed,0,3,3,1.4947105517901405,0.21783124952457902,0.5765123480966544,-0.06908432262474638,1.4864685102185908,0.4699317618377052,3.647536490579554,0.02605523710265763,6.113918547053109,0.9547647974992683,0.5907108978963549,0.9547632181724991,0.5907107188341367,0.7618717520739179,9.166666666666666,19545.8590215
CUST101049,362834.27,100983.07,611.0,0,53.0,Female,Primary,Self-Employed,2024-09-22,0,48,57.59,9.5,6.1,5.6,0,2024,9,22,Sunday,0.0,0,1,0,0,0,1,0,0,0,0,Q2,No_Missed,0,2,1,1.3978024506626676,-0.4748839988478613,-0.602987060511121,-0.5153827470642176,0.46178893056423104,1.6380047226359602,4.070564033556697,0.017067759003242873,7.588807547961669,-0.6409728028417789,-0.34255066585684246,-0.64097114023422,-0.34255047911076075,0.2783173430668498,8.0,17413.021341083335
CUST101050,227996.47,86747.82,761.6,0,31.0,Male,Graduate,Salaried,2020-09-08,3,40,37.19,8.9,5.4,4.8,0,2020,9,8,Tuesday,2.0,1,0,1,0,0,0,0,1,0,0,Q1,Medium,1,0,0,-0.734175774141734,-0.8278306348735127,-0.6475155242949341,1.432806897010692,-0.7092734461836087,0.4589503732898737,3.6425737012374246,0.026184865147944488,6.09836043539573,-0.7875806364819861,-1.2035539121978212,-0.7875784984788982,-1.203553661140756,0.3804787854829507,6.666666666666667,7065.990599416666
CUST101051,256620.95,124255.17,666.3,0,42.0,Male,Post-Graduate,Unemployed,2021-08-20,3,43,7.07,9.2,4.8,5.1,0,2021,8,20,Friday,3.0,1,0,0,1,0,0,0,0,0,1,Q1,Medium,0,1,0,0.33181333826046683,-0.752904212727916,-0.5301909479016993,0.19998835066049944,-0.2701250549031688,-1.281888695450524,2.0881534822818573,0.12391573729863692,2.658947160061666,-0.43827762319869107,-0.9780343504216882,-0.43827667292124783,-0.9780340524668537,0.4841972956611687,7.166666666666667,1511.9250970833332
CUST101052,303667.9,160417.69,593.9,0,43.0,Female,Graduate,Self-Employed,2023-05-13,1,42,39.41,9.5,6.1,5.6,0,2023,5,13,Saturday,2.0,0,1,0,0,0,0,0,0,0,1,Q2,Low,0,1,0,0.4287214393879396,-0.6297557874512724,-0.41707305660007743,-0.736591531351608,-0.41650785199664875,0.5872592289540065,3.6990772790903823,0.024746349913387776,6.2777384462878025,-0.18442589159922176,-0.664600161356619,-0.18442582443453265,-0.664599883525953,0.5282668665341315,7.0,9972.959949166667
CUST101053,346547.78,381013.33,728.7,0,41.0,Female,Graduate,Self-Employed,2019-07-13,3,39,13.56,9.5,6.1,5.6,0,2019,7,13,Saturday,2.0,0,1,0,0,0,1,0,0,0,0,Q2,Medium,1,0,0,0.23490523713299402,-0.5175149365979982,0.2729594308242416,1.00720637051624,-0.8556562432770887,-0.9067875813693426,2.67827804276854,0.06868131868131867,3.682390527904394,0.7106493026506082,-0.4247268920611668,0.7106476146953612,-0.4247266772145918,1.0994539627407223,6.5,3915.989914
CUST101054,340280.95,33810.97,761.2,0,32.0,Male,Primary,Salaried,2018-08-10,0,38,16.74,8.9,5.4,4.8,1,2018,8,10,Friday,0.0,1,0,1,0,0,0,1,0,0,0,Q2,No_Missed,1,0,2,-0.6372676730142611,-0.5339187682167627,-0.8131042289579458,1.4276324225244374,-1.0020390403705686,-0.7229938151477469,2.8758219768814333,0.056369785794813984,4.091454509095756,-1.6618325090062018,-0.45755526496213605,-1.66183075190828,-0.45755503968792155,0.09936192431577495,6.333333333333333,4746.9192525
CUST101055,520207.89,75522.71,728.86,0,31.0,Female,Graduate,Salaried,2022-04-06,2,47,14.55,9.5,6.1,5.6,0,2022,4,6,Wednesday,2.0,0,1,0,0,0,0,0,0,1,0,Q3,Low,1,2,1,-0.734175774141734,-0.06294840083173263,-0.682628142907485,1.0092761603107414,0.3154061334707511,-0.849568767356959,2.744060638625243,0.06430868167202572,3.8144462245521304,-0.9198955199231774,0.2808089269462629,-0.9198930131314601,0.28080885890120455,0.14517794030382739,7.833333333333333,6307.520666250001
CUST101056,225573.86,397048.91,616.8,0,38.0,Male,Secondary,Salaried,2024-01-15,1,42,14.8,9.5,6.1,5.6,0,2024,1,15,Monday,1.0,1,1,0,0,0,0,0,1,0,0,Q1,Low,0,1,0,-0.05581906624942438,-0.834171972761717,0.32311940295556585,-0.4403528670135245,-0.41650785199664875,-0.8351195718992863,2.760009940032921,0.06329113924050632,3.847076812334269,0.7547085344903074,-1.224142660008059,0.7547068443743093,-1.2241424163571608,1.7601725217629383,7.0,2782.077606666667
CUST101057,129109.2296,57622.74,620.2,0,51.0,Male,Secondary,Self-Employed,2018-12-14,2,36,41.44,9.5,6.1,5.6,0,2018,12,14,Friday,1.0,1,1,0,0,0,0,0,0,1,0,Q1,Low,0,0,2,1.203986248407722,-1.0866743630049407,-0.7386200057744061,-0.396369833880358,-1.2948046345575286,0.7045866960703083,3.7480913137457823,0.023562676720075403,6.437390775772433,-1.174434081037201,-2.3520202021613557,-1.1744311429679908,-2.35202156682591,0.44630999796470006,6.0,4458.572062186667
CUST101058,1271605.45,1132913.27,566.8,1,44.0,Male,Primary,Self-Employed,2021-03-28,1,40,38.67,9.5,6.1,5.6,0,2021,3,28,Sunday,0.0,1,1,0,0,0,0,1,0,0,0,Q4,Low,0,0,0,0.5256295405154124,1.9038831636100075,2.6249342291130757,-1.0871621777953668,-0.7092734461836087,0.5444896103992959,3.6805952345262387,0.025207965717166624,6.2185207244167,1.9202516550023638,1.6752857970560042,1.920253645940415,1.6752856976606543,0.8909314363193395,6.666666666666667,40977.48562625
CUST101059,493293.77,133350.42,670.3,0,34.0,Female,Graduate,Salaried,2020-06-07,1,41,3.16,9.5,6.1,5.6,0,2020,6,7,Sunday,2.0,0,1,0,0,0,0,0,0,0,1,Q3,Low,0,1,0,-0.44345147075931557,-0.13339784539097863,-0.5017406214072769,0.25173309552304685,-0.5628906490901286,-1.5078741124085238,1.425515074273172,0.24038461538461536,1.7776388834631178,-0.3685398300882923,0.19122417094149946,-0.3685391277570889,0.19122413959992812,0.2703265845015639,6.833333333333333,1299.006927666667
CUST101060,1336039.74,476461.27,737.9,0,46.0,Male,Graduate,Salaried,2020-07-10,0,55,30.9,9.2,4.8,5.1,0,2020,7,10,Friday,2.0,1,0,0,1,0,0,1,0,0,0,Q4,No_Missed,1,3,3,0.719445742770358,2.072544072496101,0.5715246221295963,1.126219283700098,1.4864685102185908,0.09540861557483055,3.462606009790799,0.031347962382445145,5.558776843874918,0.951141275509827,1.746524019682103,0.9511396923751053,1.7465239642806332,0.3566220792204879,9.166666666666666,34403.023305
CUST101061,249194.09,120938.24,695.1,0,39.0,Male,Graduate,Self-Employed,2021-06-12,2,38,19.43,8.9,5.4,4.8,0,2021,6,12,Saturday,2.0,1,0,1,0,0,0,0,0,1,0,Q1,Low,0,0,2,0.041089034878048415,-0.7723444976720005,-0.5405664451622632,0.5725505136708415,-1.0020390403705686,-0.5675204720231893,3.0170044088295307,0.048947626040137054,4.407947368106838,-0.4648946009176346,-1.0336208562317555,-0.46489355578333547,-1.0336205643805447,0.48531744874045774,6.333333333333333,4034.8676405833335
CUST101062,576013.91,188688.88,790.2,0,51.0,Male,Secondary,Salaried,2019-02-09,0,56,35.76,8.9,5.4,4.8,0,2019,2,9,Saturday,1.0,1,0,1,0,0,0,0,1,0,0,Q3,No_Missed,1,3,3,1.203986248407722,0.08312745496671724,-0.3286395791381225,1.802781822777906,1.6328513073120707,0.3763009752719863,3.6044102974874863,0.02720348204570185,5.979966555090421,-0.020683079024053884,0.45045470341209515,-0.020683528685846973,0.4504545707133566,0.32757695035524403,9.333333333333334,17165.214518
CUST101063,723629.49,681589.71,494.8,1,19.0,Female,Primary,Self-Employed,2021-07-04,0,59,24.35,9.2,4.8,5.1,0,2021,7,4,Sunday,0.0,0,0,0,1,0,0,0,1,0,0,Q4,No_Missed,0,3,3,-1.8970729876714074,0.46952075407108856,1.213175054090401,-2.018567585321219,2.0719996985925104,-0.283160305416192,3.232778730037192,0.03944773175542406,4.934571916590131,1.3444456999659673,0.8200101351311685,1.344444936637086,0.8200098998703104,0.941904274796761,9.833333333333334,14683.64840125
CUST101064,366170.06,52568.17,661.2,0,34.0,Female,Graduate,Salaried,2019-11-08,1,48,33.14,9.5,6.1,5.6,1,2019,11,8,Friday,2.0,0,1,0,0,0,0,0,0,1,0,Q2,Low,0,2,1,-0.44345147075931557,-0.4661523534265625,-0.7544309144123119,0.13401380096075272,0.46178893056423104,0.22487340687557736,3.5304697173662944,0.029291154071470416,5.756735185849702,-1.2597005883714232,-0.32624999960770074,-1.2596976247621596,-0.32624981874020587,0.1435621743623714,8.0,10112.396490333334
CUST101065,199896.0,74665.9,716.5,0,26.0,Female,Secondary,Self-Employed,2019-08-12,2,43,28.91,9.2,4.8,5.1,0,2019,8,12,Monday,1.0,0,0,0,1,0,0,0,0,1,0,Q1,Low,1,1,0,-1.218716279779098,-0.9013854270552283,-0.6853082808084429,0.8493848986854697,-0.2701250549031688,-0.019606980268243455,3.398192872641857,0.03343363423604146,5.376802023508025,-0.9307316864641498,-1.459625628385199,-0.9307291529299713,-1.4596255127782523,0.3735237323408172,7.166666666666667,4815.8278
CUST101066,482540.17,246720.27,601.3,0,24.0,Male,Post-Graduate,Salaried,2022-06-09,2,54,22.63,8.9,5.4,4.8,1,2022,6,9,Thursday,3.0,1,0,1,0,0,0,0,0,0,1,Q3,Low,0,3,3,-1.4125324820340435,-0.16154608679780563,-0.14711493798750522,-0.6408637533558956,1.340085713125111,-0.3825707701649798,3.1625170911988163,0.04231908590774439,4.757099956906519,0.2540406628910016,0.15382314907981368,0.25403951005082476,0.1538231333935722,0.5112947798729378,9.0,9099.903372583332
CUST101067,624382.42,176175.93,559.5,0,51.0,Male,Graduate,Salaried,2024-12-01,0,43,13.17,8.9,5.4,4.8,0,2024,12,1,Sunday,2.0,1,0,1,0,0,0,0,0,1,0,Q3,No_Missed,0,1,0,1.203986248407722,0.2097351487593561,-0.3677806157130799,-1.1815963371695153,-0.2701250549031688,-0.9293283262833117,2.6511270537025893,0.07057163020465773,3.629049462324811,-0.09013446855242753,0.5826658700555606,-0.0901347062043236,0.5826656934379789,0.2821602984914277,7.166666666666667,6852.597059500002
CUST101068,611408.9,461967.16,553.4,1,33.0,Male,Secondary,Self-Employed,2024-12-09,2,46,30.19,9.2,4.8,5.1,0,2024,12,9,Monday,1.0,1,0,0,1,0,1,0,0,0,0,Q3,Low,0,2,1,-0.5403595718867884,0.17577612360905318,0.5261864333226838,-1.2605070730849004,0.16902333637727113,0.054372900475040446,3.440097530619712,0.032061558191728116,5.494542747126461,0.9176774505736965,0.5484073827824317,0.9176758354606305,0.5484072168854353,0.7555780754908866,7.666666666666667,15382.028909166667
CUST101069,356394.46,208716.01,658.4,0,39.0,Female,Post-Graduate,Unemployed,2022-05-14,3,36,32.4,8.9,5.4,4.8,1,2022,5,14,Saturday,3.0,0,0,1,0,0,0,1,0,0,0,Q2,Medium,0,0,2,0.041089034878048415,-0.4917406167706126,-0.265993869867213,0.09779247955696865,-1.2948046345575286,0.1821037883208663,3.5085558999826545,0.029940119760479042,5.692099788303083,0.08204264724319597,-0.37451959664429024,0.08204190721185824,-0.3745193986491119,0.5856320269400371,6.0,9622.65042
CUST101070,724696.6,344483.36,551.4,1,37.0,Female,Graduate,Salaried,2019-07-20,0,34,7.04,9.5,6.1,5.6,0,2019,7,20,Saturday,2.0,0,1,0,0,0,0,1,0,0,0,Q4,No_Missed,0,0,2,-0.15272716737689718,0.47231398330479996,0.15869214038896481,-1.2863794455161741,-1.5875702287444884,-1.2836225989054446,2.084429083190875,0.12437810945273634,2.6532998322843198,0.6034792776165842,0.8223517901027713,0.6034776333114391,0.8223515544180272,0.4753483871733357,5.666666666666667,4251.5533866666665
CUST101071,706124.87,134056.81,767.8,0,43.0,Male,Primary,Salaried,2019-12-05,1,44,43.6,8.9,5.4,4.8,0,2019,12,5,Thursday,0.0,1,0,1,0,0,0,0,0,1,0,Q4,Low,1,1,0,0.4287214393879396,0.4237012824992642,-0.4995310036252044,1.5130112515476395,-0.12374225780968881,0.8294277448246,3.7977338590260183,0.02242152466367713,6.603029607687671,-0.36331004407296297,0.7810132219261311,-0.36330936025244465,0.781012994206961,0.18984858867809032,7.333333333333333,25655.870276666665
CUST101072,331698.87,88838.05,691.2,0,39.0,Female,Graduate,Self-Employed,2020-05-07,2,41,30.48,9.5,6.1,5.6,0,2020,5,7,Thursday,2.0,0,1,0,0,0,1,0,0,0,0,Q2,Low,0,1,0,0.041089034878048415,-0.5563829160010118,-0.6409771964921319,0.5220993874298582,-0.5628906490901286,0.07113396720594065,3.4493524235492026,0.03176620076238882,5.520869496736904,-0.7647131445611296,-0.5036741194635663,-0.7647110769484777,-0.5036738804079568,0.26782741225497697,6.833333333333333,8425.151298
CUST101073,191715.77,66753.41,633.9,0,24.0,Male,Secondary,Unemployed,2021-07-08,2,52,48.64,8.7,5.0,4.6,0,2021,7,8,Thursday,1.0,1,0,0,0,1,1,0,0,0,0,Q1,Low,0,3,1,-1.4125324820340435,-0.92279770655264,-0.7100588840226316,-0.21914408272613412,1.047320118938151,1.1207235252512802,3.9047969603364066,0.020145044319097503,6.974238309665077,-1.0366469258651847,-1.5421491059498158,-1.0366441657083765,-1.542149056037958,0.348189457758222,8.666666666666666,7770.879210666666
CUST101074,228938.4,225549.77,643.6,0,49.0,Male,Graduate,Self-Employed,2019-08-08,0,49,13.9,8.9,5.4,4.8,1,2019,8,8,Thursday,2.0,1,0,1,0,0,0,0,0,1,0,Q1,No_Missed,0,2,1,1.0101700461527763,-0.8253650723615787,-0.21333715695346733,-0.0936630764344561,0.608171727657711,-0.8871366755469078,2.7013612129514133,0.06711409395973154,3.7282703764614498,0.16153955836038955,-1.1956176229505364,0.16153861524828367,-1.1956173691884369,0.9851985075461347,8.166666666666666,2651.8698000000004
CUST101075,293416.78,65298.67,736.6,0,33.0,Male,Graduate,Unemployed,2018-08-20,3,56,26.01,9.2,4.8,5.1,0,2018,8,20,Monday,2.0,1,0,0,1,0,0,0,0,1,0,Q1,Medium,1,3,3,-0.5403595718867884,-0.656588755057502,-0.7146093722406022,1.1094022416197706,1.6328513073120707,-0.18721764757724582,3.2962071678045244,0.03702332469455757,5.1000000000000005,-1.0573801442464155,-0.7278313701223535,-1.057377348024936,-0.727831081690187,0.22254579305246275,9.333333333333334,6359.8087065
CUST101076,478811.24,322856.84,757.3,0,21.0,Male,Post-Graduate,Salaried,2024-05-06,0,48,32.54,8.9,5.4,4.8,0,2024,5,6,Monday,3.0,1,0,1,0,0,0,0,0,1,0,Q3,No_Missed,1,2,1,-1.703256785416462,-0.17130680151930902,0.09104347158512191,1.3771812962834526,0.46178893056423104,0.190195337777163,3.5127387563950627,0.02981514609421586,5.7043842787806645,0.534946080338266,0.1406263854963661,0.5349444916043865,0.14062637536764666,0.6742883479510632,8.0,12983.764791333333
CUST101077,927308.35,714347.43,575.3,0,33.0,Male,Graduate,Salaried,2021-05-30,2,33,38.06,9.5,6.1,5.6,0,2021,5,30,Sunday,2.0,1,1,0,0,0,1,0,0,0,0,Q4,Low,0,0,2,-0.5403595718867884,1.0026633036123862,1.3156425870568251,-0.9772045949624536,-1.7339530258379685,0.5092335734825747,3.665098925448533,0.02560163850486431,6.1692787260748725,1.3967641068309515,1.2061513533937847,1.3967635160783294,1.2061510997799954,0.7703450853214037,5.5,29411.12983416667
CUST101078,562766.8,412669.12,471.25800000000004,1,55.0,Female,Secondary,Self-Employed,2018-02-21,1,46,32.2,9.5,6.1,5.6,0,2018,2,21,Wednesday,1.0,0,1,0,0,0,0,1,0,0,0,Q3,Low,0,2,1,1.591618652917613,0.048452290349957246,0.37198008016745565,-2.3231112812097416,0.16902333637727113,0.17054443195472843,3.502549875922443,0.03012048192771084,5.674504383644443,0.7960662162808569,0.41197405309375956,0.7960645327100565,0.4119739343544908,0.7332861853257867,7.666666666666667,15100.909133333334
CUST101079,902515.05,124091.16,616.26,0,47.0,Male,Graduate,Self-Employed,2023-12-04,2,30,27.44,9.2,4.8,5.1,0,2023,12,4,Monday,2.0,1,0,0,1,0,0,0,0,1,0,Q4,Low,0,0,2,0.8163538438978308,0.9377652421565129,-0.5307039781150908,-0.4473384075699679,-2.173101417118408,-0.10456824955935842,3.34779660493504,0.035161744022503515,5.238320341483518,-0.4395781477174926,1.1647264723937465,-0.4395771928051706,1.1647262152371722,0.13749483734370968,5.0,20637.510810000003
CUST101080,253643.78,75932.2,600.0,0,34.0,Female,Primary,Salaried,2019-06-22,1,53,52.63,9.2,4.8,5.1,0,2019,6,22,Saturday,0.0,0,0,0,1,0,0,1,0,0,0,Q1,Low,0,3,1,-0.44345147075931557,-0.760697147174907,-0.6813472408766227,-0.6576807954362229,1.1937029160316308,1.3513326847557352,3.9821086129948338,0.018646280067126608,7.254653678846427,-0.9147568984908214,-1.0000889176265693,-0.9147544045871813,-1.0000886216966118,0.29936551174249176,8.833333333333334,11124.393451166667
CUST101081,804600.09,549885.0,505.6,1,34.0,Male,Graduate,Salaried,2019-06-25,1,39,111.72,8.7,5.0,4.6,0,2019,6,25,Tuesday,2.0,1,0,0,0,1,0,0,1,0,0,Q4,Low,0,0,0,-0.44345147075931557,0.6814665206660537,0.8011971534990812,-1.878856774192341,-0.8556562432770887,4.766544523131237,4.724906867590425,0.008871540099361249,10.569768209379049,1.1073672894698035,0.987102384614055,1.1073659327169063,0.9871021280010515,0.6834264709068079,6.5,74908.26837899999
CUST101082,1112509.53,1330981.92,584.8,0,34.0,Male,Graduate,Self-Employed,2020-11-08,0,53,30.05,8.9,5.4,4.8,0,2020,11,8,Sunday,2.0,1,0,1,0,0,1,0,0,0,0,Q4,No_Missed,0,3,1,-0.44345147075931557,1.4874393342876209,3.2445013395069022,-0.8543108259139036,1.1937029160316308,0.04628135101874374,3.435598808379488,0.0322061191626409,5.481788029466299,2.107269311337637,1.4796944051999026,2.107272608554913,1.479694214311532,1.1963779941732273,8.833333333333334,27859.09281375
CUST101083,458344.84,89806.29,593.7,0,61.0,Female,Primary,Salaried,2020-03-25,1,43,31.71,8.9,5.4,4.8,0,2020,3,25,Wednesday,0.0,0,0,1,0,0,0,0,1,0,0,Q3,Low,0,1,0,2.17306725968245,-0.22487892322075606,-0.6379485008405601,-0.7391787685947345,-0.2701250549031688,0.14222400885769,3.4876808415502927,0.03057169061449098,5.631163290120435,-0.7542892096905093,0.065995369272669,-0.754287174698939,0.06599539078689534,0.1959360772993539,7.166666666666667,12111.762397
CUST101084,1586640.37,1909494.1,554.0,1,42.0,Male,Secondary,Salaried,2021-11-16,1,49,25.54,8.7,5.0,4.6,0,2021,11,16,Tuesday,1.0,1,0,0,0,1,0,0,0,1,0,Q4,Low,0,2,1,0.33181333826046683,2.728507380592265,5.054111894686803,-1.252745361355518,0.608171727657711,-0.21438213503767048,3.2786530289040616,0.037678975131876416,5.053711507397311,2.5341251748872184,1.989772232795362,2.5341322218925884,1.9897723742253768,1.203482614021727,8.166666666666666,33768.99587483334
CUST101085,406710.52,41101.12,685.2,0,43.0,Male,Post-Graduate,Salaried,2022-07-11,4,48,24.16,9.5,6.1,5.6,1,2022,7,11,Monday,3.0,1,1,0,0,0,0,0,0,1,0,Q2,Medium,0,2,1,0.4287214393879396,-0.36003508527228767,-0.7903003315726829,0.444482270136037,0.46178893056423104,-0.2941416939640233,3.22525543183224,0.0397456279809221,4.915282290977803,-1.4854932634052884,-0.14098465313746616,-1.4854906547224902,-0.14098454445673858,0.10105743023317912,8.0,8188.438469333334
CUST101086,311340.17,380690.21,639.9,0,49.0,Female,Post-Graduate,Self-Employed,2019-02-23,0,43,18.46,8.7,5.0,4.6,0,2019,2,23,Saturday,3.0,0,0,0,0,1,0,1,0,0,0,Q2,No_Missed,0,1,0,1.0101700461527763,-0.6096731260078158,0.27194869780460196,-0.14152696543231302,-0.2701250549031688,-0.6235833503989591,2.968361076757859,0.051387461459403906,4.296510211788167,0.7097439309039449,-0.6188830486696062,0.7097422430908766,-0.6188827802343438,1.2227468431073318,7.166666666666667,4789.449615166666
CUST101087,632518.38,330697.73,699.4,0,41.0,Male,Primary,Self-Employed,2024-06-14,2,50,18.19,9.5,6.1,5.6,0,2024,6,14,Friday,0.0,1,1,0,0,0,0,0,0,1,0,Q3,Low,0,3,1,0.23490523713299402,0.23103154867717768,0.11557010697247788,0.6281761143980794,0.754554524751191,-0.6391884814932455,2.9543893100196086,0.05211047420531526,4.264973622427225,0.5602726789949144,0.603729256346643,0.5602710672685973,0.6037290733892119,0.5228270678869442,8.333333333333334,9587.9244435
CUST101088,455866.85,216948.65,571.2,0,35.0,Male,Primary,Salaried,2020-05-13,0,47,53.38,8.7,5.0,4.6,0,2020,5,13,Wednesday,0.0,1,0,0,0,1,1,0,0,0,0,Q3,No_Missed,0,2,1,-0.3465433696318428,-0.23136522182993852,-0.2402418239189389,-1.0302429584465636,0.3154061334707511,1.3946802711287531,3.995996439204325,0.018389113644722323,7.306161783043132,0.1216363586539375,0.05669616082008467,0.12163551496763392,0.05669618629172015,0.4759035450812008,7.833333333333333,20278.47704416667
CUST101089,294019.38,168336.89,700.7,0,36.0,Male,Secondary,Self-Employed,2018-07-05,3,34,21.55,9.2,4.8,5.1,0,2018,7,5,Thursday,1.0,1,0,0,1,0,0,1,0,0,0,Q1,Medium,1,0,2,-0.24963526850436998,-0.6550114107010304,-0.39230146422222867,0.6449931564784082,-1.5875702287444884,-0.4449912945421255,3.1157350659486873,0.044345898004434586,4.642197755374064,-0.13601577778485893,-0.7240435722798472,-0.13601586933981905,-0.724043284400251,0.5725367150968076,5.666666666666667,5280.0980325
CUST101090,621882.99,141298.88,661.6,0,37.0,Female,Post-Graduate,Self-Employed,2018-09-18,1,40,2.9,9.5,6.1,5.6,0,2018,9,18,Tuesday,3.0,0,1,0,0,0,0,1,0,0,0,Q3,Low,0,0,0,-0.15272716737689718,0.20319272956769313,-0.47687750251248506,0.13918827544700715,-0.7092734461836087,-1.5229012756845033,1.3609765531356006,0.25641025641025644,1.70293863659264,-0.3111205354654774,0.5761306940133272,-0.3111200352816055,0.5761305194023367,0.22721136013062523,6.666666666666667,1502.8838924999998
CUST101091,537964.49,688072.04,606.1,0,38.0,Male,Primary,Salaried,2022-04-01,2,51,10.23,8.7,5.0,4.6,0,2022,4,1,Friday,0.0,1,0,0,0,1,0,0,1,0,0,Q3,Low,0,3,1,-0.05581906624942438,-0.016469355361893524,1.2334520563657194,-0.5787700595208378,0.9009373218446709,-1.099250864865542,2.418588768750352,0.08904719501335707,3.1984371183438953,1.35498140544984,0.3370030459463118,1.3549806756492708,0.33700295565679567,1.2790287329187844,8.5,4586.14727725
CUST101092,320471.24,243618.33,778.3,1,46.0,Female,Graduate,Self-Employed,2021-07-20,1,36,45.91,9.5,6.1,5.6,0,2021,7,20,Tuesday,2.0,0,1,0,0,0,1,0,0,0,0,Q2,Low,1,0,2,0.719445742770358,-0.5857719614989411,-0.15681793743953878,1.6488412068118263,-1.2948046345575286,0.9629383108534948,3.8482308723403666,0.02131741632914091,6.775691846593969,0.24095912651534815,-0.5661559421184282,0.24095800150174726,-0.5661556861727278,0.7601878096767747,6.0,12260.695523666665
CUST101093,289185.62,35721.37,659.0,0,39.0,Female,Primary,Salaried,2024-01-17,2,60,15.93,8.9,5.4,4.8,1,2024,1,17,Wednesday,0.0,0,0,1,0,0,0,0,1,0,0,Q1,Low,0,3,3,0.041089034878048415,-0.6676640891884824,-0.8071284169973132,0.10555419128635106,2.2183824956859906,-0.7698092084306061,2.829087196145044,0.05906674542232723,3.9912404086950213,-1.6124419802202896,-0.7546855190197166,-1.6124399229599644,-0.7546852269849836,0.12352401893289162,10.0,3838.9391055
CUST101094,671630.78,285268.49,607.9,0,46.0,Male,Graduate,Salaried,2020-02-01,1,40,5.75,8.9,5.4,4.8,0,2020,2,1,Saturday,2.0,1,0,1,0,0,1,0,0,0,0,Q4,Low,0,0,0,0.719445742770358,0.3334107776981918,-0.026534476232323287,-0.5554849243326921,-0.7092734461836087,-1.3581804474670354,1.9095425048844386,0.14814814814814814,2.3979157616563596,0.4049936515909183,0.7007580752689021,0.4049922245774123,0.7007578657967459,0.4247400483938511,6.666666666666667,3218.2308208333334
CUST101095,316585.2,161154.38,672.5,0,37.0,Male,Secondary,Salaried,2018-08-12,2,44,37.06,8.9,5.4,4.8,0,2018,8,12,Sunday,1.0,1,0,1,0,0,0,0,1,0,0,Q2,Low,0,1,0,-0.15272716737689718,-0.595943921776112,-0.41476865913709665,0.2801927051974485,-0.12374225780968881,0.4514367916518842,3.6391638618680036,0.02627430373095113,6.087692502089769,-0.17982999973508956,-0.5883788525911248,-0.17982994782413408,-0.588378591174625,0.5090395255368855,7.333333333333333,9777.206260000003
CUST101096,587920.9,420249.34,574.3,1,39.0,Female,Graduate,Salaried,2021-07-03,1,39,17.15,8.9,5.4,4.8,0,2021,7,3,Saturday,2.0,0,0,1,0,0,1,0,0,0,0,Q3,Low,0,0,0,0.041089034878048415,0.11429476907070786,0.39569132877519597,-0.9901407811780905,-0.8556562432770887,-0.6992971345971638,2.8986705607108596,0.05509641873278237,4.141255848169731,0.8156152694708679,0.48417194197438823,0.8156135919185787,0.48417179744952243,0.7148059203202336,6.5,8402.369529166666
CUST101097,274615.23,47792.83,635.9,0,18.0,Male,Secondary,Salaried,2018-06-29,3,49,34.67,9.2,4.8,5.1,0,2018,6,29,Friday,1.0,1,0,0,1,0,1,0,0,0,0,Q1,Medium,0,2,1,-1.9939810887988803,-0.7058030245321456,-0.7693683798059925,-0.1932717102948604,0.608171727657711,0.3133024830765339,3.5743099993708003,0.02803476310625175,5.888123640006212,-1.3475595744718958,-0.8507914210925632,-1.3475566679754443,-0.8507911209656893,0.17403561339260026,8.166666666666666,7934.091686749999
CUST101098,305405.78,91288.73,812.3,0,39.0,Male,Graduate,Self-Employed,2023-08-30,2,43,28.96,9.5,6.1,5.6,0,2023,8,30,Wednesday,2.0,1,1,0,0,0,0,0,0,1,0,Q2,Low,1,1,0,0.041089034878048415,-0.6252067744903944,-0.6333113658515942,2.0886715381434793,-0.2701250549031688,-0.01671714117670889,3.3998631586490187,0.03337783711615487,5.3814496188294845,-0.7385298608998929,-0.6541274626323075,-0.7385278758227604,-0.6541271868305617,0.2989096342577406,7.166666666666667,7370.459490666668
CUST101099,815350.22,612920.05,628.5,1,42.0,Male,Secondary,Self-Employed,2022-07-06,0,41,15.38,9.5,6.1,5.6,0,2022,7,6,Wednesday,1.0,1,1,0,0,0,0,0,0,1,0,Q4,No_Missed,0,1,0,0.33181333826046683,0.7096056791241303,0.9983734546554248,-0.2889994882905728,-0.5628906490901286,-0.8015974384374859,2.7960610784249234,0.06105006105006104,3.9217343102255158,1.2267371352600906,1.007804578432393,1.2267360390073172,1.007804320512469,0.751726111020121,6.833333333333333,10450.071986333334
CUST101100,620053.14,406987.25,607.7,0,49.0,Male,Graduate,Self-Employed,2019-09-24,1,49,5.69,9.2,4.8,5.1,0,2019,9,24,Tuesday,2.0,1,0,0,1,0,0,0,0,0,1,Q3,Low,0,2,1,1.0101700461527763,0.198402979201464,0.3542069506109439,-0.5580721615758186,0.608171727657711,-1.3616482543768766,1.900613874140137,0.14947683109118085,2.3853720883753127,0.7811931349351202,0.5713267942890813,0.7811914480466693,0.571326621164831,0.6563747907155183,8.166666666666666,2940.0853055000002
CUST101101,156723.65,39692.22,638.2,0,18.0,Other,Post-Graduate,Salaried,2022-03-17,2,52,3.88,9.5,6.1,5.6,0,2022,3,17,Thursday,3.0,2,1,0,0,0,0,0,0,0,1,Q1,Low,0,3,1,-1.9939810887988803,-1.0143918369923677,-0.794707430332804,-0.1635184819988948,1.047320118938151,-1.4662604294904267,1.5851452198650557,0.20491803278688525,1.969771560359221,-1.517176806526453,-1.9483255932326233,-1.5171743081122169,-1.9483260577511625,0.25326247825392023,8.666666666666666,506.73980166666666
CUST101102,360114.19,265368.11,620.7,1,61.0,Male,Primary,Salaried,2023-10-07,1,35,30.6,8.9,5.4,4.8,0,2023,10,7,Saturday,0.0,1,0,1,0,0,1,0,0,0,0,Q2,Low,0,0,2,2.17306725968245,-0.4820039836423378,-0.08878370614497783,-0.3899017407725396,-1.4411874316510085,0.07806958102562356,3.4531571205928664,0.03164556962025316,5.531726674375733,0.32960640258382384,-0.35597250394161306,0.3296051014414192,-0.35597231242632754,0.7368998983350253,5.833333333333333,9182.911845
CUST101103,579159.52,160487.98,609.9,0,36.0,Male,Post-Graduate,Salaried,2023-05-18,1,41,55.55,8.9,5.4,4.8,0,2023,5,18,Thursday,3.0,1,0,1,0,0,1,0,0,0,0,Q3,Low,0,1,0,-0.24963526850436998,0.09136129197494967,-0.41685318650862385,-0.5296125519014184,-0.5628906490901286,1.5200992877013513,4.03512520256213,0.01768346595932803,7.453187237685633,-0.18398653804237797,0.45944065307900295,-0.18398647233750434,0.45944051719012347,0.2771049675571249,6.833333333333333,26810.259446666667
CUST101104,477527.05,134222.27,785.5,0,50.0,Male,Graduate,Salaried,2019-09-07,3,44,76.11,8.9,5.4,4.8,0,2019,9,7,Saturday,2.0,1,0,1,0,0,0,0,0,1,0,Q3,Medium,1,1,0,1.1070781472802491,-0.17466825165063554,-0.49901343775051527,1.7419817475644122,-0.12374225780968881,2.708401122140348,4.345232973844869,0.012968486577616392,8.724104538575865,-0.36208875246730726,0.13605383943374855,-0.3620880729671222,0.13605383123411854,0.28107783632361766,7.333333333333333,30287.15314625
CUST101105,621575.3,317370.83,605.6,0,27.0,Other,Primary,Salaried,2019-07-16,1,49,38.1,9.2,4.8,5.1,0,2019,7,16,Tuesday,0.0,2,0,0,1,0,0,0,1,0,0,Q3,Low,0,2,1,-1.1218081786516252,0.2023873311524215,0.0738830003884351,-0.5852381526286563,0.608171727657711,0.5115454447558023,3.66612246699132,0.02557544757033248,6.172519744804386,0.516884154900954,0.5753240701581144,0.5168825842980075,0.575323895796065,0.5105911222662806,8.166666666666666,19735.015775000003
CUST101106,471554.48,67890.07,681.7,0,45.0,Male,Secondary,Self-Employed,2024-08-18,1,44,21.48,8.9,5.4,4.8,0,2024,8,18,Sunday,1.0,1,0,1,0,0,0,0,0,0,1,Q3,Low,0,1,0,0.6225376416428852,-0.19030183874511297,-0.7065033634912389,0.3992056183813081,-0.12374225780968881,-0.4490370692702738,3.1126260250254902,0.04448398576512456,4.634652090502587,-1.0207368827647234,0.1145975404821491,-1.020734152262328,0.11459754135525438,0.14397078785043035,7.333333333333333,8440.825191999998
CUST101107,411297.17,180753.93,632.36,0,26.0,Male,Secondary,Unemployed,2019-09-14,2,51,49.11,8.9,5.4,4.8,0,2019,9,14,Saturday,1.0,1,0,1,0,0,1,0,0,0,0,Q2,Low,0,3,1,-1.218716279779098,-0.3480292331438264,-0.3534604381817899,-0.23906580949821438,0.9009373218446709,1.1478880127117046,3.914220588971633,0.019956096587507483,7.0078527381787925,-0.0642088317152391,-0.12138890082418868,-0.06420914986291644,-0.12138880021630177,0.4394728269100417,8.5,16832.33668225
CUST101108,404440.87,365967.65,681.9,1,31.0,Female,Graduate,Salaried,2023-11-06,1,38,4.04,9.2,4.8,5.1,0,2023,11,6,Monday,2.0,0,0,0,1,0,0,1,0,0,0,Q2,Low,0,0,2,-0.734175774141734,-0.3659760404974221,0.2258959077401484,0.40179285562443456,-1.0020390403705686,-1.4570129443975162,1.6174060820832772,0.1984126984126984,2.009975124224178,0.667715893983987,-0.15077693607343973,0.6677142170573723,-0.15077682338210682,0.9048730658699257,6.333333333333333,1361.6175956666666
CUST101109,806249.58,430505.14,724.9,0,59.0,Female,Graduate,Salaried,2020-10-10,1,42,52.93,8.7,5.0,4.6,0,2020,10,10,Saturday,2.0,0,0,0,0,1,0,1,0,0,0,Q4,Low,1,1,0,1.9792510574275044,0.6857841671024235,0.4277719047309416,0.958048862896819,-0.41650785199664875,1.3686717193049422,3.9876869093491356,0.018542555164101613,7.275300681071539,0.8415499194778162,0.9902997908945896,0.8415482528349787,0.9902995340593881,0.5339601417218723,7.0,35562.3252245
CUST101110,648369.98,342573.98,621.28,0,36.0,Male,Primary,Self-Employed,2023-08-24,2,37,8.73,8.9,5.4,4.8,0,2023,8,24,Thursday,0.0,1,0,1,0,0,0,1,0,0,0,Q3,Low,0,0,2,-0.24963526850436998,0.2725241338100129,0.1527195190314518,-0.38239875276747115,-1.1484218374640485,-1.1859460376115776,2.2752138961979136,0.10277492291880781,2.9546573405388314,0.5975917392962021,0.6438748546248225,0.5975900989322925,0.6438746601436675,0.5283618775810688,6.166666666666667,4716.8916045
CUST101111,307432.27,31184.03,604.3,0,40.0,Male,Graduate,Salaried,2023-12-21,0,34,7.59,9.5,6.1,5.6,1,2023,12,21,Thursday,2.0,1,1,0,0,0,0,1,0,0,0,Q2,No_Missed,0,0,2,0.13799713600552121,-0.6199023062445493,-0.821321408329734,-0.602055194708985,-1.5875702287444884,-1.251834368898565,2.150598735996164,0.11641443538998836,2.7549954627911823,-1.7341570499507721,-0.6420029816129204,-1.7341558314228351,-0.6420027082527876,0.1014338215048147,5.666666666666667,1944.5091077499999
CUST101112,2457149.8175999983,1974290.1467000002,640.1,0,48.0,Male,Graduate,Self-Employed,2023-05-15,0,41,26.16,9.5,6.1,5.6,0,2023,5,15,Monday,2.0,1,1,0,0,0,0,1,0,0,0,Q4,No_Missed,0,1,0,0.9132619450253036,5.007121991324325,5.256796667965474,-0.13893972818918507,-0.5628906490901286,-0.17854813030264233,3.3017453026904953,0.036818851251840944,5.1146847410177685,2.574153438055896,2.5782138696822097,2.5741608916478684,2.5782148248841006,0.8034878999068817,6.833333333333333,53565.86602367996
CUST101113,327142.04,93016.37,692.8,0,43.0,Male,Post-Graduate,Self-Employed,2020-11-23,0,48,24.37,9.5,6.1,5.6,0,2020,11,23,Monday,3.0,1,1,0,0,0,0,0,1,0,0,Q2,No_Missed,0,2,1,0.4287214393879396,-0.5683107123566389,-0.6279072348969944,0.5427972853748759,0.46178893056423104,-0.28200436977957827,3.2335673736111907,0.039416633819471816,4.9365980188789935,-0.7204608605432677,-0.5287310989662465,-0.7204589335288168,-0.5287308528796575,0.28433022548859815,8.0,6643.709595666666
CUST101114,373728.73,174348.46,682.44,0,40.0,Male,Graduate,Unemployed,2019-08-15,1,51,9.03,8.7,5.0,4.6,0,2019,8,15,Thursday,2.0,1,0,0,0,1,0,0,0,1,0,Q2,Low,0,3,1,0.13799713600552121,-0.4463670473081892,-0.3734970191279131,0.40877839618087947,0.9009373218446709,-1.1686070030623705,2.305580601973844,0.09970089730807578,3.004995840263344,-0.10065859664556265,-0.2899460115106868,-0.10065880118598144,-0.2899458440559628,0.46651072289786233,8.5,2812.3086932499996
CUST101115,794580.13,498876.89,670.6,0,42.0,Male,Post-Graduate,Salaried,2019-08-06,3,56,78.05,8.9,5.4,4.8,0,2019,8,6,Tuesday,3.0,1,0,1,0,0,1,0,0,0,0,Q4,Medium,0,3,3,0.33181333826046683,0.6552386292653369,0.641641629092011,0.2556139513877388,1.6328513073120707,2.8205268788918874,4.370080563655481,0.012650221378874131,8.834591105421914,1.0010781113014011,0.9675137782184883,1.0010765866294453,0.967513523126983,0.6278496921386645,9.333333333333334,51680.81595541666
CUST101116,754474.21,414205.53,643.6,0,64.0,Male,Graduate,Self-Employed,2022-06-02,1,67,19.43,8.9,5.4,4.8,0,2022,6,2,Thursday,2.0,1,0,1,0,0,1,0,0,0,0,Q4,Low,0,3,3,2.463791563064868,0.5502587975807952,0.37678603559796014,-0.0936630764344561,3.2430620753403505,-0.5675204720231893,3.0170044088295307,0.048947626040137054,4.407947368106838,0.8000553308813406,0.8861200330971394,0.8000536483854243,0.8861197871821803,0.5489989246948548,11.166666666666666,12216.194916916666
CUST101117,309677.02,52473.97,752.3,0,37.0,Male,Secondary,Salaried,2021-01-06,2,50,24.01,8.7,5.0,4.6,0,2021,1,6,Wednesday,1.0,1,0,0,0,1,1,0,0,0,0,Q2,Low,1,3,1,-0.15272716737689718,-0.614026528375001,-0.7547255759945415,1.3125003652052682,0.754554524751191,-0.3028112112386268,3.219275744889528,0.03998400639744102,4.9,-1.261360795936692,-0.6286809828665904,-1.2613578325771402,-0.6286807123017226,0.16944741330822674,8.333333333333334,6196.121041833334
CUST101118,467407.11,192005.79,599.9,0,40.0,Female,Graduate,Self-Employed,2018-10-16,0,52,29.37,9.2,4.8,5.1,0,2018,10,16,Tuesday,2.0,0,0,0,1,0,1,0,0,0,0,Q3,No_Missed,0,3,1,0.13799713600552121,-0.2011578471481995,-0.318264144438404,-0.6589744140577869,1.047320118938151,0.006979539373874221,3.4134552790576573,0.03292723081988805,5.419409561935692,-0.0029904777318087656,0.09951091241294482,-0.002990979477921538,0.09951091968258229,0.41078919402830655,8.666666666666666,11439.789017250001
CUST101119,581960.02,190705.14,617.0,0,50.0,Female,Secondary,Salaried,2022-04-18,1,32,21.26,9.5,6.1,5.6,0,2022,4,18,Monday,1.0,0,1,0,0,0,0,0,1,0,0,Q3,Low,0,0,2,1.1070781472802491,0.09869178130501763,-0.3223326326223429,-0.4377656297703965,-1.8803358229314484,-0.46175236127302566,3.102791345847399,0.044923629829290206,4.610856753359402,-0.009894159074139085,0.46739297665529744,-0.009894640594487109,0.4673928379662076,0.327694572558438,5.333333333333333,10310.391687666668
CUST101120,561435.08,153858.85,793.5,0,50.0,Male,Secondary,Salaried,2021-12-14,3,29,10.87,9.5,6.1,5.6,0,2021,12,14,Tuesday,1.0,1,1,0,0,0,1,0,0,0,0,Q3,Medium,1,0,2,1.1070781472802491,0.04496642737883111,-0.43758938538979475,1.845471237289507,-2.3194842142118883,-1.0622609244939,2.4740142086215764,0.08424599831508003,3.2969683043669074,-0.22622997049021193,0.4080472822138277,-0.22622976295549949,0.408047164925129,0.27404566526195695,4.833333333333333,5085.666099666666
CUST101121,559061.9,532524.12,642.3,1,51.0,Male,Secondary,Salaried,2018-01-07,3,40,36.6,9.5,6.1,5.6,0,2018,1,7,Sunday,1.0,1,1,0,0,0,0,1,0,0,0,Q3,Medium,0,0,0,1.203986248407722,0.03875447570294102,0.7468915869417588,-0.11048011851478488,-0.7092734461836087,0.42485027200976655,3.6270040503958487,0.026595744680851064,6.04979338490167,1.0722583157527934,0.4010226145873193,1.0722568969302277,0.40102249990514466,0.9525315890780609,6.666666666666667,17051.38795
CUST101122,464387.4,205956.26,702.7,0,45.0,Male,Graduate,Salaried,2021-03-29,1,37,14.09,8.7,5.0,4.6,1,2021,3,29,Monday,2.0,1,0,0,0,1,0,0,0,0,1,Q3,Low,1,0,2,0.6225376416428852,-0.2090621327882278,-0.27462648453343785,0.6708655289096819,-1.1484218374640485,-0.8761552869990766,2.7140322727797574,0.06626905235255136,3.753664875824692,0.06844508795529751,0.08842774835665336,0.06844438462696353,0.08842776033245286,0.44350096492712765,6.166666666666667,5452.682055
CUST101123,1335482.73,159403.22,579.0,1,25.0,Female,Graduate,Self-Employed,2018-08-28,0,53,36.49,8.7,5.0,4.6,1,2018,8,28,Tuesday,2.0,0,0,0,0,1,0,0,0,1,0,Q4,No_Missed,0,3,1,-1.3156243809065706,2.071086062904335,-0.42024636164598567,-0.9293407059645967,1.1937029160316308,0.4184926260083906,3.6240742307478206,0.026673779674579887,6.040695324215583,-0.1907869014860054,1.7459254839404543,-0.19078681314852375,1.745925428144544,0.11936000100877381,8.833333333333334,40609.80401475
CUST101124,842060.47,622416.13,730.1,0,56.0,Male,Secondary,Self-Employed,2023-06-10,2,41,23.36,9.5,6.1,5.6,0,2023,6,10,Saturday,1.0,1,1,0,0,0,0,0,0,0,1,Q4,Low,1,1,0,1.688526754045086,0.77952148081256,1.0280775943346148,1.0253170312181312,-0.5628906490901286,-0.34037911942857574,3.192942442841696,0.041050903119868636,4.833218389437829,1.2437231543866119,1.0578934677164142,1.2437221014798714,1.0578932079501093,0.7391584716000266,6.833333333333333,16392.110482666667
CUST101125,1014558.26,1326169.07,558.0,0,25.0,Male,Secondary,Self-Employed,2021-12-17,1,40,29.3,8.9,5.4,4.8,0,2021,12,17,Friday,1.0,1,0,1,0,0,0,0,0,1,0,Q4,Low,0,0,0,-1.3156243809065706,1.2310455690308433,3.2294465412475164,-1.2010006164929705,-0.7092734461836087,0.0029337646457258705,3.4111477125153233,0.033003300330033,5.412947441089743,2.1030407723696136,1.34227315668961,2.1030440377922064,1.342272925406465,1.3071393948337675,6.666666666666667,24772.13084833333
CUST101126,195861.56,22197.67,552.0,1,41.0,Male,Secondary,Salaried,2022-10-16,0,42,46.72,8.7,5.0,4.6,0,2022,10,16,Sunday,1.0,1,0,0,0,1,0,0,0,1,0,Q1,No_Missed,0,1,0,0.23490523713299402,-0.9119458339014341,-0.8494311223009188,-1.2786177337867917,-0.41650785199664875,1.0097537041363542,3.8653505972297153,0.020955574182732608,6.835202996254025,-2.0335707045133646,-1.499823295330385,-2.0335732882046704,-1.4998232102679752,0.11333346880316893,7.0,7625.543402666667
CUST101127,435709.9,800228.4,721.4,0,30.0,Female,Graduate,Self-Employed,2023-10-19,2,57,88.18,8.9,5.4,4.8,0,2023,10,19,Thursday,2.0,0,0,1,0,0,0,1,0,0,0,Q2,Low,1,3,3,-0.8310838752692068,-0.28412733820262653,1.5842818917661716,0.9127722111420901,1.7792341044055506,3.4060082788367825,4.49065679919933,0.011213276519398968,9.390420650854786,1.52402691331901,-0.021208083100838996,1.5240268063593765,-0.021208024507930256,1.8366082570077016,9.5,32017.415818333335
CUST101128,692267.65,161816.92,849.0,0,37.0,Female,Secondary,Salaried,2023-03-19,3,44,1.83,8.9,5.4,4.8,0,2023,3,19,Sunday,1.0,0,0,1,0,0,0,0,1,0,0,Q4,Medium,1,1,0,-0.15272716737689718,0.3874291156167775,-0.4126962060087478,2.563429572257352,-0.12374225780968881,-1.5847438322433423,1.0402767116551463,0.35335689045936397,1.3527749258468684,-0.17571332305512463,0.7493337795627653,-0.17571328477567216,0.7493335586208598,0.23374907089765065,7.333333333333333,1055.70816625
CUST101129,131652.59,13941.3458,630.6,0,42.0,Male,Graduate,Salaried,2024-03-13,1,36,33.76,8.7,5.0,4.6,0,2024,3,13,Wednesday,2.0,1,0,0,0,1,0,0,0,1,0,Q1,Low,0,0,2,0.33181333826046683,-1.080016953158586,-0.8752572534280234,-0.26183349723773514,-1.2948046345575286,0.26070741161060534,3.548467300397191,0.028768699654775607,5.81033561853358,-2.431605975716579,-2.3107987933701652,-2.4316194723341282,-2.310800045242779,0.10589496036500307,6.0,3703.8261986666657
CUST101130,245159.47,89143.61,684.4,0,42.0,Male,Secondary,Unemployed,2020-12-13,1,47,17.47,8.9,5.4,4.8,0,2020,12,13,Sunday,1.0,1,0,1,0,0,0,0,1,0,0,Q1,Low,0,2,1,0.33181333826046683,-0.782905375679813,-0.6400213918948272,0.4341333211635267,0.3154061334707511,-0.6808021644113428,2.9161477942111484,0.05414185165132648,4.179712908801273,-0.7614121875212713,-1.0646341602247875,-0.7614101302037551,-1.0646338732545684,0.3636147932608926,7.833333333333333,3569.1132840833334
CUST101131,420538.64,67887.4,626.8,0,43.0,Female,Secondary,Salaried,2024-07-05,2,38,42.52,8.9,5.4,4.8,0,2024,7,5,Friday,1.0,0,0,1,0,0,1,0,0,0,0,Q2,Low,0,0,2,0.4287214393879396,-0.3238390895162087,-0.7065117153641111,-0.31099100485715603,-1.0020390403705686,0.7670072204474544,3.773220602547687,0.022977941176470586,6.520736154760443,-1.0207739646623848,-0.08266902485048472,-1.0207712340889339,-0.08266894035488818,0.16142963700077595,6.333333333333333,14901.085810666667
CUST101132,318544.91,41673.88,566.2,1,56.0,Male,Primary,Self-Employed,2020-04-27,0,49,21.64,8.9,5.4,4.8,0,2020,4,27,Monday,0.0,1,0,1,0,0,0,0,0,1,0,Q2,No_Missed,0,2,1,1.688526754045086,-0.5908142544863325,-0.7885087140797118,-1.0949238895247477,0.608171727657711,-0.43978958417736336,3.119718253334982,0.044169611307420496,4.651881339845203,-1.472900381429692,-0.5771324345765739,-1.4728977335838254,-0.5771321758919425,0.1308257601730318,8.166666666666666,5744.4265436666665
CUST101133,496346.19,164774.97,604.6,0,43.0,Female,Secondary,Salaried,2021-08-04,0,48,24.3,8.7,5.0,4.6,0,2021,8,4,Wednesday,1.0,0,0,0,0,1,0,0,1,0,0,Q3,No_Missed,0,2,1,0.4287214393879396,-0.12540793921676477,-0.403443300559549,-0.5981743388442932,0.46178893056423104,-0.2860501445077266,3.2308043957334744,0.039525691699604744,4.929503017546495,-0.1575223316543516,0.20166747726789788,-0.15752235324154434,0.20166744158439895,0.3319758936801751,8.0,10051.0103475
CUST101134,993277.26,323034.76,572.0,0,35.0,Male,Post-Graduate,Salaried,2023-09-24,0,56,30.05,9.2,4.8,5.1,0,2023,9,24,Sunday,3.0,1,0,0,1,0,0,1,0,0,0,Q4,No_Missed,0,3,3,-0.3465433696318428,1.1753411793028747,0.09160001286654762,-1.0198940094740547,1.6328513073120707,0.04628135101874374,3.435598808379488,0.0322061191626409,5.481788029466299,0.535527074987899,1.3103661872024255,0.5355254856946645,1.310365949163674,0.3252211371475473,9.333333333333334,24873.3180525
CUST101135,276775.31,227250.05,742.9,1,49.0,Male,Secondary,Salaried,2024-02-24,4,48,21.17,9.5,6.1,5.6,0,2024,2,24,Saturday,1.0,1,1,0,0,0,0,0,1,0,0,Q1,Medium,1,2,1,1.0101700461527763,-0.7001488758472346,-0.20801860923548968,1.1909002147782823,0.46178893056423104,-0.4669540716377878,3.09874002362822,0.04510599909788002,4.601086828130937,0.16926012249291897,-0.8361729346674228,0.16925916074806532,-0.836172635263416,0.8210633022143485,8.0,4882.7777605833335
CUST101136,454816.85,90931.93,746.5,0,51.0,Male,Secondary,Salaried,2021-05-24,0,38,6.31,8.9,5.4,4.8,0,2021,5,24,Monday,1.0,1,0,1,0,0,1,0,0,0,0,Q3,No_Missed,1,0,2,1.203986248407722,-0.23411366453537374,-0.634427451335029,1.2374704851545753,-1.0020390403705686,-1.3258142496418488,1.9892432737616872,0.13679890560875513,2.511971337416094,-0.7423010639061808,0.05273800453204334,-0.7422990668211089,0.05273803168844006,0.1999308732734946,6.333333333333333,2391.578602916666
CUST101137,365990.31,367981.85,582.7,1,24.0,Male,Secondary,Self-Employed,2022-02-13,1,39,12.26,9.5,6.1,5.6,0,2022,2,13,Sunday,1.0,1,1,0,0,0,0,1,0,0,0,Q2,Low,0,0,0,-1.4125324820340435,-0.46662286064208824,0.23219641048884293,-0.8814768169667399,-0.8556562432770887,-0.9819233977492403,2.5847519847577165,0.07541478129713423,3.5014282800023193,0.673557458778901,-0.3271239439987818,0.6735557798394488,-0.32712376281376876,1.005441510186431,6.5,3739.2010005
CUST101138,476870.82,263361.37,684.8,0,39.0,Male,Secondary,Salaried,2021-08-25,1,43,38.49,9.5,6.1,5.6,0,2021,8,25,Wednesday,1.0,1,1,0,0,0,0,0,0,0,1,Q3,Low,0,1,0,0.041089034878048415,-0.1763859759902429,-0.09506087369830696,0.4393077956497811,-0.2701250549031688,0.5340861896697716,3.676047475298558,0.02532286654849329,6.20403094769844,0.32171551308969876,0.13371169681986203,0.32171422641952413,0.13371168960899615,0.5522698369340359,7.166666666666667,15295.6315515
CUST101139,443826.97,110712.84,628.2,0,46.0,Female,Primary,Salaried,2024-07-07,2,38,19.1,9.2,4.8,5.1,0,2024,7,7,Sunday,0.0,0,0,0,1,0,0,0,1,0,0,Q2,Low,0,0,2,0.719445742770358,-0.262880384077858,-0.5725519286328732,-0.29288034415526326,-1.0020390403705686,-0.5865934100273171,3.0007198150650303,0.04975124378109452,4.370354676682432,-0.5514381328546286,0.010659107288522441,-0.5514367807989341,0.010659152351739094,0.24945045588374226,6.333333333333333,7064.245939166667
CUST101140,1886924.87,843565.04,607.0799999999999,0,35.0,Female,Secondary,Self-Employed,2019-11-27,0,38,41.4,9.2,4.8,5.1,0,2019,11,27,Wednesday,1.0,0,0,0,1,0,1,0,0,0,0,Q4,No_Missed,0,0,2,-0.3465433696318428,3.5145214220972782,1.7198407337079809,-0.566092597029515,-1.0020390403705686,0.7022748247970807,3.7471483622379123,0.02358490566037736,6.434283176858165,1.5835011763924964,2.22809402393331,1.5835013269029272,2.2280944338851936,0.4470580961710468,6.333333333333333,65098.90801499999
CUST101141,1003764.11,879085.66,839.6,0,53.0,Male,Graduate,Self-Employed,2018-01-27,2,34,7.53,8.9,5.4,4.8,0,2018,1,27,Saturday,2.0,1,0,1,0,0,1,0,0,0,0,Q4,Low,1,0,2,1.3978024506626676,1.202791185384297,1.8309507346737932,2.441829421830366,-1.5875702287444884,-1.2553021758084062,2.143589361503588,0.11723329425556857,2.7440845468024486,1.6301703708495519,1.3261878914564111,1.6301707374959704,1.3261876566479651,0.8757890935152085,5.666666666666667,6298.619790250001
CUST101142,185439.78,21092.91,708.5,0,36.0,Male,Graduate,Unemployed,2024-06-23,2,37,35.99,8.7,5.0,4.6,0,2024,6,23,Sunday,2.0,1,0,0,0,1,1,0,0,0,0,Q1,Low,1,0,2,-0.24963526850436998,-0.9392255150620538,-0.8528868582837645,0.745895408960375,-1.1484218374640485,0.38959423509304536,3.610647605844363,0.02703433360367667,5.999166608788258,-2.077909808163063,-1.608296893535229,-2.077913220813305,-1.6082969049454354,0.11374533554774494,6.166666666666667,5561.648068500001
CUST101143,555182.49,175342.93,608.9,0,39.0,Female,Secondary,Self-Employed,2024-08-09,0,43,34.79,9.5,6.1,5.6,1,2024,8,9,Friday,1.0,0,1,0,0,0,0,0,0,1,0,Q3,No_Missed,0,1,0,0.041089034878048415,0.028599869878281444,-0.37038627492748893,-0.5425487381170553,-0.2701250549031688,0.32023809689621663,3.5776685247779345,0.02794076557697681,5.898304841223451,-0.09491896262387971,0.38946425132070006,-0.09491918525305874,0.3894641409588841,0.31582935909956383,7.166666666666667,16095.665689249998
CUST101144,288421.58,172065.25,557.3,0,36.0,Female,Secondary,Self-Employed,2020-08-17,2,38,12.61,8.7,5.0,4.6,0,2020,8,17,Monday,1.0,0,0,0,0,1,0,0,0,1,0,Q1,Low,0,0,2,-0.24963526850436998,-0.6696640131548258,-0.38063899652879046,-1.210055946843917,-1.0020390403705686,-0.9616945241084985,2.6108048166633746,0.07347538574577517,3.5510561809129406,-0.11395209229210594,-0.759583532178674,-0.11395225466175073,-0.7595832395473973,0.5965755058966115,6.333333333333333,3030.8301031666665
CUST101145,224391.7,137115.68,669.6,0,38.0,Female,Post-Graduate,Salaried,2022-03-07,3,41,8.16,9.2,4.8,5.1,0,2022,3,7,Monday,3.0,0,0,0,1,0,0,1,0,0,0,Q1,Medium,0,1,0,-0.05581906624942438,-0.8372663527890095,-0.48996272895392073,0.24267776517210193,-0.5628906490901286,-1.2188902032550712,2.214846178686039,0.1091703056768559,2.85657137141714,-0.3409547975307645,-1.2342831761936077,-0.34095419263347615,-1.2342829363992611,0.6110550434797721,6.833333333333333,1525.8635600000002
CUST101146,208438.72,169182.6,637.5,0,39.0,Male,Secondary,Salaried,2023-02-12,1,52,25.36,9.5,6.1,5.6,0,2023,2,12,Sunday,1.0,1,1,0,0,0,1,0,0,0,0,Q1,Low,0,3,1,0.041089034878048415,-0.8790243066089659,-0.38965604759051453,-0.17257381234984115,1.047320118938151,-0.22478555576719475,3.2718477096343066,0.03793626707132018,5.035871324805669,-0.13097154385007606,-1.377547118473846,-0.13097165168304206,-1.3775469487098022,0.8116658939375564,8.666666666666666,4405.004949333334
CUST101147,401072.89,74139.4,534.6,0,22.0,Male,Secondary,Salaried,2019-01-08,2,41,49.21,9.5,6.1,5.6,0,2019,1,8,Tuesday,1.0,1,1,0,0,0,0,0,0,1,0,Q2,Low,0,1,0,-1.6063486842889891,-0.3747919453193761,-0.6869551950658094,-1.5037073739388724,-0.5628906490901286,1.1536676908947736,3.916214210046614,0.01991635132443736,7.014983962918233,-0.9374477839137444,-0.16542663580168157,-0.9374452341078409,-0.1654265171419934,0.18485268351096976,6.833333333333333,16447.330764083334
CUST101148,294540.51,316406.71,656.3,0,56.0,Female,Secondary,Salaried,2023-05-04,2,38,17.39,9.5,6.1,5.6,0,2023,5,4,Thursday,1.0,0,1,0,0,0,0,0,0,0,1,Q1,Low,0,0,2,1.688526754045086,-0.6536473193228557,0.0708671922710329,0.07062648850413097,-1.0020390403705686,-0.6854259069577979,2.91180703861623,0.0543773790103317,4.170131892398609,0.5136800168430963,-0.7207751681125837,0.5136784496060544,-0.7207748807184651,1.0742383450072794,6.333333333333333,4268.38289075
CUST101149,271051.33,52856.14,819.0,0,29.0,Female,Secondary,Self-Employed,2018-09-02,1,41,58.48,8.7,5.0,4.6,0,2018,9,2,Sunday,1.0,0,0,0,0,1,0,0,0,1,0,Q1,Low,1,1,0,-0.9279919763966795,-0.7151317625872889,-0.7535301320786103,2.175343985788247,-0.5628906490901286,1.6894438584652742,4.085640121591954,0.016812373907195696,7.647221717722064,-1.254642392536997,-0.8752059469074798,-1.2546394283522964,-0.875205646001387,0.19500417135012765,6.833333333333333,13209.234815333335
CUST101150,1344134.26,517310.42,686.9800000000001,0,27.0,Male,Graduate,Salaried,2023-01-15,0,55,58.12,9.2,4.8,5.1,0,2023,1,15,Sunday,2.0,1,0,0,1,0,0,0,0,1,0,Q4,No_Missed,0,3,3,-1.1218081786516252,2.0937320005418147,0.6993024901947544,0.46750868159987174,1.4864685102185908,1.6686370170062257,4.079569276639947,0.016914749661705007,7.623647421018367,1.0406069082778602,1.7551892939500302,1.040605439097579,1.7551892443067227,0.38486513988565396,9.166666666666666,65100.90265933333
CUST101151,305901.16,68378.17,557.1,0,18.0,Male,Secondary,Self-Employed,2022-08-04,0,45,10.64,8.9,5.4,4.8,0,2022,8,4,Thursday,1.0,1,0,1,0,0,0,0,0,1,0,Q2,No_Missed,0,1,0,-1.9939810887988803,-0.623910085397615,-0.7049765660572017,-1.2126431840870433,0.022640539283791155,-1.0755541843149587,2.454447442303292,0.0859106529209622,3.2619012860600183,-1.013980616882864,-0.651154960016558,-1.0139778994754625,-0.6511546848042592,0.22353027363479105,7.5,2712.323618666667
CUST101152,2457149.8175999983,1450699.92,648.5,0,31.0,Male,Graduate,Salaried,2024-11-30,3,60,21.5,9.5,6.1,5.6,0,2024,11,30,Saturday,2.0,1,1,0,0,0,0,0,1,0,0,Q4,Medium,0,3,3,-0.734175774141734,5.007121991324325,3.61898430448964,-0.03027576397783584,2.2183824956859906,-0.44788113363366006,3.1135153092103742,0.044444444444444446,4.636809247747852,2.208130462152856,2.5782138696822097,2.2081345488168043,2.5782148248841006,0.590399457781927,10.0,44023.93423199997
CUST101153,665172.09,332619.29,679.9,0,23.0,Male,Primary,Salaried,2018-05-05,1,43,31.93,9.5,6.1,5.6,0,2018,5,5,Saturday,0.0,1,1,0,0,0,0,0,0,0,1,Q4,Low,0,1,0,-1.5094405831615163,0.31650474015803215,0.12158082788489062,0.37592048319316085,-0.2701250549031688,0.15493930086044183,3.494384096388273,0.030367446097783177,5.650663677834666,0.566394362728919,0.6851967980395175,0.5663927458745714,0.6851965925061927,0.500049979547398,7.166666666666667,17699.12069475
CUST101154,346074.5,501936.74,675.3,1,56.0,Male,Secondary,Salaried,2019-06-21,1,41,22.91,9.5,6.1,5.6,0,2019,6,21,Friday,1.0,1,1,0,0,0,0,0,0,1,0,Q2,Low,0,1,0,1.688526754045086,-0.5187537775157396,0.6512129692447234,0.3164140266012311,-0.5628906490901286,-0.3663876712523864,3.1742967814702334,0.04182350480970305,4.7864391775097275,1.0077325138821833,-0.42718188431485815,1.0077309979793783,-0.42718166867169116,1.4503719285876306,6.833333333333333,6607.138995833334
CUST101155,233020.0,242421.77,519.1,0,49.0,Female,Graduate,Self-Employed,2023-04-04,0,33,15.42,8.9,5.4,4.8,0,2023,4,4,Tuesday,2.0,0,0,1,0,0,0,0,1,0,0,Q1,No_Missed,0,0,2,1.0101700461527763,-0.8146812211744318,-0.16056082770315616,-1.7042182602812437,-1.7339530258379685,-0.7992855671642582,2.7985001040242823,0.06090133982947624,3.9268307832143723,0.23587162098574177,-1.1616625248926598,0.2358705069610928,-1.1616622604799751,1.0403474809029267,5.5,2994.307
CUST101156,383898.38,21011.91,640.6,0,30.0,Male,Secondary,Self-Employed,2022-06-24,1,36,58.93,9.2,4.8,5.1,0,2022,6,24,Friday,1.0,1,0,0,1,0,0,0,0,1,0,Q2,Low,0,0,2,-0.8310838752692068,-0.41974733268025644,-0.8531402297079748,-0.13247163508136664,-1.2948046345575286,1.7154524102890851,4.093177214470094,0.01668613382279326,7.676587783644502,-2.081244957431348,-0.2424303826575771,-2.0812484357130723,-0.24243023336153668,0.05473299991523799,6.0,18852.609611166667
CUST101157,1335482.73,658357.85,670.9,0,63.0,Female,Graduate,Salaried,2021-11-26,4,40,34.01,9.2,4.8,5.1,0,2021,11,26,Friday,2.0,0,0,0,1,0,0,0,1,0,0,Q4,Medium,0,0,0,2.3668834619373955,2.071086062904335,1.140504813902093,0.25949480725242924,-0.7092734461836087,0.27515660706827794,3.555633734966574,0.028563267637817767,5.831809324729333,1.3059072526745548,1.7459254839404543,1.3059063719425763,1.745925428144544,0.49297369049467227,6.666666666666667,37849.80637274999
CUST101158,339492.4,219973.48,635.1,0,49.0,Male,Secondary,Salaried,2022-03-21,2,38,6.56,9.2,4.8,5.1,0,2022,3,21,Monday,1.0,1,0,0,1,0,0,0,0,1,0,Q2,Low,0,0,2,1.0101700461527763,-0.5359828486885445,-0.23078002780666887,-0.2036206592673693,-1.0020390403705686,-1.3113650541841761,2.0228711901914416,0.1322751322751323,2.5612496949731396,0.13583422941068415,-0.4617359297954302,0.1358333497555773,-0.4617357032290315,0.6479481720356627,6.333333333333333,1855.8917866666666
CUST101159,267942.66,243682.36,495.7,1,34.0,Female,Graduate,Unemployed,2019-06-15,0,51,55.25,9.5,6.1,5.6,0,2019,6,15,Saturday,2.0,0,1,0,0,0,0,1,0,0,0,Q1,No_Missed,0,3,1,-0.44345147075931557,-0.7232689067635798,-0.15661764889272173,-2.0069250177271463,0.9009373218446709,1.5027602531521442,4.029806041084529,0.017777777777777778,7.433034373659253,0.24123071350886968,-0.8968096012386838,0.24122958791126073,-0.8968093001011407,0.9094571204152411,8.5,12336.526637499997
CUST101160,557449.21,546396.23,637.9,0,18.0,Other,Primary,Salaried,2018-09-11,1,39,11.74,9.5,6.1,5.6,0,2018,9,11,Tuesday,0.0,2,1,0,0,0,1,0,0,0,0,Q3,Low,0,0,0,-1.9939810887988803,0.03453315563948531,0.7902841334541186,-0.1673993378635867,-0.8556562432770887,-1.0119777243011991,2.5447466501440172,0.07849293563579278,3.4263683398023628,1.1003953562801518,0.3962291400058322,1.100393986679504,0.3962290271106672,0.9801722205328806,6.5,5453.711437833334
CUST101161,373901.26,241501.23,712.7,0,63.0,Male,Post-Graduate,Salaried,2023-12-09,0,44,23.44,8.9,5.4,4.8,0,2023,12,9,Saturday,3.0,1,0,1,0,0,0,0,1,0,0,Q2,No_Missed,1,1,0,2.3668834619373955,-0.4459154389082189,-0.16344031573824863,0.8002273910660503,-0.12374225780968881,-0.3357553768821204,3.1962211343033946,0.0409165302782324,4.841487374764082,0.23194180246616458,-0.28912737752290224,0.23194069699346279,-0.28912721037545036,0.6458957372863627,7.333333333333333,7303.537945333334
CUST101162,1995582.95,1244528.22,604.2,0,23.0,Male,Secondary,Unemployed,2019-10-23,0,37,5.75,9.2,4.8,5.1,0,2019,10,23,Wednesday,1.0,1,0,0,1,0,0,0,0,1,0,Q4,No_Missed,0,0,2,-1.5094405831615163,3.7989409529187994,2.9740705111458525,-0.6033488133305476,-1.1484218374640485,-1.3581804474670354,1.9095425048844386,0.14814814814814814,2.3979157616563596,2.0290530160316345,2.3036195901926853,2.029055742069736,2.3036201020326375,0.6236414377062101,6.166666666666667,9562.168302083333
CUST101163,813760.21,17271.79,612.4,0,20.0,Male,Post-Graduate,Salaried,2022-12-07,0,41,22.15,8.9,5.4,4.8,1,2022,12,7,Wednesday,3.0,1,0,1,0,0,0,0,0,1,0,Q4,No_Missed,0,1,0,-1.8001648865439348,0.7054437254231121,-0.8648394831785576,-0.49727208636232634,-0.5628906490901286,-0.4103132254437113,3.1419947805322432,0.04319654427645789,4.706378650300037,-2.2499416588145653,1.0047627215266604,-2.249949123032363,1.0047624637791681,0.021224667645030226,6.833333333333333,15020.65720958333
CUST101164,1148023.01,676307.56,761.8,0,49.0,Male,Secondary,Self-Employed,2020-11-26,0,59,32.82,8.9,5.4,4.8,0,2020,11,26,Thursday,1.0,1,0,1,0,0,1,0,0,0,0,Q4,No_Missed,1,3,3,1.0101700461527763,1.580398158145354,1.1966522655917329,1.4353941342538183,2.0719996985925104,0.2063784366897564,3.5210523434704344,0.02956830277942046,5.728874234961001,1.3357916432694952,1.5260681080114302,1.335790852861097,1.5260679350781832,0.5891062758402378,9.833333333333334,31398.4293235
CUST101165,838914.65,474012.37,634.0,0,65.0,Female,Graduate,Salaried,2021-09-27,0,42,31.95,9.5,6.1,5.6,0,2021,9,27,Monday,2.0,0,1,0,0,0,1,0,0,0,0,Q4,No_Missed,0,1,0,2.560699664192341,0.7712870941157866,0.5638643594043067,-0.21785046410457012,-0.41650785199664875,0.1560952364970556,3.4949912609485163,0.030349013657056143,5.6524331044250316,0.9455542102283412,1.0520911667284216,0.9455526213547141,1.0520909070788136,0.5650305069770805,7.0,22336.10255625
CUST101166,893459.88,69991.95,659.0,0,53.0,Female,Secondary,Self-Employed,2020-11-02,1,42,33.95,8.7,5.0,4.6,1,2020,11,2,Monday,1.0,0,0,0,0,1,0,0,0,0,1,Q4,Low,0,1,0,1.3978024506626676,0.9140627507917738,-0.6999285939959423,0.10555419128635106,-0.41650785199664875,0.2716888001584368,3.5539184686798193,0.028612303290414875,5.826662852782886,-0.9919570401822333,1.1492649837139561,-0.9919543674646822,1.1492647256061603,0.07833810064308651,7.0,25277.469105000004
CUST101167,441558.85,674751.8,500.8,1,39.0,Male,Post-Graduate,Unemployed,2021-04-21,0,47,59.3,9.2,4.8,5.1,0,2021,4,21,Wednesday,3.0,1,0,0,1,0,1,0,0,0,0,Q2,No_Missed,0,2,1,0.041089034878048415,-0.26881733442933586,1.1917857825432228,-1.9409504680273981,0.3154061334707511,1.7368372195664405,4.09933210373314,0.01658374792703151,7.700649323271382,1.3332307887469124,0.001823443319106402,1.333229990404911,0.0018234921378728153,1.5281129570837502,7.833333333333333,21820.366504166665
CUST101168,251089.84,78644.81,565.8,0,39.0,Male,Primary,Salaried,2023-11-06,1,44,39.87,9.5,6.1,5.6,0,2023,11,6,Monday,0.0,1,1,0,0,0,0,0,0,0,1,Q1,Low,0,1,0,0.041089034878048415,-0.7673822498064493,-0.6728620821232036,-1.1000983640110038,-0.12374225780968881,0.6138457485961242,3.7103962975761857,0.02446782481037436,6.314269553954756,-0.8813524470795806,-1.0192501782895584,-0.8813500400494402,-1.0192498845403206,0.31321382816604604,7.333333333333333,8342.459933999999
CUST101169,329014.52,134261.22,825.2,0,47.0,Male,Secondary,Self-Employed,2023-09-25,0,51,14.52,8.7,5.0,4.6,0,2023,9,25,Monday,1.0,1,0,0,0,1,0,1,0,0,0,Q2,No_Missed,1,3,1,0.8163538438978308,-0.563409375216569,-0.4988916005039351,2.2555483403251957,0.9009373218446709,-0.8513026708118797,2.7421295147550726,0.06443298969072166,3.81051177665153,-0.3618014583461583,-0.5183857867035003,-0.3618007798621456,-0.5183855434792538,0.40807080489943115,8.5,3981.075692
CUST101170,357308.49,118592.57,782.4,0,46.0,Female,Secondary,Salaried,2021-02-16,1,35,33.52,8.7,5.0,4.6,0,2021,2,16,Tuesday,1.0,0,0,0,0,1,0,1,0,0,0,Q2,Low,1,0,2,0.719445742770358,-0.4893480843077089,-0.5479038000835871,1.7018795702959377,-1.4411874316510085,0.2468361839712399,3.541538866215227,0.028968713789107762,5.789645930452052,-0.4841298112406287,-0.3699412633764422,-0.48412869761081717,-0.3699410669686099,0.3319052676302206,5.833333333333333,9980.817154000002
CUST101171,482540.17,279706.56,687.8,0,39.0,Male,Primary,Salaried,2022-04-04,1,43,9.69,8.9,5.4,4.8,0,2022,4,4,Monday,0.0,1,0,1,0,0,0,0,0,1,0,Q3,Low,0,1,0,0.041089034878048415,-0.16154608679780563,-0.04393242839846736,0.4781163542966917,-0.2701250549031688,-1.130461127054115,2.3693087250369538,0.09354536950420955,3.1128764832546763,0.3844279945933412,0.15382314907981368,0.38442659965840015,0.1538231333935722,0.5796544565398566,7.166666666666667,3896.51187275
CUST101172,203419.56,154489.15,471.25800000000004,0,39.0,Male,Secondary,Salaried,2022-10-22,3,42,19.24,8.7,5.0,4.6,0,2022,10,22,Saturday,1.0,1,0,0,0,1,0,1,0,0,0,Q1,Medium,0,1,0,0.041089034878048415,-0.8921622815512632,-0.4356177803443662,-2.3231112812097416,-0.41650785199664875,-0.5785018605710206,3.0076608444192647,0.049407114624505935,4.386342439892261,-0.22214150747622347,-1.425284627512245,-0.2221413137925036,-1.4252844879328628,0.7594606438043617,7.0,3261.493612
CUST101173,525085.6,171185.56,543.5,1,37.0,Male,Post-Graduate,Salaried,2023-05-20,1,47,16.12,9.2,4.8,5.1,0,2023,5,20,Saturday,3.0,1,0,0,1,0,1,0,0,0,0,Q3,Low,0,2,1,-0.15272716737689718,-0.05018068038532468,-0.3833907040369819,-1.3885753166197048,0.3154061334707511,-0.7588278198827748,2.840247370713596,0.05841121495327103,4.014971979976947,-0.1191176323323587,0.29646567716810074,-0.11911777821352422,0.2964656028558971,0.3260145774327081,7.833333333333333,7053.649893333333
CUST101174,408306.08,79833.52,541.3,1,30.0,Female,Post-Graduate,Salaried,2020-01-15,1,38,27.59,9.2,4.8,5.1,0,2020,1,15,Wednesday,3.0,0,0,0,1,0,1,0,0,0,0,Q2,Low,0,0,2,-0.8310838752692068,-0.355858604088398,-0.6691437469914386,-1.4170349262941064,-1.0020390403705686,-0.09589873228475493,3.3530570063342204,0.03497726477789437,5.252618394667558,-0.8670499280873886,-0.1341387651179782,-0.8670475598104548,-0.1341386592506339,0.19552371103560348,6.333333333333333,9387.637289333334
CUST101175,550707.61,296247.4,540.2,0,35.0,Male,Secondary,Salaried,2022-06-18,1,55,23.54,8.9,5.4,4.8,0,2022,6,18,Saturday,1.0,1,0,1,0,0,0,0,0,1,0,Q3,Low,0,3,3,-0.3465433696318428,0.0168865829319024,0.0078080183723196386,-1.4312647311313058,1.4864685102185908,-0.32997569869905147,3.2003044392827653,0.040749796251018745,4.851803788283282,0.4445191457973112,0.376014180576886,0.44451766201552667,0.3760140752906446,0.5379395429091675,9.166666666666666,10803.047616166667
CUST101176,758921.67,86772.3,619.1,0,19.0,Female,Post-Graduate,Unemployed,2020-08-24,3,52,56.11,9.2,4.8,5.1,1,2020,8,24,Monday,3.0,0,0,0,1,0,0,0,1,0,0,Q4,Medium,0,3,1,-1.8970729876714074,0.5619003109090953,-0.6474389498200617,-0.41059963871755883,1.047320118938151,1.552465485526538,4.044979232676772,0.01751006828926633,7.490660852021001,-0.787309874168282,0.8953919330994321,-0.7873077369888373,0.8953916859138494,0.11433630561636222,8.666666666666666,35485.912419750006
CUST101177,530640.28,160958.99,712.5,0,37.0,Male,Graduate,Salaried,2020-02-02,0,49,31.86,8.9,5.4,4.8,1,2020,2,2,Sunday,2.0,1,0,1,0,0,1,0,0,0,0,Q3,No_Missed,1,2,1,-0.15272716737689718,-0.03564094731196556,-0.41537984731705274,0.7976401538229224,0.608171727657711,0.15089352613229345,3.492256112609122,0.030432136335970784,5.644466316668034,-0.18104705062243803,0.31409014459350676,-0.18104699467571803,0.31409006328885125,0.30332976230149733,8.166666666666666,14088.499434000001
CUST101178,578682.23,19309.15,599.4,0,27.0,Male,Secondary,Salaried,2020-03-04,2,44,7.44,8.9,5.4,4.8,0,2020,3,4,Wednesday,1.0,1,0,1,0,0,0,0,1,0,0,Q3,Low,0,1,0,-1.1218081786516252,0.09011195462363798,-0.8584665349707923,-0.6654425071656054,-0.12374225780968881,-1.2605038861731683,2.1329823086078656,0.11848341232227487,2.727636339397171,-2.1542686581469725,0.45808086397519643,-2.1542736954379977,0.4580807285673124,0.0333674493512614,7.333333333333333,3587.829826
CUST101179,421701.55,54048.65,625.2,0,26.0,Female,Graduate,Salaried,2020-01-14,3,47,52.07,9.2,4.8,5.1,0,2020,1,14,Tuesday,2.0,0,0,0,1,0,0,0,0,1,0,Q2,Medium,0,2,1,-1.218716279779098,-0.3207950976051824,-0.7497999103862034,-0.3316889028021738,0.3154061334707511,1.3189664869305484,3.9716117968398037,0.01884303749764462,7.215954545311383,-1.2339646055119693,-0.07786703561904229,-1.2339616418262245,-0.07786695313457848,0.12816801361057364,7.833333333333333,18298.333090416665
CUST101180,665910.23,520493.7,625.4,0,40.0,Female,Graduate,Salaried,2020-12-05,1,53,46.94,8.7,5.0,4.6,0,2020,12,5,Saturday,2.0,0,0,0,0,1,1,0,0,0,0,Q4,Low,0,3,1,0.13799713600552121,0.31843686920430836,0.7092599246053715,-0.3291016655590473,1.1937029160316308,1.022468996139106,3.869950229006238,0.020859407592824366,6.851277253184255,1.047300406593914,0.6869841387207386,1.0472989476222603,0.6869839327286397,0.7816274274687146,8.833333333333334,26048.188496833332
CUST101181,488682.82,234949.72,722.3,0,39.0,Male,Post-Graduate,Self-Employed,2022-03-12,4,48,16.7,8.7,5.0,4.6,1,2022,3,12,Saturday,3.0,1,0,0,0,1,0,0,0,1,0,Q3,Medium,1,2,1,0.041089034878048415,-0.14546730433633728,-0.18393371597809613,0.924414778736163,0.46178893056423104,-0.7253056864209745,2.8735646395797834,0.05649717514124294,4.08656334834051,0.20356469248660347,0.1753048823193212,0.2035636503930278,0.17530485762236717,0.4807816243673146,8.0,6800.835911666666
CUST101182,488733.6,102641.74,705.78,0,48.0,Male,Secondary,Unemployed,2019-07-12,1,41,58.87,9.2,4.8,5.1,0,2019,7,12,Friday,1.0,1,0,0,1,0,0,0,0,0,1,Q3,Low,1,1,0,0.9132619450253036,-0.14533438441197355,-0.597798670632173,0.7107089824538424,-0.5628906490901286,1.7119846033792436,4.092175544937261,0.016702856188408218,7.6726788020873125,-0.6251583900636447,0.1754811527254904,-0.6251567815099626,0.17548112795479312,0.2100157222666909,6.833333333333333,23976.45586
CUST101183,680085.92,138262.74,663.0,0,21.0,Male,Graduate,Salaried,2023-06-18,1,46,24.67,8.7,5.0,4.6,1,2023,6,18,Sunday,2.0,1,0,0,0,1,0,0,0,0,1,Q4,Low,0,2,1,-1.703256785416462,0.3555426518471762,-0.48637467678287627,0.15729893614889845,0.16902333637727113,-0.26466533523037106,3.245322994883049,0.03895597974289053,4.9668903752750575,-0.3326908802895678,0.7208677631059794,-0.33269030447374265,0.7208675487313276,0.20330187103417754,7.666666666666667,13981.433038666668
CUST101184,213885.4,169101.54,752.3,0,39.0,Male,Primary,Salaried,2019-06-10,2,28,16.34,8.7,5.0,4.6,1,2019,6,10,Monday,0.0,1,0,0,0,1,0,1,0,0,0,Q1,Low,1,0,2,0.041089034878048415,-0.8647672704995943,-0.38990960669726127,1.3125003652052682,-2.465867011305368,-0.746112527880023,2.853015971352396,0.05767012687427912,4.042276586281547,-0.13145401052720124,-1.327237106262091,-0.13145411680545238,-1.3272369084931575,0.7906174989036185,4.666666666666667,2912.4061966666663
CUST101185,552855.46,230949.33,619.4,0,48.0,Male,Primary,Self-Employed,2020-04-19,3,35,32.21,9.5,6.1,5.6,0,2020,4,19,Sunday,0.0,1,1,0,0,0,0,1,0,0,0,Q3,Medium,0,0,2,0.9132619450253036,0.022508718803206196,-0.19644710501138518,-0.4067187828528684,-1.4411874316510085,0.17112239977303523,3.5028510353886553,0.030111412225233364,5.675385449465085,0.1858741054137002,0.3824857808340913,0.18587310425325448,0.38248567309935216,0.4177390777690791,5.833333333333333,14839.561972166666
CUST101186,213885.4,32529.76,789.8,0,27.0,Male,Primary,Salaried,2018-01-03,0,40,5.89,8.9,5.4,4.8,0,2018,1,3,Wednesday,0.0,1,0,1,0,0,1,0,0,0,0,Q1,No_Missed,1,0,0,-1.1218081786516252,-0.8647672704995943,-0.8171119080000743,1.7976073482916501,-0.7092734461836087,-1.3500888980107386,1.9300710850255671,0.14513788098693758,2.4269322199023193,-1.6964289396730798,-1.327237106262091,-1.696427424847692,-1.3272369084931575,0.1520896704496894,6.666666666666667,1049.820838333333
CUST101187,551368.82,160947.43,601.5,0,36.0,Male,Post-Graduate,Self-Employed,2020-11-17,1,46,21.9,9.5,6.1,5.6,1,2020,11,17,Tuesday,3.0,1,1,0,0,0,0,1,0,0,0,Q3,Low,0,2,1,-0.24963526850436998,0.0186173427426269,-0.4154160074857425,-0.6382765161127677,0.16902333637727113,-0.42476242090138394,3.131136910560194,0.04366812227074236,4.679743582719036,-0.18111909884412625,0.378009577381665,-0.18111904265840764,0.3780094713392317,0.2919052078425472,7.666666666666667,10062.480964999999
CUST101188,390146.8,416356.29,492.6,1,44.0,Female,Graduate,Salaried,2021-11-05,1,32,28.14,8.7,5.0,4.6,0,2021,11,5,Friday,2.0,0,0,0,0,1,0,0,0,1,0,Q2,Low,0,0,2,0.5256295405154124,-0.403391690423594,0.3835137037996195,-2.04702719499562,-1.8803358229314484,-0.06411050227787511,3.3721118007670587,0.03431708991077557,5.304714883949938,0.8056165267660169,-0.21395816351141606,0.8056148458995597,-0.21395802538559858,1.0671785338236786,5.333333333333333,9148.94246
CUST101189,442140.18,428904.76,549.0,1,27.0,Male,Graduate,Self-Employed,2018-06-06,1,41,20.74,9.5,6.1,5.6,0,2018,6,6,Wednesday,2.0,1,1,0,0,0,0,0,0,0,1,Q2,Low,0,1,0,-1.1218081786516252,-0.2672956656693828,0.4227658484361566,-1.3174262924337021,-0.5628906490901286,-0.49180668782498493,3.0791538816930633,0.04599816007359706,4.55411901469428,0.837540928556089,0.0040931023208448155,0.8375392600079526,0.004093150175149503,0.9700651046914578,6.833333333333333,7641.656110999999
CUST101190,487569.95,78587.67,541.9,0,39.0,Female,Graduate,Self-Employed,2023-04-22,3,49,62.4,9.2,4.8,5.1,0,2023,4,22,Saturday,2.0,0,0,0,1,0,0,1,0,0,0,Q3,Medium,0,2,1,0.041089034878048415,-0.14838031332071605,-0.6730408184587515,-1.409273214564724,0.608171727657711,1.9160072432415811,4.14946386144318,0.015772870662460567,7.899367063252599,-0.8820449970301826,0.17143645251238654,-0.882042588146492,0.17143642943451148,0.16118234932238953,8.166666666666666,25353.637400000003
CUST101191,263202.98,120690.03,590.8,0,23.0,Male,Secondary,Salaried,2023-05-09,1,46,32.95,9.2,4.8,5.1,0,2023,5,9,Tuesday,1.0,1,0,0,1,0,0,0,0,1,0,Q1,Low,0,2,1,-1.5094405831615163,-0.7356753247846248,-0.5413428565351425,-0.7766937086200825,0.16902333637727113,0.2138920183277463,3.5248888540047054,0.02945508100147275,5.740209055426466,-0.4669135366485297,-0.9303168822815271,-0.4669124843214538,-0.9303165816639957,0.4585435544840716,7.666666666666667,7227.115159166667
CUST101192,426173.23,247124.51,740.3,0,31.0,Female,Secondary,Unemployed,2019-05-26,2,45,11.28,9.5,6.1,5.6,0,2019,5,26,Sunday,1.0,0,1,0,0,0,0,0,1,0,0,Q2,Low,1,1,0,-0.734175774141734,-0.3090901868651438,-0.14585045817858236,1.1572661306176262,0.022640539283791155,-1.038564243943317,2.5079719227189963,0.08143322475570033,3.358571124749333,0.2557341711235308,-0.05954501044091546,0.2557330147264571,-0.05954493565205907,0.579868683915224,7.5,4006.0283619999996
CUST101193,372217.36,165800.3,614.1,0,42.0,Female,Secondary,Self-Employed,2019-11-18,0,40,26.08,9.2,4.8,5.1,0,2019,11,18,Monday,1.0,0,0,0,1,0,0,0,0,1,0,Q2,No_Missed,0,0,0,0.33181333826046683,-0.45032315573839266,-0.400236024974543,-0.47528056979574307,-0.7092734461836087,-0.18317187284909767,3.298795448044074,0.03692762186115214,5.106858133921482,-0.15128759429261596,-0.29713617429748784,-0.15128763625591138,-0.2971360041527317,0.445439460427101,6.666666666666667,8089.523957333332
CUST101194,803401.07,208864.9,541.6,0,20.0,Female,Secondary,Salaried,2021-02-11,0,42,46.88,8.9,5.4,4.8,0,2021,2,11,Thursday,1.0,0,0,1,0,0,0,0,0,1,0,Q4,No_Missed,0,1,0,-1.8001648865439348,0.6783280085016051,-0.2655281356530073,-1.4131540704294145,-0.41650785199664875,1.019001189229265,3.8686978806897723,0.020885547201336674,6.846897107449476,0.08277148912295995,0.9847733771155186,0.08277074713998718,0.9847731206689929,0.25997587979313996,7.0,31386.201801333333
CUST101195,255942.2,127692.7,533.5,0,43.0,Female,Graduate,Salaried,2021-11-13,1,41,44.79,9.2,4.8,5.1,0,2021,11,13,Saturday,2.0,0,0,0,1,0,0,0,1,0,0,Q1,Low,0,1,0,0.4287214393879396,-0.7546808846196438,-0.5194382087428666,-1.5179371787760734,-0.5628906490901286,0.8982059152031215,3.824065726669004,0.021838829438742085,6.692533152700851,-0.4113799471739654,-0.9830361076335826,-0.4113790927062041,-0.9830358100930604,0.4989122544074404,6.833333333333333,9553.042614999998
CUST101196,438204.85,206085.6,645.4,0,38.0,Female,Graduate,Salaried,2022-02-19,1,48,8.25,8.7,5.0,4.6,0,2022,2,19,Saturday,2.0,0,0,0,0,1,0,1,0,0,0,Q2,Low,0,2,1,-0.05581906624942438,-0.2775966456998404,-0.2742219035456928,-0.07037794124631036,0.46178893056423104,-1.2136884928903091,2.224623551524334,0.10810810810810811,2.8722813232690143,0.06908612569366897,-0.011339833753381502,0.06908542062262632,-0.011339779345220518,0.4702951142599175,8.0,3012.65834375
CUST101197,303470.05,271279.24,772.0,1,44.0,Male,Primary,Unemployed,2019-07-25,3,35,34.74,8.7,5.0,4.6,0,2019,7,25,Thursday,0.0,1,0,0,0,1,0,0,1,0,0,Q2,Medium,1,0,2,0.5256295405154124,-0.6302736725839109,-0.0702934416166829,1.5673432336533148,-1.4411874316510085,0.31734825780468223,3.576270509731282,0.027979854504756575,5.89406481131655,0.35253234500000546,-0.6657968623099793,0.3525310031871946,-0.6657965842522602,0.8939242604006556,5.833333333333333,8785.457947500001
CUST101198,1232614.1,1511303.88,667.7,1,40.0,Male,Primary,Self-Employed,2019-12-16,2,46,129.17,8.9,5.4,4.8,0,2019,12,16,Monday,0.0,1,0,1,0,0,0,0,0,0,1,Q4,Low,0,2,1,0.13799713600552121,1.8018207907694632,3.808556053353597,0.2180990113623922,0.16902333637727113,5.775098366076785,4.868841288478369,0.007682261657832067,11.365298060323802,2.256276400119491,1.6301007866359039,2.2562808846728473,1.6301006623649255,1.2260965374321127,7.666666666666667,132680.63608083333
CUST101199,883050.33,302603.53,725.5,0,53.0,Male,Primary,Salaried,2021-08-31,1,47,13.87,8.7,5.0,4.6,0,2021,8,31,Tuesday,0.0,1,0,0,0,1,1,0,0,0,0,Q4,Low,1,2,1,1.3978024506626676,0.886815082444761,0.0276902617126338,0.9658105746262015,0.3154061334707511,-0.8888705790018285,2.6993457604720636,0.06724949562878278,3.7242448899072143,0.46678492847745034,1.1312635354685274,0.4667834155953786,1.131263276502554,0.34267982211161174,7.833333333333333,10206.590064249998
CUST101200,179279.83,42651.78,682.1,0,39.0,Female,Secondary,Salaried,2024-04-05,2,44,33.57,9.2,4.8,5.1,0,2024,4,5,Friday,1.0,0,0,0,1,0,0,0,0,1,0,Q1,Low,0,1,0,0.041089034878048415,-0.9553495813890499,-0.7854498015397712,0.40438009286756255,-0.12374225780968881,0.24972602306277428,3.5429862539335333,0.028926815157651144,5.79396237474839,-1.4517666402316047,-1.6758108192223227,-1.4517639324021832,-1.6758109016298892,0.23790618275352002,7.333333333333333,5015.35324425
CUST101201,285524.32,150187.17,618.06,1,33.0,Female,Post-Graduate,Self-Employed,2024-06-08,0,61,33.97,9.5,6.1,5.6,0,2024,6,8,Saturday,3.0,0,1,0,0,0,0,0,0,1,0,Q1,No_Missed,0,3,3,-0.5403595718867884,-0.677247778024111,-0.4490745556471313,-0.42405327238182217,2.3647652927794707,0.27284473579505036,3.5544905510752844,0.028595939376608523,5.8283788483591215,-0.2503601017742223,-0.7782953640727506,-0.25035981199296525,-0.7782950693386633,0.5260048250881046,10.166666666666666,8082.717625333333
CUST101202,714263.92,35756.67,698.1,0,39.0,Male,Graduate,Salaried,2020-09-17,1,44,47.28,9.5,6.1,5.6,0,2020,9,17,Thursday,2.0,1,1,0,0,0,0,0,1,0,0,Q4,Low,0,1,0,0.041089034878048415,0.44500577069133346,-0.807017997105034,0.6113590723177521,-0.12374225780968881,1.042119901961541,3.8770173962293306,0.020712510356255178,6.876045375068434,-1.6115526332329906,0.7992840589095801,-1.6115505710383173,0.7992838275446823,0.050060865457126826,7.333333333333333,28141.998448000002
CUST101203,568926.01,59322.41,558.9,0,44.0,Male,Graduate,Salaried,2018-11-30,1,44,28.02,8.7,5.0,4.6,0,2018,11,30,Friday,2.0,1,0,0,0,1,0,0,1,0,0,Q3,Low,0,1,0,0.5256295405154124,0.06457441967923686,-0.7333033661622157,-1.1893580488988977,-0.12374225780968881,-0.07104611609755802,3.367985247456042,0.03445899379738112,5.293392107146419,-1.147317675753746,0.42999547990339193,-1.1473147604122282,0.42999535456775745,0.10427086995020671,7.333333333333333,13284.4223335
CUST101204,559200.01,671964.02,616.7,0,39.0,Male,Secondary,Salaried,2023-12-01,0,41,13.86,8.7,5.0,4.6,0,2023,12,1,Friday,1.0,1,0,0,0,1,1,0,0,0,0,Q3,No_Missed,0,1,0,0.041089034878048415,0.039115987533462564,1.183065488852052,-0.441646485635087,-0.5628906490901286,-0.8894485468201354,2.698673039289613,0.06729475100942127,3.722902093797257,1.3286282308292992,0.4014323756583587,1.3286274183197486,0.40143226082372857,1.2016523747916241,6.833333333333333,6458.7601155
CUST101205,491378.01,304984.45,592.2,0,38.0,Female,Secondary,Salaried,2022-07-03,1,42,37.1,9.2,4.8,5.1,0,2022,7,3,Sunday,1.0,0,0,0,1,0,0,0,1,0,0,Q3,Low,0,1,0,-0.05581906624942438,-0.13841247072180207,0.03513788012412325,-0.7585830479181898,-0.41650785199664875,0.4537486629251118,3.6402142821326553,0.026246719160104987,6.0909769331364245,0.4750137670215455,0.18463117512302726,0.4750122439173284,0.18463114652969528,0.6206717512653853,7.0,15191.770142500001
CUST101206,746506.75,401560.39,641.7,0,30.0,Male,Primary,Salaried,2018-12-28,1,45,9.27,8.7,5.0,4.6,0,2018,12,28,Friday,0.0,1,0,0,0,1,0,0,0,1,0,Q4,Low,0,1,0,-0.8310838752692068,0.5294034572780839,0.3372315031147762,-0.11824183024416582,0.022640539283791155,-1.1547357754230048,2.329227023940467,0.09737098344693282,3.0446674695276656,0.7668065188842055,0.869349297552233,0.7668048298180596,0.8693490540777394,0.5379193021362499,7.5,5766.76464375
CUST101207,679788.59,498257.01,652.4799999999999,1,31.0,Male,Post-Graduate,Salaried,2023-02-24,1,43,73.33,8.9,5.4,4.8,0,2023,2,24,Friday,3.0,1,0,1,0,0,0,1,0,0,0,Q4,Low,0,1,0,-0.734175774141734,0.35476437139993117,0.6397026182470795,0.021210257160397577,-0.2701250549031688,2.5477260686510284,4.308514638737202,0.013453518094981838,8.563293758829017,0.9997254150564897,0.7201655504935013,0.9997238886302146,0.7201653362864451,0.7329587717852105,7.166666666666667,41540.747753916665
CUST101208,377073.02,208149.97,619.5,0,39.0,Male,Graduate,Salaried,2023-11-15,0,55,59.13,9.5,6.1,5.6,0,2023,11,15,Wednesday,2.0,1,1,0,0,0,1,0,0,0,0,Q2,No_Missed,0,3,3,0.041089034878048415,-0.4376131525887986,-0.2677644669161015,-0.4054251642313044,1.4864685102185908,1.7270117666552234,4.0965088850514775,0.016630633627141192,7.689603370785778,0.07926737309501002,-0.27415577804328034,0.07926664050975195,-0.2741556165512261,0.5520150182052271,9.166666666666666,18580.273060500003
CUST101209,228755.23,56325.29,627.9,0,57.0,Male,Secondary,Self-Employed,2023-06-05,1,53,19.33,9.5,6.1,5.6,0,2023,6,5,Monday,1.0,1,1,0,0,0,0,0,0,0,1,Q1,Low,0,3,1,1.7854348551725587,-0.8258445316476308,-0.7426784842230676,-0.2967612000199552,1.1937029160316308,-0.5733001502062585,3.012097627640255,0.04918839153959666,4.396589587396122,-1.1956378639177176,-1.1971579471092095,-1.195634912770887,-1.1971576938656536,0.2462251464152317,8.833333333333334,3684.8654965833325
CUST101210,654654.16,91775.0,671.4,0,24.0,Female,Graduate,Salaried,2023-08-26,1,33,30.05,9.5,6.1,5.6,1,2023,8,26,Saturday,2.0,0,1,0,0,0,0,0,0,1,0,Q3,Low,0,0,2,-1.4125324820340435,0.28897338017252916,-0.6317902927349187,0.26596290036024767,-1.7339530258379685,0.04628135101874374,3.435598808379488,0.0322061191626409,5.481788029466299,-0.733412191816464,0.6594743918025568,-0.7334102230966318,0.6594741930498601,0.14018852335712645,5.5,16393.631256666667
CUST101211,417900.52,36315.61,627.9,0,30.0,Male,Secondary,Salaried,2023-06-01,3,47,34.54,8.9,5.4,4.8,0,2023,6,1,Thursday,1.0,1,0,1,0,0,0,0,1,0,0,Q2,Medium,0,2,1,-0.8310838752692068,-0.3307445387257923,-0.8052696091562923,-0.2967612000199552,0.3154061334707511,0.305788901438544,3.570658822726505,0.028137310073157007,5.877074101966046,-1.5975782686055777,-0.0936202319825548,-1.5975761309869285,-0.09362014291040996,0.08690013116040152,7.833333333333333,12028.569967333333
CUST101212,160822.1,68296.27,636.2,0,30.0,Female,Graduate,Salaried,2019-01-11,2,44,43.3,8.7,5.0,4.6,0,2019,1,11,Friday,2.0,0,0,0,0,1,0,0,0,1,0,Q1,Low,0,1,0,-0.8310838752692068,-1.0036638798437099,-0.7052327527194586,-0.18939085443016848,-0.12374225780968881,0.8120887102753926,3.7909846770510898,0.022573363431151242,6.58027355054484,-1.0151111423976507,-1.8955340213968457,-1.0151084227785712,-1.8955343990986453,0.42466968159226876,7.333333333333333,5802.997441666666
CUST101213,507904.24,296910.75,809.4,0,48.0,Male,Post-Graduate,Self-Employed,2020-01-12,1,40,16.25,8.9,5.4,4.8,0,2020,1,12,Sunday,3.0,1,0,1,0,0,0,1,0,0,0,Q3,Low,1,0,0,0.9132619450253036,-0.09515399806290233,0.00988300521491048,2.0511565981181326,-0.7092734461836087,-0.7513142382447852,2.847812143477369,0.057971014492753624,4.031128874149275,0.4468635037227748,0.24054316517721896,0.44686201677846693,0.24054311346672808,0.5845801759796295,6.666666666666667,6877.8699166666665
CUST101214,373466.15,279887.12,733.2,0,35.0,Female,Graduate,Salaried,2019-01-25,2,53,12.42,8.9,5.4,4.8,0,2019,1,25,Friday,2.0,0,0,1,0,0,0,0,0,1,0,Q2,Low,1,3,1,-0.3465433696318428,-0.4470543673897064,-0.04336762908543772,1.0654192084866057,1.1937029160316308,-0.9726759126563297,2.5967461315435356,0.07451564828614009,3.5242020373412193,0.3851015667799012,-0.2911927680500106,0.3851001707671189,-0.291192600127688,0.7494310260782671,8.833333333333334,3865.3746525000006
CUST101215,1288708.45,698169.09,610.1,0,52.0,Male,Graduate,Salaried,2021-05-25,1,52,31.24,9.5,6.1,5.6,0,2021,5,25,Tuesday,2.0,1,1,0,0,0,0,0,0,0,1,Q4,Low,0,3,1,1.3008943495351948,1.9486513689348253,1.2650360556104356,-0.5270253146582905,1.047320118938151,0.1150595213972653,3.4732079176384274,0.03101736972704715,5.589275444992848,1.3712099898989192,1.694598468069039,1.3712093129502776,1.6945983800169209,0.5417587585462018,8.666666666666666,33549.37664833334
CUST101216,534304.46,194461.65,684.1199999999999,0,31.0,Female,Primary,Salaried,2020-04-03,1,43,21.83,9.2,4.8,5.1,0,2020,4,3,Friday,0.0,0,0,0,1,0,0,0,1,0,0,Q3,Low,0,1,0,-0.734175774141734,-0.026049719890630825,-0.31058211053888596,0.4305111890231472,-0.2701250549031688,-0.42880819562953226,3.1280754605417043,0.043802014892685065,4.672258554489466,0.009927369186654782,0.3255988736321205,0.009926829936521105,0.3255987877990603,0.36395288558886446,7.166666666666667,9719.888634833333
CUST101217,435358.95,114801.27,652.3,0,41.0,Male,Primary,Self-Employed,2024-06-25,1,56,12.65,8.7,5.0,4.6,0,2024,6,25,Tuesday,0.0,1,0,0,0,1,1,0,0,0,0,Q2,Low,0,3,3,0.23490523713299402,-0.2850459724573623,-0.5597631467577634,0.01888174364158359,1.6328513073120707,-0.959382652835271,2.613739521630969,0.07326007326007326,3.556683848755748,-0.5159793141851862,-0.022601477591851743,-0.5159780874113694,-0.022601418408495402,0.26369337302012513,9.333333333333334,4589.40893125
CUST101218,385982.66,89589.46,656.4,0,29.0,Male,Secondary,Self-Employed,2024-02-22,0,52,4.96,9.2,4.8,5.1,1,2024,2,22,Thursday,1.0,1,0,0,1,0,0,0,0,0,1,Q2,No_Missed,0,3,1,-0.9279919763966795,-0.4142915953830331,-0.6386267542468749,0.07192010712569497,1.047320118938151,-1.4038399051132808,1.7850704810772584,0.16778523489932887,2.227105745132009,-0.7566144744658267,-0.23287322721141124,-0.7566124321696093,-0.23287308164230422,0.23210747342898774,8.666666666666666,1595.3949946666664
CUST101219,299148.85,104142.03,648.3,0,62.0,Female,Primary,Self-Employed,2019-02-22,1,44,36.19,8.9,5.4,4.8,1,2019,2,22,Friday,0.0,0,0,1,0,0,0,0,0,1,0,Q1,Low,0,1,0,2.269975360809923,-0.6415846922207935,-0.5931057000886126,-0.0328630012209638,-0.12374225780968881,0.4011535914591832,3.6160399079369787,0.026888948642108095,6.015812497078013,-0.6110570373597052,-0.6921630443797497,-0.6110554773333683,-0.6921627615733071,0.3481277965801975,7.333333333333333,9021.830734583333
CUST101220,643543.42,524555.58,657.0,0,25.0,Female,Graduate,Self-Employed,2019-08-30,2,38,36.66,8.7,5.0,4.6,0,2019,8,30,Friday,2.0,0,0,0,0,1,1,0,0,0,0,Q3,Low,0,0,2,-1.3156243809065706,0.2598903017868269,0.721965656958101,0.07968181885507736,-1.0020390403705686,0.42831807891960766,3.628598523229006,0.026553372278279343,6.0547502012882415,1.0557863800205256,0.631773435355464,1.0557849343307886,0.6317732442686403,0.8151051874634969,6.333333333333333,19660.251481000003
CUST101221,372427.19,615198.92,629.9,0,41.0,Male,Graduate,Self-Employed,2019-07-22,1,41,59.02,9.2,4.8,5.1,0,2019,7,22,Monday,2.0,1,0,0,1,0,1,0,0,0,0,Q2,Low,0,1,0,0.23490523713299402,-0.4497739121832674,1.0055018563528322,-0.2708888275886815,-0.5628906490901286,1.7206541206538475,4.0946778400122215,0.016661112962345882,7.682447526667527,1.2308356039777446,-0.2961358996685116,1.2308345180395521,-0.2961357298970196,1.651863603191808,6.833333333333333,18317.210628166667
CUST101222,2457149.8175999983,1974290.1467000002,600.8,0,45.0,Female,Primary,Salaried,2019-06-28,0,42,31.89,8.9,5.4,4.8,0,2019,6,28,Friday,0.0,0,0,1,0,0,0,0,1,0,0,Q4,No_Missed,0,1,0,0.6225376416428852,5.007121991324325,5.256796667965474,-0.647331846463714,-0.41650785199664875,0.15262742958721426,3.4931686602009657,0.030404378230465188,5.6471231613982,2.574153438055896,2.5782138696822097,2.5741608916478684,2.5782148248841006,0.8034878999068817,7.0,65298.75640271996
CUST101223,422659.34,43869.36,619.0,0,43.0,Male,Graduate,Self-Employed,2024-03-28,0,40,55.65,9.5,6.1,5.6,0,2024,3,28,Thursday,2.0,1,1,0,0,0,0,0,1,0,0,Q2,No_Missed,0,0,0,0.4287214393879396,-0.3182880205205739,-0.7816411598275501,-0.41189325733912285,-0.7092734461836087,1.5258789658844203,4.036891987474015,0.017652250661959402,7.459892760623306,-1.4260729334835471,-0.07392362874078684,-1.4260701620895773,-0.07392354790973876,0.10379366039799333,6.666666666666667,19600.8268925
CUST101224,485486.74,42058.11,511.1,1,36.0,Male,Secondary,Salaried,2020-06-02,1,52,36.35,9.2,4.8,5.1,0,2020,6,2,Tuesday,1.0,1,0,0,1,0,0,1,0,0,0,Q3,Low,0,3,1,-0.24963526850436998,-0.1538332498239444,-0.7873068263966958,-1.8077077500063383,1.047320118938151,0.4104010765520939,3.6203329115788265,0.02677376171352075,6.029096117993144,-1.4645423015917445,0.1641672833002529,-1.4645396291736457,0.1641672632691634,0.08663081096715433,8.666666666666666,14706.202499166666
CUST101225,214423.15,142229.82,705.6,0,37.0,Male,Secondary,Self-Employed,2019-12-04,3,47,35.9,9.5,6.1,5.6,0,2019,12,4,Wednesday,1.0,1,1,0,0,0,1,0,0,0,0,Q1,Medium,1,2,1,-0.15272716737689718,-0.8633596751997393,-0.4739654828377408,0.7083804689350285,0.3154061334707511,0.384392524728283,3.6082115510464816,0.02710027100271003,5.991660871578097,-0.30459279370681597,-1.3223511864661341,-0.304592316325035,-1.3223509861794418,0.6633137326823154,7.833333333333333,6414.825904166666
CUST101226,744961.16,214837.86,688.6,0,38.0,Male,Secondary,Self-Employed,2021-05-08,2,45,30.72,9.2,4.8,5.1,0,2021,5,8,Saturday,1.0,1,0,0,1,0,0,1,0,0,0,Q4,Low,0,1,0,-0.05581906624942438,0.5253577757913281,-0.24684446427089862,0.488465303269202,0.022640539283791155,0.08500519484530626,3.456947396766647,0.031525851197982346,5.542562584220407,0.11161952444780199,0.8660718044833432,0.11161870652409109,0.8660715615069553,0.2883880013288209,7.5,19071.005696
CUST101227,265894.13,156823.9,810.9,0,39.0,Male,Secondary,Salaried,2022-06-11,2,41,20.29,8.7,5.0,4.6,0,2022,6,11,Saturday,1.0,1,0,0,0,1,0,1,0,0,0,Q1,Low,1,1,0,0.041089034878048415,-0.7286310661305943,-0.42831458364467656,2.070560877441588,-0.5628906490901286,-0.5178152396487956,3.058237478905388,0.046970408642555195,4.504442251822083,-0.20713076784095938,-0.9112062345475557,-0.20713062478911926,-0.9112059335005653,0.5897982779837975,6.833333333333333,4495.826581416666
CUST101228,590323.9,360184.56,554.4,1,49.0,Male,Secondary,Salaried,2023-08-31,0,57,13.82,8.7,5.0,4.6,0,2023,8,31,Thursday,1.0,1,0,0,0,1,0,0,0,1,0,Q3,No_Missed,0,3,3,1.0101700461527763,0.12058477651943247,0.20780615774464203,-1.2475708868692634,1.7792341044055506,-0.891760418093363,2.695977619867941,0.06747638326585695,3.7175260590882213,0.6507764435766842,0.4908799948398501,0.6507747733919425,0.49087984801008877,0.6101473445340769,9.5,6798.563581666666
CUST101229,691408.65,104370.91,617.7,0,62.0,Male,Secondary,Salaried,2022-11-22,0,58,39.35,9.5,6.1,5.6,0,2022,11,22,Tuesday,1.0,1,1,0,0,0,0,0,0,1,0,Q4,No_Missed,0,3,3,2.269975360809923,0.38518062772728334,-0.5923897537728936,-0.42871029941945016,1.9256169014990308,0.5837914220441653,3.6975913947159578,0.024783147459727383,6.272957835024878,-0.6089223718395715,0.7473456945574589,-0.608920819184532,0.7473454740597559,0.15095401250765375,9.666666666666666,22672.441981250002
CUST101230,466193.61,298855.63,743.4,0,32.0,Female,Secondary,Self-Employed,2022-06-08,1,56,37.29,8.9,5.4,4.8,0,2022,6,8,Wednesday,1.0,0,0,1,0,0,0,0,0,1,0,Q3,Low,1,3,3,-0.6372676730142611,-0.20433426164633822,0.015966672073157603,1.1973683078861006,1.6328513073120707,0.46473005147294283,3.6451887654892032,0.026116479498563595,6.10655385630881,0.4537090249306774,0.09506709837696775,0.45370752888422256,0.09506710753291163,0.6410547540537933,9.333333333333334,14486.96643075
CUST101231,1162791.36,381566.15,678.7,0,23.0,Male,Post-Graduate,Self-Employed,2021-12-28,1,41,40.79,8.7,5.0,4.6,0,2021,12,28,Tuesday,3.0,1,0,0,0,1,0,0,0,1,0,Q4,Low,0,1,0,-1.5094405831615163,1.6190552665537488,0.2746886751542652,0.36039705973439756,-0.5628906490901286,0.6670187878803596,3.732657076459824,0.023929169657812874,6.386704940734306,0.7121966349145814,1.5448625974381733,0.7121949467254081,1.544862432427814,0.32814670208763846,6.833333333333333,39525.216312000004
CUST101232,332624.36,277123.75,780.5,0,37.0,Female,Primary,Self-Employed,2024-08-15,2,41,30.25,9.5,6.1,5.6,1,2024,8,15,Thursday,0.0,0,1,0,0,0,0,1,0,0,0,Q2,Low,1,1,0,-0.15272716737689718,-0.5539603862491516,-0.05201156726469519,1.677300816486228,-0.5628906490901286,0.0578407073848818,3.4420193761824107,0.032,5.5,0.37474848351743373,-0.4986341003237699,0.37474710427350694,-0.4986338627222874,0.8331432791031902,6.833333333333333,8384.905741666666
CUST101233,1111862.52,92552.71,768.1,0,66.0,Male,Primary,Salaried,2022-05-03,0,44,33.8,9.5,6.1,5.6,0,2022,5,3,Tuesday,0.0,1,1,0,0,0,0,0,0,1,0,Q4,No_Missed,1,1,0,2.657607765319814,1.4857457438925317,-0.6293575829778502,1.5168921074123314,-0.12374225780968881,0.2630192828838329,3.5496173867804286,0.02873563218390805,5.813776741499453,-0.7252793929467014,1.4788335863348214,-0.7252774503648717,1.4788333951343358,0.08324114567689538,7.333333333333333,31317.46098
CUST101234,219911.33,89851.53,471.25800000000004,1,29.0,Female,Primary,Self-Employed,2023-03-30,1,41,26.47,9.2,4.8,5.1,0,2023,3,30,Thursday,0.0,0,0,0,1,0,0,0,0,1,0,Q1,Low,0,1,0,-0.9279919763966795,-0.8489940101643915,-0.6378069882080751,-2.3231112812097416,-0.5628906490901286,-0.16063112793512835,3.3130945001071823,0.03640334910811795,5.144900387762624,-0.7538047172550815,-1.2732889725764271,-0.7538026837874922,-1.2732887489292264,0.4085807220573856,6.833333333333333,4850.877420916666
CUST101235,686571.51,555510.8,670.6,0,39.0,Male,Graduate,Self-Employed,2018-03-19,1,49,3.51,8.7,5.0,4.6,0,2018,3,19,Monday,2.0,1,0,0,0,1,1,0,0,0,0,Q4,Low,0,2,1,0.041089034878048415,0.3725191018718843,0.8187948937252786,0.2556139513877388,0.608171727657711,-1.487645238767782,1.506297153514587,0.22172949002217296,1.8734993995195195,1.118523829283254,0.7360964868824699,1.1185224936292295,0.7360962689393322,0.8091084350412385,8.166666666666666,2008.2216667500002
CUST101236,409082.69,210427.55,671.0,0,56.0,Male,Primary,Self-Employed,2021-08-01,0,46,33.79,9.5,6.1,5.6,0,2021,8,1,Sunday,0.0,1,1,0,0,0,1,0,0,0,0,Q2,No_Missed,0,2,1,1.688526754045086,-0.35382577733652365,-0.2606401003932279,0.2607884258739932,0.16902333637727113,0.2624413150655261,3.5493299891638506,0.02874389192296637,5.812916651733448,0.09039197064426496,-0.13081793170091555,0.0903912083522938,-0.130817827201017,0.5143887901978937,7.666666666666667,11519.086745916666
CUST101237,299696.95,16798.48,663.7800000000001,0,32.0,Male,Graduate,Salaried,2019-10-10,1,55,15.83,8.9,5.4,4.8,0,2019,10,10,Thursday,2.0,1,0,1,0,0,1,0,0,0,0,Q1,Low,0,3,3,-0.6372676730142611,-0.6401500051285562,-0.8663200168673595,0.1673891613970963,1.4864685102185908,-0.7755888866136752,2.8231630082027146,0.05941770647653001,3.9786932528155523,-2.2736636360126594,-0.6887942496921862,-2.273671775986142,-0.6887939674650777,0.05605155474555213,9.166666666666666,3953.502265416667
CUST101238,602675.7,63258.85,615.2,0,44.0,Male,Graduate,Salaried,2023-12-28,1,57,6.62,9.2,4.8,5.1,1,2023,12,28,Thursday,2.0,1,0,0,1,0,0,0,0,0,1,Q3,Low,0,3,3,0.5256295405154124,0.15291640948037974,-0.7209900154323619,-0.46105076495854225,1.7792341044055506,-1.3078972472743347,2.030776369698555,0.13123359580052493,2.5729360660537215,-1.0871859944619235,0.5248651071122615,-1.0871831517838124,0.5248649488627355,0.10496333268455987,9.5,3324.7609449999995
CUST101239,383322.51,178331.7,775.0,0,56.0,Male,Graduate,Self-Employed,2019-07-07,3,41,13.33,8.7,5.0,4.6,0,2019,7,7,Sunday,2.0,1,0,0,0,1,0,0,0,1,0,Q2,Medium,1,1,0,1.688526754045086,-0.42125470953814115,-0.36103727601962654,1.6061517923002253,-0.5628906490901286,-0.9200808411904013,2.6623552418400807,0.06978367062107467,3.651027252705737,-0.07784920354563962,-0.24508162151423957,-0.07784947953507884,-0.2450814711885063,0.4652262659972669,6.833333333333333,4258.07421525
CUST101240,370238.14,213001.41,647.8,0,34.0,Female,Graduate,Self-Employed,2020-09-24,0,45,42.71,8.9,5.4,4.8,0,2020,9,24,Thursday,2.0,0,0,1,0,0,0,0,0,1,0,Q2,No_Missed,0,1,0,-0.44345147075931557,-0.45550389171120353,-0.2525889575053541,-0.03933109432878222,0.022640539283791155,0.7779886089952854,3.7775769088752233,0.022878059940517045,6.535288822997803,0.10282998850374507,-0.3066037356203448,0.10282919344564097,-0.3066035619583222,0.5753092050430029,7.5,13177.392466166668
CUST101241,486551.69,239435.27,664.0,1,36.0,Female,Secondary,Unemployed,2018-10-09,3,49,42.24,8.7,5.0,4.6,0,2018,10,9,Tuesday,1.0,0,0,0,0,1,0,1,0,0,0,Q3,Medium,0,2,1,-0.24963526850436998,-0.1510456745295127,-0.169902725955056,0.17023512236453528,0.608171727657711,0.750824121534861,3.7667659927710075,0.02312673450508788,6.499230723708768,0.22307128054092581,0.16788786298351932,0.2230701945745776,0.16788784139229487,0.4921065426779218,8.166666666666666,17126.619488
CUST101242,659111.66,240605.87,614.6,0,39.0,Female,Secondary,Salaried,2021-07-05,2,48,12.32,9.5,6.1,5.6,0,2021,7,5,Monday,1.0,0,1,0,0,0,0,0,0,0,1,Q4,Low,0,2,1,0.041089034878048415,0.30064117384822203,-0.16624103966887688,-0.4688124766879247,0.46178893056423104,-0.9784555908393988,2.589266665112243,0.07507507507507508,3.509985754956849,0.2281061167326405,0.6704339786848591,0.22810501966026872,0.6704337770026099,0.3650456889201444,8.0,6766.879709333334
CUST101243,283606.67,230676.84,668.72,1,27.0,Female,Secondary,Salaried,2023-01-21,0,49,7.06,9.5,6.1,5.6,0,2023,1,21,Saturday,1.0,0,1,0,0,0,1,0,0,0,0,Q1,No_Missed,0,2,1,-1.1218081786516252,-0.6822673505518042,-0.19729946525068204,0.23129392130234155,0.608171727657711,-1.2824666632688309,2.086913556518537,0.1240694789081886,2.6570660511172846,0.18465877291235627,-0.7908026312778486,0.18465777460345026,-0.7908023352964705,0.813368881627502,8.166666666666666,1668.5525751666664
CUST101244,1163620.97,271856.23,560.6,0,31.0,Male,Graduate,Unemployed,2021-10-15,2,35,25.73,8.9,5.4,4.8,0,2021,10,15,Friday,2.0,1,0,1,0,0,0,1,0,0,0,Q4,Low,0,0,2,-0.734175774141734,1.6212268242231351,-0.06848859250489198,-1.1673665323323144,-1.4411874316510085,-0.20340074648983922,3.2857865301508276,0.03741114852225963,5.07247474118896,0.3547452609183231,1.5459101066518586,0.3547439152891226,1.5459099420941684,0.23362953831950964,5.833333333333333,24949.972965083336
CUST101245,328997.66,273291.33,747.4,0,25.0,Male,Secondary,Salaried,2024-10-23,2,39,50.89,8.9,5.4,4.8,0,2024,10,23,Wednesday,1.0,1,0,1,0,0,0,0,0,1,0,Q2,Low,1,0,0,-1.3156243809065706,-0.5634535073537249,-0.06399953903718669,1.249113052748648,-0.8556562432770887,1.2507662843703338,3.949126093379648,0.01927153594141453,7.133722730804723,0.36023041617897106,-0.5184786303508109,0.3602290611736736,-0.518478387100626,0.8306786437326029,6.5,13952.242431166665
CUST101246,616125.95,109649.38,733.4,0,38.0,Male,Primary,Self-Employed,2024-05-06,2,38,23.57,8.7,5.0,4.6,0,2024,5,6,Monday,0.0,1,0,0,0,1,0,0,1,0,0,Q3,Low,1,0,2,-0.05581906624942438,0.18812330614588463,-0.5758784764697944,1.0680064457297322,-1.0020390403705686,-0.3282417952441307,3.201526186533088,0.0407000407000407,4.854894437575342,-0.5608606141851504,0.5609607022098031,-0.5608592290060184,0.5609605323271097,0.17796585259880712,6.333333333333333,12101.740534583332
CUST101247,464906.72,431302.29,629.5,0,39.0,Male,Post-Graduate,Salaried,2021-03-03,0,37,10.78,8.9,5.4,4.8,0,2021,3,3,Wednesday,3.0,1,0,1,0,0,0,0,0,1,0,Q3,No_Missed,0,0,2,0.041089034878048415,-0.2077027792017645,0.43026542362982045,-0.27606330207493596,-1.1484218374640485,-1.067462634858662,2.4664031782234406,0.08488964346349746,3.283291031876401,0.8435416411298078,0.09033976921936207,0.8435399754634048,0.0903397803829236,0.9277179086591822,6.166666666666667,4176.412034666666
CUST101248,396610.38,276244.91,665.1,0,41.0,Male,Primary,Salaried,2018-04-14,1,35,42.87,9.5,6.1,5.6,0,2018,4,14,Saturday,0.0,1,1,0,0,0,0,0,1,0,0,Q2,Low,0,0,2,0.23490523713299402,-0.3864728529931206,-0.05476061593695366,0.18446492720173613,-1.4411874316510085,0.7872360940881957,3.7812307151781224,0.022794620469569184,6.54751861394834,0.3714357828641955,-0.18505972157827855,0.37143440907681946,-0.18505959498408292,0.6965145743285891,5.833333333333333,14168.905825499998
CUST101249,452268.56,186912.11,644.4,0,21.0,Male,Graduate,Self-Employed,2020-02-05,2,51,59.46,9.2,4.8,5.1,0,2020,2,5,Wednesday,2.0,1,0,0,1,0,0,0,0,0,1,Q3,Low,0,3,1,-1.703256785416462,-0.2407839779275961,-0.33419739080965377,-0.0833141274619472,0.9009373218446709,1.7460847046593513,4.101981989351312,0.016539861065167052,7.7110310594628,-0.030279567768685997,0.04308730381747883,-0.030279988840713055,0.043087335082008356,0.413276814996824,8.5,22409.907148000002
CUST101250,263772.39,96098.35,646.4,0,42.0,Male,Graduate,Self-Employed,2023-11-13,2,43,21.55,8.9,5.4,4.8,0,2023,11,13,Monday,2.0,1,0,1,0,0,0,0,1,0,0,Q1,Low,0,1,0,0.33181333826046683,-0.7341848573932896,-0.6182666711687539,-0.057441755030673516,-0.2701250549031688,-0.4449912945421255,3.1157350659486873,0.044345898004434586,4.642197755374064,-0.6889870733078756,-0.9262543840032286,-0.6889852493691621,-0.9262540832645416,0.36432300590672134,7.166666666666667,4736.91250375
CUST101251,357481.41,175958.98,596.5,0,47.0,Male,Secondary,Salaried,2022-05-16,2,45,39.9,8.9,5.4,4.8,0,2022,5,16,Monday,1.0,1,0,1,0,0,0,0,0,0,1,Q2,Low,0,1,0,0.8163538438978308,-0.48889545505759097,-0.36845924448446765,-0.7029574471909519,0.022640539283791155,0.615579652051045,3.711130063048756,0.02444987775061125,6.316644678941502,-0.09137853660930793,-0.3690766516423556,-0.09137877035990721,-0.36907645553520874,0.4922185464133646,7.5,11886.256882499998
CUST101252,211744.28,32144.15,763.7,0,18.0,Female,Primary,Salaried,2019-04-25,1,49,35.34,9.2,4.8,5.1,0,2019,4,25,Thursday,0.0,0,0,0,1,0,0,1,0,0,0,Q1,Low,1,2,1,-1.9939810887988803,-0.8703717901619387,-0.8183181123814287,1.4599728880635297,0.608171727657711,0.3520263269030966,3.592919062968025,0.0275178866263071,5.94474557908074,-1.7070893280674817,-1.346834078881169,-1.7070878934873326,-1.346833891566849,0.15180646202107562,8.166666666666666,6235.869046000001
CUST101253,327060.78,128383.7,471.25800000000004,1,42.0,Female,Primary,Self-Employed,2023-08-23,0,51,23.74,8.7,5.0,4.6,0,2023,8,23,Wednesday,0.0,0,0,0,0,1,0,0,1,0,0,Q2,No_Missed,0,3,1,0.33181333826046683,-0.5685234156463946,-0.5172767315313941,-2.3231112812097416,0.9009373218446709,-0.31841634233291344,3.208421366964342,0.04042037186742118,4.872371086031933,-0.4060543163343657,-0.5291816168764203,-0.40605348081803944,-0.5291813706665097,0.39253774176163825,8.5,6470.352430999999
CUST101254,342262.47,80981.32,588.2,0,52.0,Male,Graduate,Salaried,2023-05-18,0,36,17.15,9.2,4.8,5.1,0,2023,5,18,Thursday,2.0,1,0,0,1,0,1,0,0,0,0,Q2,No_Missed,0,0,2,1.3008943495351948,-0.5287320118456447,-0.6655533800691114,-0.8103277927807372,-1.2948046345575286,-0.6992971345971638,2.8986705607108596,0.05509641873278237,4.141255848169731,-0.8534260018696359,-0.44709949132620896,-0.8534236713238503,-0.4470992693196414,0.23660590072875945,6.0,4891.501133749999
CUST101255,704238.07,1021412.65,693.9,0,25.0,Female,Graduate,Self-Employed,2023-11-13,1,41,55.01,9.2,4.8,5.1,0,2023,11,13,Monday,2.0,0,0,0,1,0,0,0,1,0,0,Q4,Low,0,1,0,-1.3156243809065706,0.41876246183582105,2.2761555761535077,0.5570270902120767,-0.5628906490901286,1.4888890255127785,4.025530246221741,0.017853954650955187,7.416872656315463,1.8011337980750997,0.7767425856494252,1.8011350631882614,0.7767423588104504,1.4503797700115817,6.833333333333333,32283.446858916664
CUST101256,191864.5,289512.77,684.1,0,56.0,Female,Graduate,Salaried,2024-05-29,0,52,22.77,9.2,4.8,5.1,1,2024,5,29,Wednesday,2.0,0,0,0,1,0,0,0,1,0,0,Q1,No_Missed,0,3,1,1.688526754045086,-0.9224083961873264,-0.013258188968779418,0.4302524652988362,1.047320118938151,-0.3744792207086831,3.1684242813721024,0.04206983592763988,4.7717921161760595,0.42043832713436496,-1.5406122751794484,0.42043687716777917,-1.540612223936481,1.5089439161491573,8.666666666666666,3640.6288875
CUST101257,345778.99,263309.43,530.6,0,43.0,Male,Post-Graduate,Self-Employed,2023-09-04,1,57,14.01,9.2,4.8,5.1,0,2023,9,4,Monday,3.0,1,0,0,1,0,1,0,0,0,0,Q2,Low,0,3,3,0.4287214393879396,-0.5195272939956284,-0.09522334421402893,-1.5554521188014199,1.7792341044055506,-0.8807790295455319,2.7087166456453704,0.06662225183211193,3.7429934544425802,0.32151053493211784,-0.4287167366208704,0.32150924864109015,-0.4287165204809964,0.7614963245742605,9.5,4036.96970825
CUST101258,499329.81,137402.51,598.5,0,30.0,Male,Graduate,Unemployed,2021-07-19,0,55,15.7,9.2,4.8,5.1,0,2021,7,19,Monday,2.0,1,0,0,1,0,1,0,0,0,0,Q3,No_Missed,0,3,3,-0.8310838752692068,-0.11759812147886894,-0.48906551258841174,-0.6770850747596782,1.4864685102185908,-0.783102468251665,2.8154087194227095,0.059880239520958084,3.96232255123179,-0.3388823501374461,0.21180326239551808,-0.33888175253838876,0.21180322251189324,0.275173857535163,9.166666666666666,6532.8983474999995
CUST101259,488682.82,524675.56,514.1,1,37.0,Male,Secondary,Self-Employed,2022-03-09,1,49,31.91,8.7,5.0,4.6,0,2022,3,9,Wednesday,1.0,1,0,0,0,1,0,0,0,1,0,Q3,Low,0,2,1,-0.15272716737689718,-0.14546730433633728,0.7223409594701599,-1.7688991913594279,0.608171727657711,0.15378336522382804,3.4937765629552486,0.03038590094196293,5.64889369699944,1.0560361105229124,0.1753048823193212,1.0560346652298003,0.17530485762236717,1.0736525585245662,8.166666666666666,12994.890655166668
CUST101260,471554.48,291407.31,849.0,0,44.0,Female,Secondary,Salaried,2021-04-04,1,52,16.66,9.2,4.8,5.1,1,2021,4,4,Sunday,1.0,0,0,0,1,0,0,1,0,0,0,Q3,Low,1,3,1,0.5256295405154124,-0.19030183874511297,-0.007331987758615633,2.563429572257352,1.047320118938151,-0.727617557694202,2.8713021951758138,0.056625141562853906,4.08166632639171,0.4272647045135689,0.1145975404821491,0.42726324471588023,0.11459754135525438,0.6179716710569689,8.666666666666666,6546.748030666667
CUST101261,549533.83,334296.09,621.0,0,39.0,Female,Graduate,Self-Employed,2020-07-27,2,47,34.01,9.2,4.8,5.1,0,2020,7,27,Monday,2.0,0,0,0,1,0,0,1,0,0,0,Q3,Low,0,2,1,0.041089034878048415,0.01381413809496351,0.1268259291702702,-0.38602088490784914,0.3154061334707511,0.27515660706827794,3.555633734966574,0.028563267637817767,5.831809324729333,0.571709531043593,0.37246506035193333,0.5717079098732545,0.37246495641340116,0.6083266793602135,7.833333333333333,15574.704631916664
CUST101262,401010.96,338984.9,595.9,0,44.0,Male,Secondary,Salaried,2020-02-01,3,48,13.03,8.9,5.4,4.8,0,2020,2,1,Saturday,1.0,1,0,1,0,0,0,0,0,0,1,Q2,Medium,0,2,1,0.5256295405154124,-0.37495405108770713,0.14149272506596433,-0.7107191589203343,0.46178893056423104,-0.9374198757396085,2.6411978941143697,0.07127583749109052,3.609709129556009,0.5864419620115247,-0.16569735453641227,0.5864403295439305,-0.1656972357668101,0.8453257736397031,8.0,4354.310674
CUST101263,397303.61,234519.38,610.0,0,28.0,Male,Primary,Salaried,2019-10-16,2,35,34.82,8.7,5.0,4.6,1,2019,10,16,Wednesday,0.0,1,0,0,0,1,0,0,0,0,1,Q2,Low,0,0,2,-1.0249000775241524,-0.3846582787677027,-0.18527983769037557,-0.5283189332798545,-1.4411874316510085,0.3219720003511374,3.578506396632566,0.027917364600781685,5.900847396772772,0.20167511372227098,-0.18199295973325266,0.20167407594930126,-0.18199283437337824,0.5902774958425372,5.833333333333333,11528.426416833332
CUST101264,336881.54,244814.88,589.7,0,40.0,Male,Graduate,Unemployed,2022-07-28,0,34,13.27,8.9,5.4,4.8,0,2022,7,28,Thursday,2.0,1,0,1,0,0,0,0,0,1,0,Q2,No_Missed,0,0,2,0.13799713600552121,-0.5428169430903661,-0.1530750784563441,-0.7909235134572818,-1.5875702287444884,-0.9235486481002428,2.658159431488745,0.0700770847932726,3.642801120017397,0.2460234485013277,-0.4756592023841003,0.2460223126415017,-0.47565897157472675,0.7267090978033407,5.666666666666667,3725.3483631666663
CUST101265,745747.89,458560.57,635.4,0,22.0,Male,Secondary,Self-Employed,2024-12-13,3,39,58.99,8.9,5.4,4.8,0,2024,12,13,Friday,1.0,1,0,1,0,0,0,0,0,1,0,Q4,Medium,0,0,0,-1.6063486842889891,0.5274170922957538,0.5155304757918151,-0.19973980340267883,-0.8556562432770887,1.7189202171989268,4.094177881665002,0.01666944490748458,7.68049477572897,0.9096710267694101,0.8677410907128905,0.9096694048550596,0.8677408474819518,0.6149002580483331,6.5,36659.72335925
CUST101266,342495.78,189109.66,748.8,0,37.0,Male,Post-Graduate,Self-Employed,2023-04-16,0,46,23.51,9.5,6.1,5.6,0,2023,4,16,Sunday,3.0,1,1,0,0,0,0,0,0,0,1,Q2,No_Missed,1,2,1,-0.15272716737689718,-0.5281213078764968,-0.32732336150998437,1.2672237134505393,0.16902333637727113,-0.33170960215397205,3.1990811975400213,0.04079967360261118,4.848711168960263,-0.018422697031385032,-0.4458730445557619,-0.01842315339288702,-0.4458728229358171,0.5521517958557036,7.666666666666667,6710.0631565
CUST101267,510741.53,178624.91,657.8,0,28.0,Female,Graduate,Salaried,2021-01-31,0,39,12.9,9.5,6.1,5.6,0,2021,1,31,Sunday,2.0,0,1,0,0,0,0,0,0,1,0,Q3,No_Missed,0,0,0,-1.0249000775241524,-0.08772720853556479,-0.36012010274440825,0.09003076782758625,-0.8556562432770887,-0.9449334573775984,2.631888840136646,0.07194244604316546,3.591656999213594,-0.07618892488166411,0.2499288489288205,-0.07618920602569954,0.2499287933847706,0.34973641168361613,6.5,5490.4714475
CUST101268,218530.28,103279.29,539.0,0,39.0,Female,Primary,Salaried,2023-04-10,1,58,13.8,9.2,4.8,5.1,0,2023,4,10,Monday,0.0,0,0,0,1,0,0,0,0,1,0,Q1,Low,0,3,3,0.041089034878048415,-0.852608997591383,-0.5958043872802564,-1.4467881545900707,1.9256169014990308,-0.8929163537299768,2.6946271807700692,0.06756756756756756,3.714835124201342,-0.6191427808458986,-1.285499488018191,-0.6191411929576984,-1.2854992698622862,0.4726086014258527,9.666666666666666,2513.0982200000003
CUST101269,817019.1,283901.94,558.2,1,39.0,Male,Post-Graduate,Salaried,2019-07-29,1,36,55.71,9.2,4.8,5.1,0,2019,7,29,Monday,3.0,1,0,0,1,0,0,0,0,1,0,Q4,Low,0,0,2,0.041089034878048415,0.7139740801357939,-0.030809102402131968,-1.1984133792498426,-1.2948046345575286,1.5293467727942618,4.037950562025936,0.01763357432551578,7.463913182774837,0.3999754466371339,1.0109898898503982,0.39997402729220277,1.0109896317572225,0.3474850710344471,6.0,37930.1117175
CUST101270,321050.32,123979.39,664.0,0,50.0,Female,Secondary,Self-Employed,2024-05-30,0,49,18.33,9.5,6.1,5.6,0,2024,5,30,Thursday,1.0,0,1,0,0,0,0,0,0,1,0,Q2,No_Missed,0,2,1,1.1070781472802491,-0.584256182259071,-0.5310535994000782,0.17023512236453528,0.608171727657711,-0.631096932036949,2.9616582932202395,0.051733057423693746,4.281354925721529,-0.4404653473020067,-0.56287129991515,-0.4404643892277801,-0.5628710448028024,0.38616809352502746,8.166666666666666,4904.043637999999
CUST101271,551368.82,168885.41,583.4,0,45.0,Male,Secondary,Self-Employed,2021-08-22,2,39,20.02,8.9,5.4,4.8,0,2021,8,22,Sunday,1.0,1,0,1,0,0,1,0,0,0,0,Q3,Low,0,0,0,0.6225376416428852,0.0186173427426269,-0.39058567047398424,-0.8724214866157949,-0.8556562432770887,-0.533420370743082,3.045474365448805,0.04757373929590866,4.474371464239419,-0.13274145979253507,0.378009577381665,-0.13274156191975228,0.3780094713392317,0.3063020683686829,6.5,9198.669813666666
CUST101272,385246.06,340876.12,634.7,0,26.0,Male,Secondary,Salaried,2021-07-01,1,47,16.93,8.7,5.0,4.6,0,2021,7,1,Thursday,1.0,1,0,0,0,1,0,1,0,0,0,Q2,Low,0,2,1,-1.218716279779098,-0.4162196933800079,0.14740854117577776,-0.20879513375362374,0.3154061334707511,-0.7120124265999156,2.8864752876170416,0.055772448410485224,4.114608122288197,0.5923307780676306,-0.23624390557375555,0.592329141359155,-0.23624375868752703,0.8848270115987689,7.833333333333333,5435.179829833333
CUST101273,547905.87,138927.8,849.0,0,35.0,Male,Primary,Self-Employed,2021-04-18,0,51,31.39,9.5,6.1,5.6,0,2021,4,18,Sunday,0.0,1,1,0,0,0,0,0,1,0,0,Q3,No_Missed,1,3,1,-0.3465433696318428,0.009552847821877578,-0.4842943409879965,2.563429572257352,0.9009373218446709,0.123729038671869,3.477849733183238,0.030873726458783574,5.602677931132576,-0.3279285977842121,0.3675279900630101,-0.32792803870184334,0.3675278880049466,0.2535614374783026,8.5,14332.30438275
CUST101274,564610.91,305177.08,569.5,1,51.0,Male,Secondary,Salaried,2018-02-09,3,31,21.55,9.2,4.8,5.1,0,2018,2,9,Friday,1.0,1,0,0,1,0,0,0,0,0,1,Q3,Medium,0,0,2,1.203986248407722,0.053279367185690686,0.03574043490740251,-1.0522344750131467,-2.0267186200249285,-0.4449912945421255,3.1157350659486873,0.044345898004434586,4.642197755374064,0.47567691709111515,0.4173938240001055,0.4756753931756972,0.4173937032664332,0.5405086486904761,5.166666666666667,10139.470925416668
CUST101275,288421.58,274932.78,534.3,0,40.0,Female,Primary,Salaried,2019-06-04,1,51,35.01,9.2,4.8,5.1,1,2019,6,4,Tuesday,0.0,0,0,0,1,0,0,0,0,1,0,Q1,Low,0,3,1,0.13799713600552121,-0.6696640131548258,-0.05886501404620022,-1.5075882298035643,0.9009373218446709,0.33295338889896847,3.583796677660784,0.027770063871146906,5.9169248769948055,0.36647158722145384,-0.759583532178674,0.3664702216931233,-0.7595832395473973,0.9532323482868377,8.5,8414.6995965
CUST101276,158533.23,136103.58,590.8,0,64.0,Male,Secondary,Salaried,2022-06-28,0,55,36.49,8.9,5.4,4.8,0,2022,6,28,Tuesday,1.0,1,0,1,0,0,0,0,0,1,0,Q1,No_Missed,0,3,3,2.463791563064868,-1.009655144658176,-0.4931286205396391,-0.7766937086200825,1.4864685102185908,0.4184926260083906,3.6240742307478206,0.026673779674579887,6.040695324215583,-0.34829986749134373,-1.924820487899754,-0.34829923670172946,-1.924820912960431,0.8585176748117728,9.166666666666666,4820.73130225
CUST101277,806176.77,613952.39,506.1,1,42.0,Female,Secondary,Salaried,2024-04-02,0,51,3.58,9.5,6.1,5.6,0,2024,4,2,Tuesday,1.0,0,1,0,0,0,1,0,0,0,0,Q4,No_Missed,0,3,1,0.33181333826046683,0.6855935822325354,1.001602657816773,-1.8723886810845225,0.9009373218446709,-1.4835994640396337,1.5216989981260935,0.2183406113537118,1.8920887928424501,1.228595512347553,0.9901588154464578,1.2285944207603892,0.990158558620885,0.7615605073810301,8.5,2405.0940305
CUST101278,2457149.8175999983,1062422.39,752.9,0,40.0,Male,Graduate,Salaried,2019-04-08,1,41,38.96,9.2,4.8,5.1,0,2019,4,8,Monday,2.0,1,0,0,1,0,1,0,0,0,0,Q4,Low,1,1,0,0.13799713600552121,5.007121991324325,2.4044357765274795,1.3202620769346507,-0.5628906490901286,0.561250677130196,3.687878953780353,0.025025025025025023,6.241794613730894,1.8462882140644676,2.5782138696822097,1.8462897446303042,2.5782148248841006,0.4323799804106827,6.833333333333333,79775.46407807995
CUST101279,541665.16,496188.3,672.02,1,35.0,Male,Graduate,Unemployed,2021-06-05,0,50,45.87,9.2,4.8,5.1,0,2021,6,5,Saturday,2.0,1,0,0,1,0,0,0,0,1,0,Q3,No_Missed,0,3,1,-0.3465433696318428,-0.006782613012633436,0.6332316059140182,0.2739833358139426,0.754554524751191,0.9606264395802672,3.847377811934615,0.02133560913164071,6.772739475278818,0.9951997627684885,0.3484422184763001,0.9951982305421929,0.34844212374859407,0.9160424864689469,8.333333333333334,20705.150741
CUST101280,647222.42,819169.38,572.1,1,39.0,Male,Secondary,Salaried,2023-01-23,1,41,18.99,9.5,6.1,5.6,0,2023,1,23,Monday,1.0,1,1,0,0,0,0,1,0,0,0,Q3,Low,0,1,0,0.041089034878048415,0.26952032151377564,1.643530077920958,-1.0186003908524908,-0.5628906490901286,-0.5929510560286932,2.995232148512309,0.05002501250625313,4.357751713900185,1.550379998310347,0.6410071703448721,1.5503800029572652,0.6410069766617614,1.265669041563795,6.833333333333333,10242.2947965
CUST101281,344054.11,246317.6,543.3,0,36.0,Male,Secondary,Unemployed,2019-04-28,0,43,25.07,8.7,5.0,4.6,0,2019,4,28,Sunday,1.0,1,0,0,0,1,0,1,0,0,0,Q2,No_Missed,0,1,0,-0.24963526850436998,-0.5240422786182485,-0.1483745067700575,-1.3911625538628327,-0.2701250549031688,-0.24154662249809494,3.2607852279454104,0.038358266206367474,5.006995106848018,0.25235116946959296,-0.4377062382304827,0.2523500201882993,-0.43770601920258423,0.7159269220762978,7.166666666666667,7187.863781416665
CUST101282,587966.06,278488.86,514.7,0,46.0,Female,Secondary,Salaried,2024-10-13,0,47,23.09,9.2,4.8,5.1,0,2024,10,13,Sunday,1.0,0,0,0,1,0,0,0,1,0,0,Q3,No_Missed,0,2,1,0.719445742770358,0.11441297828268647,-0.04774144547576137,-1.7611374796300454,0.3154061334707511,-0.35598425052286214,3.18179681662678,0.04151100041511,4.805205510693585,0.3798748437546897,0.4842983022112522,0.37987345615366147,0.48429815764282313,0.47364784967349977,7.833333333333333,11313.446937833334
CUST101283,293261.17,55965.44,645.6,0,49.0,Male,Secondary,Unemployed,2018-12-09,0,52,31.68,8.7,5.0,4.6,0,2018,12,9,Sunday,1.0,1,0,0,0,1,0,0,0,1,0,Q1,No_Missed,0,3,1,1.0101700461527763,-0.6569960742664476,-0.7438041102354386,-0.0677907040031824,1.047320118938151,0.14049010540276918,3.486763269991802,0.030599755201958383,5.628498911788116,-1.2015990790302165,-0.728810970911181,-1.2015961249771223,-0.7288106823378643,0.19083822109827908,8.666666666666666,7742.094887999999
CUST101284,547516.88,63895.54,589.9,0,29.0,Male,Graduate,Salaried,2021-04-11,2,41,13.28,9.2,4.8,5.1,0,2021,4,11,Sunday,2.0,1,0,0,1,0,0,1,0,0,0,Q3,Low,0,1,0,-0.9279919763966795,0.008534641414270698,-0.7189984221968011,-0.7883362762141554,-0.5628906490901286,-0.922970680281936,2.658859956911438,0.0700280112044818,3.6441734316577197,-1.077788063769924,0.3663457781403061,-1.0777852350315482,0.3663456765335122,0.1167005846468149,6.833333333333333,6059.186805333334
CUST101285,447233.68,271676.88,505.6,0,23.0,Male,Graduate,Unemployed,2022-01-02,0,45,6.63,8.9,5.4,4.8,0,2022,1,2,Sunday,2.0,1,0,1,0,0,0,0,0,1,0,Q2,No_Missed,0,1,0,-1.5094405831615163,-0.2539631009835406,-0.06904960688676977,-1.878856774192341,0.022640539283791155,-1.3073192794560278,2.0320878452963655,0.1310615989515072,2.5748786379167465,0.3540578714810566,0.023831780490304672,0.35405652703525464,0.023831819950423754,0.6074606903487233,7.5,2470.966082
CUST101286,350679.39,147284.17,620.2,0,18.0,Male,Secondary,Salaried,2021-04-17,2,50,38.63,8.9,5.4,4.8,0,2021,4,17,Saturday,1.0,1,0,1,0,0,1,0,0,0,0,Q2,Low,0,3,1,-1.9939810887988803,-0.506700181011138,-0.4581552623691354,-0.396369833880358,0.754554524751191,0.5421777391260683,3.679586407202344,0.025233409033560434,6.215303693304134,-0.26982929308160364,-0.40346012553275007,-0.2698289363605234,-0.4034599176962645,0.41999665278304493,8.333333333333334,11288.95402975
CUST101287,453996.92,467359.74,679.3,0,44.0,Male,Secondary,Self-Employed,2022-06-10,1,37,15.54,9.2,4.8,5.1,0,2022,6,10,Friday,1.0,1,0,0,1,0,0,1,0,0,0,Q3,Low,0,0,2,0.5256295405154124,-0.23625988418058086,0.543054651529692,0.36815877146377846,-1.1484218374640485,-0.7923499533445755,2.805781689595545,0.060459492140266025,3.9420806688854046,0.9302401470537239,0.04963971959657644,0.9302385432724873,0.04963974807182017,1.0294337239116071,6.166666666666667,5879.260114
CUST101288,247618.27,135121.47,614.6,0,26.0,Male,Primary,Unemployed,2023-12-21,2,45,36.73,8.9,5.4,4.8,0,2023,12,21,Thursday,0.0,1,0,1,0,0,0,0,1,0,0,Q1,Low,0,1,0,-1.218716279779098,-0.776469308133028,-0.49620070213755413,-0.4688124766879247,0.022640539283791155,0.43236385364775604,3.6304555339762192,0.0265041081367612,6.060528029800704,-0.3554759209353843,-1.045663693307446,-0.3554752648116394,-1.0456634032229721,0.5456845732748234,7.5,7579.182547583332
CUST101289,524380.04,158668.83,697.9,0,18.0,Female,Graduate,Salaried,2024-07-26,1,50,36.43,8.9,5.4,4.8,0,2024,7,26,Friday,2.0,0,0,1,0,0,0,0,0,1,0,Q3,Low,0,3,1,-1.9939810887988803,-0.052027529180797734,-0.4225435646117358,0.6087718350746241,0.754554524751191,0.41502481909854905,3.6224725219163374,0.026716537536735238,6.035726965329031,-0.19541522156754823,0.29421144738887633,-0.19541511778106102,0.2942113739758605,0.3025836566929587,8.333333333333334,15919.304047666668
CUST101290,555182.49,156085.32,785.9,0,42.0,Male,Primary,Salaried,2024-12-28,0,35,34.4,8.7,5.0,4.6,0,2024,12,28,Saturday,0.0,1,0,0,0,1,0,0,0,1,0,Q3,No_Missed,1,0,2,0.33181333826046683,0.028599869878281444,-0.43062489310755553,1.7471562220506667,-1.4411874316510085,0.2976973519822473,3.5667118201397288,0.02824858757062147,5.865151319446072,-0.21185673944826347,0.38946425132070006,-0.21185658049381226,0.3894641409588841,0.2811423681607826,5.833333333333333,15915.231379999997
CUST101291,242019.81,381420.4,715.2,0,65.0,Male,Post-Graduate,Salaried,2023-11-02,2,56,47.19,8.7,5.0,4.6,1,2023,11,2,Thursday,3.0,1,0,0,0,1,1,0,0,0,0,Q1,Low,1,3,3,2.560699664192341,-0.7911236381793812,0.27423276299280047,0.8325678566051424,1.6328513073120707,1.0369181915967787,3.8751515306522415,0.020751193193608634,6.869497798238238,0.7117888856317699,-1.0891828045001384,0.7117871975031298,-1.0891825221733376,1.5759883457474,9.333333333333334,9517.42902825
CUST101292,1010740.67,350796.13,667.3,0,38.0,Male,Graduate,Unemployed,2020-09-19,1,41,14.27,9.5,6.1,5.6,0,2020,9,19,Saturday,2.0,1,1,0,0,0,1,0,0,0,0,Q4,Low,0,1,0,-0.05581906624942438,1.221052781042422,0.17843875181626967,0.2129245368761363,-0.5628906490901286,-0.8657518662695524,2.725890119230541,0.06548788474132286,3.7775653535048206,0.6227312614211233,1.336607153700177,0.6227296053361554,1.3366069211473388,0.34706838303043647,6.833333333333333,12019.391134083335
CUST101293,1282143.59,432452.02,715.0,0,47.0,Male,Secondary,Salaried,2024-07-18,0,36,33.85,8.9,5.4,4.8,1,2024,7,18,Thursday,1.0,1,0,1,0,0,1,0,0,0,0,Q4,No_Missed,1,0,2,0.8163538438978308,1.9314674245736794,0.43386182767373715,0.8299806193620145,-1.2948046345575286,0.26590912197536765,3.551053137206533,0.028694404591104734,5.818075283115543,0.8464082928773463,1.6872209856692821,0.8464066286511227,1.6872208932332908,0.3372882907756065,6.0,36167.133767916675
CUST101294,436102.48,142097.73,828.2,0,39.0,Male,Graduate,Salaried,2021-04-04,2,45,34.65,8.9,5.4,4.8,0,2021,4,4,Sunday,2.0,1,0,1,0,0,1,0,0,0,0,Q2,Low,1,1,0,0.041089034878048415,-0.28309973473853167,-0.47437866594173994,2.294356898972106,0.022640539283791155,0.3121465474399199,3.573749146860305,0.028050490883590466,5.886425061104575,-0.30551658880919996,-0.019650953059188923,-0.3055161082030928,-0.019650895126254342,0.3258356384490178,7.5,12592.459109999998
CUST101295,232431.73,115742.23,534.7,0,37.0,Male,Post-Graduate,Salaried,2024-05-29,3,49,22.88,8.9,5.4,4.8,0,2024,5,29,Wednesday,3.0,1,0,1,0,0,0,0,0,1,0,Q1,Medium,0,2,1,-0.15272716737689718,-0.8162210558318854,-0.5568197840994319,-1.5024137553173085,0.608171727657711,-0.3681215747073072,3.1730412885244013,0.04187604690117253,4.7833042972405595,-0.5079845251012173,-1.1665134178888334,-0.5079833266855769,-1.166513154907231,0.49796226186502157,8.166666666666666,4431.698318666667
CUST101296,1050585.54,148211.83,700.6,0,48.0,Male,Graduate,Salaried,2022-05-23,1,33,14.46,9.5,6.1,5.6,0,2022,5,23,Monday,2.0,1,1,0,0,0,1,0,0,0,0,Q4,Low,1,0,2,0.9132619450253036,1.3253492975191028,-0.45525350267305065,0.6436995378568442,-1.7339530258379685,-0.8547704777217211,2.738256043159276,0.0646830530401035,3.8026306683663087,-0.2635694357887483,1.3945496564910353,-0.2635691006439269,1.3945494383751855,0.14107545207599181,5.5,12659.555757
CUST101297,194079.11,32032.11,570.2,1,35.0,Male,Secondary,Salaried,2021-04-08,0,52,26.58,8.7,5.0,4.6,0,2021,4,8,Thursday,1.0,1,0,0,0,1,0,0,0,1,0,Q1,No_Missed,0,3,1,-0.3465433696318428,-0.9166115117112466,-0.8186685782378302,-1.0431791446622003,1.047320118938151,-0.15427348193375243,3.3170908723651555,0.03625815808556926,5.155579501860096,-1.710208989189002,-1.5178916772332012,-1.7102075786031472,-1.5178916067952024,0.1650466657642855,8.666666666666666,4298.8522864999995
CUST101298,501676.11,186160.0,669.3,0,39.0,Male,Secondary,Salaried,2019-08-21,0,46,10.82,9.2,4.8,5.1,0,2019,8,21,Wednesday,1.0,1,0,0,1,0,0,0,0,1,0,Q3,No_Missed,0,2,1,0.041089034878048415,-0.11145652993623785,-0.3365500226845027,0.23879690930741,0.16902333637727113,-1.0651507635854345,2.469793011977952,0.08460236886632826,3.2893768406797053,-0.03436730947636642,0.21972449576270384,-0.03436771829913003,0.21972445260680543,0.3710760713720253,7.666666666666667,4523.4462585
CUST101299,315486.26,271984.28,544.2,1,42.0,Male,Graduate,Self-Employed,2019-10-07,1,49,3.53,8.9,5.4,4.8,0,2019,10,7,Monday,2.0,1,0,1,0,0,1,0,0,0,0,Q2,Low,0,2,1,0.33181333826046683,-0.5988204680872653,-0.06808804669168045,-1.3795199862687584,0.608171727657711,-1.4864893031311681,1.5107219394949427,0.22075055187637974,1.8788294228055935,0.3552357768614081,-0.594721056271308,0.35523443038888813,-0.5947207933479922,0.8621113325188869,8.166666666666666,928.0554148333333
CUST101300,457839.58,137878.05,710.5,0,31.0,Male,Graduate,Salaried,2019-03-24,2,36,27.92,9.2,4.8,5.1,0,2019,3,24,Sunday,2.0,1,0,0,1,0,1,0,0,0,0,Q3,Low,1,0,2,-0.734175774141734,-0.2262014738506115,-0.48757800336533846,0.7717677813916487,-1.2948046345575286,-0.07682579428062696,3.3645333972905638,0.03457814661134163,5.2839379254491625,-0.33545523816063705,0.06410403480072563,-0.3354546526228941,0.06410405711972579,0.3011492584367651,6.0,10652.400894666667
CUST101301,215467.94,79198.56,672.4,0,49.0,Female,Graduate,Salaried,2024-12-24,3,50,39.88,9.2,4.8,5.1,0,2024,12,24,Tuesday,2.0,0,0,0,1,0,1,0,0,0,0,Q1,Medium,0,3,1,1.0101700461527763,-0.8606248700052521,-0.6711299287138651,0.2788990865758845,0.754554524751191,0.6144237164144314,3.7106409458954492,0.02446183953033268,6.315061361538778,-0.8746649590358275,-1.312899097483745,-0.874662570014013,-1.3128988924258558,0.36756540207327365,8.333333333333334,7160.717872666668
CUST101302,664836.85,221872.66,770.0,0,36.0,Male,Post-Graduate,Salaried,2020-02-03,2,46,36.49,9.2,4.8,5.1,1,2020,2,3,Monday,3.0,1,0,0,1,0,1,0,0,0,0,Q4,Low,1,2,1,-0.24963526850436998,0.31562722784129876,-0.22483931248035274,1.5414708612220411,0.16902333637727113,0.4184926260083906,3.6240742307478206,0.026673779674579887,6.040695324215583,0.1446562272602844,0.6843842800703339,0.14465532558302593,0.6843840747460795,0.3337249732772785,7.666666666666667,20216.580547083333
CUST101303,261620.75,93534.64,628.3,0,30.0,Male,Post-Graduate,Salaried,2020-01-05,1,42,21.02,9.5,6.1,5.6,0,2020,1,5,Sunday,3.0,1,1,0,0,0,0,0,0,0,1,Q1,Low,0,1,0,-0.8310838752692068,-0.7398169138339779,-0.6262860644275444,-0.29158672553370074,-0.41650785199664875,-0.4756235889123915,3.091951131294534,0.045413260672116255,4.58475735453906,-0.715101117325277,-0.9416594490033094,-0.7150992076957772,-0.9416591488104794,0.3575199597126757,7.0,4582.7234708333335
CUST101304,840236.95,156771.48,625.8,0,44.0,Male,Post-Graduate,Self-Employed,2022-07-01,1,44,37.52,9.5,6.1,5.6,0,2022,7,1,Friday,3.0,1,1,0,0,0,0,0,0,1,0,Q4,Low,0,1,0,0.5256295405154124,0.7747482996294979,-0.4284785556206901,-0.3239271910727929,-0.12374225780968881,0.4780233112940019,3.651177586929925,0.025960539979231565,6.125357132445422,-0.20746550726476148,1.0545331662862905,-0.2074653630877203,1.0545329065844211,0.18658008315392463,7.333333333333333,26271.40863666667
CUST101305,265617.94,42255.22,626.6,0,28.0,Male,Primary,Salaried,2024-04-16,0,42,41.47,8.9,5.4,4.8,0,2024,4,16,Tuesday,0.0,1,0,1,0,0,0,0,0,0,1,Q1,No_Missed,0,1,0,-1.0249000775241524,-0.729354011264703,-0.786690257984028,-0.3135782421002825,-0.41650785199664875,0.7063205995252291,3.74879794432518,0.02354603249352484,6.439720490828775,-1.4602820737285231,-0.913157131427852,-1.460279389215471,-0.9131568304084431,0.15908270352522122,7.0,9179.313309833335
CUST101306,756431.18,350820.65,846.9,0,39.0,Male,Graduate,Self-Employed,2019-08-24,1,51,31.43,8.9,5.4,4.8,0,2019,8,24,Saturday,2.0,1,0,1,0,0,0,0,1,0,0,Q4,Low,1,3,1,0.041089034878048415,0.5553812927438959,0.17851545141283312,2.5362635812045142,0.9009373218446709,0.12604090994509656,3.4790839203192268,0.030835646006783842,5.606246516163912,0.6228054108227428,0.8902076835121197,0.6228037546956967,0.8902074370300289,0.46378396247494713,8.5,19812.193322833336
CUST101307,280118.87,86605.37,700.7,0,38.0,Female,Graduate,Salaried,2023-12-13,1,37,25.42,8.7,5.0,4.6,0,2023,12,13,Wednesday,2.0,0,0,0,0,1,1,0,0,0,0,Q1,Low,1,0,2,-0.05581906624942438,-0.6913968919499156,-0.6479611139168939,0.6449931564784082,-1.1484218374640485,-0.2213177488573532,3.2741212990941793,0.037850113550340646,5.041825066382213,-0.789157620642927,-0.8138055504536271,-0.7891554778475404,-0.8138052525176414,0.3091736376060634,6.166666666666667,5933.851396166668
CUST101308,315516.0,147073.86,757.6,0,50.0,Female,Graduate,Salaried,2023-12-01,1,41,7.24,8.9,5.4,4.8,0,2023,12,1,Friday,2.0,0,0,1,0,0,1,0,0,0,0,Q2,Low,1,1,0,1.1070781472802491,-0.5987426217195895,-0.4588131209398226,1.3810621521481445,-0.5628906490901286,-1.2720632425393064,2.1090003439213802,0.12135922330097088,2.6907248094147422,-0.271253554557604,-0.5945490817580392,-0.27125319292060757,-0.5945488188752555,0.46613756513140375,6.833333333333333,1903.6132000000002
CUST101309,441964.42,300146.53,707.9,0,43.0,Male,Graduate,Self-Employed,2020-09-07,4,47,40.92,8.9,5.4,4.8,0,2020,9,7,Monday,2.0,1,0,1,0,0,0,0,1,0,0,Q2,Medium,1,2,1,0.4287214393879396,-0.2677557288026279,0.020004661844923124,0.7381336972309926,0.3154061334707511,0.6745323695183495,3.735763040012787,0.023854961832061067,6.396874236687791,0.45822989488864485,0.0034072581426196976,0.45822839293947676,0.0034073062884011915,0.6791192150716567,7.833333333333333,15070.986722
CUST101310,277517.79,245305.48,720.6,1,38.0,Male,Secondary,Salaried,2022-11-18,1,44,26.1,8.9,5.4,4.8,0,2022,11,18,Friday,1.0,1,0,1,0,0,1,0,0,0,0,Q1,Low,1,1,0,-0.05581906624942438,-0.6982053865711093,-0.15154046091662132,0.9024232621695811,-0.12374225780968881,-0.18201593721248369,3.299533727885655,0.03690036900369004,5.10881590977792,0.24809324337999641,-0.8311788521547752,0.24809210311401955,-0.8311785530409052,0.8839270448211627,7.333333333333333,6036.0119325
CUST101311,273059.04,42491.34,532.0,1,47.0,Male,Graduate,Self-Employed,2024-01-07,2,30,31.11,8.9,5.4,4.8,0,2024,1,7,Sunday,2.0,1,0,1,0,0,0,1,0,0,0,Q1,Low,0,0,2,0.8163538438978308,-0.7098764522024039,-0.7859516646422439,-1.5373414580995286,-2.173101417118408,0.1075459397592756,3.4691675081014224,0.03114294612270321,5.577633906953737,-1.4552029213477886,-0.8614063962472671,-1.4552002227902507,-0.8614060957150991,0.15561228077268563,5.0,7079.055611999999
CUST101312,279291.77,148023.24,605.2,0,53.0,Female,Graduate,Salaried,2024-07-18,2,42,15.36,9.2,4.8,5.1,0,2024,7,18,Thursday,2.0,0,0,0,1,0,0,0,0,0,1,Q1,Low,0,1,0,1.3978024506626676,-0.6935618795324541,-0.4558434201655421,-0.5904126271149107,-0.41650785199664875,-0.8027533740740997,2.794839331174601,0.06112469437652812,3.919183588453085,-0.2648390917605639,-0.8193094997149295,-0.26483875224352793,-0.8193092013776438,0.529994994123887,7.0,3574.934656
CUST101313,527218.62,25465.49,600.3,0,44.0,Female,Primary,Self-Employed,2019-08-03,2,59,14.26,8.7,5.0,4.6,0,2019,8,3,Saturday,0.0,0,0,0,0,1,0,0,0,1,0,Q3,Low,0,3,3,0.5256295405154124,-0.044597362995279444,-0.8392092431964407,-0.6537999395715325,2.0719996985925104,-0.8663298340878592,2.725235025856311,0.0655307994757536,3.776241517699841,-1.9134784294420708,0.30325914872549986,-1.9134791429808264,0.30325907170996996,0.04830157553995343,9.833333333333334,6265.114601
CUST101314,442304.05,444617.6,654.7,1,38.0,Male,Secondary,Salaried,2020-02-22,0,44,50.26,9.2,4.8,5.1,0,2020,2,22,Saturday,1.0,1,0,0,1,0,0,1,0,0,0,Q2,No_Missed,0,1,0,-0.05581906624942438,-0.26686672537782125,0.47191627620390536,0.0499285905591132,-0.12374225780968881,1.2143543118169986,3.936910720935925,0.019508388607101055,7.089428749906441,0.8763150763545147,0.004732263425168769,0.8763134296120396,0.004732311007870263,1.0052306778561038,7.333333333333333,18525.16796083333
CUST101315,455407.17,159956.07,641.7,0,39.0,Male,Secondary,Self-Employed,2024-06-26,1,47,50.36,9.2,4.8,5.1,0,2024,6,26,Wednesday,1.0,1,0,0,1,0,0,0,0,1,0,Q3,Low,0,2,1,0.041089034878048415,-0.23256846387073324,-0.4185170234746939,-0.11824183024416582,0.3154061334707511,1.2201339900000676,3.9388596593817056,0.019470404984423675,7.096477999684069,-0.18731573434988588,0.05496462751092533,-0.18731565757493643,0.054964653719554286,0.35123748710412267,7.833333333333333,19111.920901
CUST101316,370071.66,292670.76,684.1800000000001,1,26.0,Male,Secondary,Salaried,2019-06-16,2,42,135.81,9.5,6.1,5.6,0,2019,6,16,Sunday,1.0,1,1,0,0,0,0,0,0,1,0,Q2,Low,0,1,0,-1.218716279779098,-0.4559396638460616,-0.00337986274727695,0.4312873601960877,-0.41650785199664875,6.15886899743257,4.918593101932022,0.0073094072070755065,11.653754759733019,0.431794288559652,-0.3074027795849074,0.4317928223454372,-0.30740260562734445,0.7908488858617275,7.0,41882.8601205
CUST101317,598262.53,170908.59,653.4,0,35.0,Male,Primary,Salaried,2022-02-21,3,42,44.0,9.2,4.8,5.1,0,2022,2,21,Monday,0.0,1,0,0,1,0,0,0,0,1,0,Q3,Medium,0,1,0,-0.3465433696318428,0.14136465243814605,-0.3842570779056672,0.03311154847878442,-0.41650785199664875,0.8525464575568761,3.8066624897703196,0.022222222222222223,6.6332495807108,-0.12074910094401697,0.5128166103613903,-0.12074924160585279,0.5128164561102434,0.2856749026217637,7.0,21936.29276666667
CUST101318,788219.53,429097.21,489.0,0,31.0,Male,Secondary,Salaried,2024-12-14,1,37,29.65,8.7,5.0,4.6,0,2024,12,14,Saturday,1.0,1,0,0,0,1,0,0,0,1,0,Q4,Low,0,0,2,-0.734175774141734,0.6385893486251548,0.4233678401718265,-2.093597465371913,-1.1484218374640485,0.023162638286467422,3.4226326623822203,0.032626427406199025,5.445181356024793,0.8380237542556458,0.9549289853043992,0.8380220859327233,0.9549287313341559,0.5443879448153233,6.166666666666667,19475.59088708333
CUST101319,607185.35,185428.16,712.1,0,36.0,Male,Graduate,Self-Employed,2019-09-04,0,46,20.38,8.7,5.0,4.6,0,2019,9,4,Wednesday,2.0,1,0,0,0,1,0,1,0,0,0,Q3,No_Missed,1,2,1,-0.24963526850436998,0.16472070914377596,-0.33883924914245356,0.7924656793366679,0.16902333637727113,-0.5126135292840335,3.062455905596899,0.046772684752104776,4.514421336118285,-0.03835962494412127,0.5370711799205113,-0.03836002176301805,0.5370710176782659,0.30538971337170767,7.666666666666667,10312.031194166666
CUST101320,394378.21,13941.3458,658.3,0,39.0,Female,Graduate,Salaried,2024-04-18,1,44,37.0,8.9,5.4,4.8,0,2024,4,18,Thursday,2.0,0,0,1,0,0,0,1,0,0,0,Q2,Low,0,1,0,0.041089034878048415,-0.3923157019014933,-0.8752572534280234,0.09649886093540468,-0.12374225780968881,0.44796898474204266,3.6375861597263857,0.02631578947368421,6.082762530298219,-2.431605975716579,-0.19497719382628823,-2.4316194723341282,-0.19497706325398356,0.03535019290239184,7.333333333333333,12159.994808333335
CUST101321,226062.82,38903.98,749.6,0,44.0,Male,Graduate,Self-Employed,2023-06-29,0,48,28.42,9.5,6.1,5.6,0,2023,6,29,Thursday,2.0,1,1,0,0,0,0,0,0,1,0,Q1,No_Missed,1,2,1,0.5256295405154124,-0.8328920884329077,-0.7971730783750198,1.2775726624230497,0.46178893056423104,-0.04792740336528171,3.3816747151732915,0.03399048266485384,5.331041174104736,-1.5353612420873597,-1.2199664861105255,-1.5353588148222992,-1.2199662409116572,0.1720936684767535,8.0,5353.921120333333
CUST101322,149134.76,43447.17,667.0,0,37.0,Male,Graduate,Self-Employed,2021-01-05,0,41,37.91,9.2,4.8,5.1,0,2021,1,5,Tuesday,2.0,1,0,0,1,0,0,0,0,1,0,Q1,No_Missed,0,1,0,-0.15272716737689718,-1.034256245909368,-0.7829617879952948,0.20904368101144583,-0.5628906490901286,0.5005640562079708,3.661251286996462,0.02570033410434336,6.157109711544857,-1.4349062892292548,-2.050466098816198,-1.4349035385552915,-2.050466750296639,0.29132825908594345,6.833333333333333,4711.415626333333
CUST101323,426908.22,262627.21,613.0,0,43.0,Female,Secondary,Salaried,2022-07-29,1,43,25.73,8.7,5.0,4.6,0,2022,7,29,Friday,1.0,0,0,0,0,1,0,0,0,0,1,Q2,Low,0,1,0,0.4287214393879396,-0.30716630314698395,-0.09735735721433393,-0.48951037463294395,-0.2701250549031688,-0.20340074648983922,3.2857865301508276,0.03741114852225963,5.07247474118896,0.31881470416889357,-0.05655495979446948,0.3188134228794099,-0.056554886264579524,0.6151842426458785,7.166666666666667,9153.6237505
CUST101324,147819.13,13941.3458,668.1800000000001,0,39.0,Male,Primary,Self-Employed,2021-11-16,0,56,21.19,9.2,4.8,5.1,0,2021,11,16,Tuesday,0.0,1,0,0,1,0,0,0,0,1,0,Q1,No_Missed,0,3,3,0.041089034878048415,-1.0376999922679888,-0.8752572534280234,0.22430838074589815,1.6328513073120707,-0.46579813600117403,3.0996417369445024,0.04506534474988733,4.603259714593562,-2.431605975716579,-2.0687896032250417,-2.4316194723341282,-2.0687902909962634,0.09431354250292232,9.333333333333334,2610.2394705833335
CUST101325,396480.47,285824.4,618.4,0,18.0,Male,Post-Graduate,Salaried,2021-12-06,2,59,25.87,8.7,5.0,4.6,0,2021,12,6,Monday,3.0,1,0,0,0,1,0,1,0,0,0,Q2,Low,0,3,3,-1.9939810887988803,-0.38681290079489505,-0.024795566251672372,-0.41965496906850525,2.0719996985925104,-0.19530919703354252,3.2910104226273997,0.03721622627465575,5.086255990411808,0.40702866576531604,-0.185635122490223,0.4070272356713753,-0.18563499566466476,0.720904109097732,9.833333333333334,8547.458132416665
CUST101326,956889.08,696682.5,587.0,0,28.0,Male,Secondary,Salaried,2024-01-30,1,50,14.6,9.5,6.1,5.6,0,2024,1,30,Tuesday,1.0,1,1,0,0,0,0,0,0,1,0,Q4,Low,0,3,1,-1.0249000775241524,1.08009277179329,1.260385939246032,-0.825851216239502,0.754554524751191,-0.8466789282654245,2.747270914255491,0.06410256410256411,3.82099463490856,1.3688343837085768,1.2539170767168057,1.3688336989317147,1.2539168290328468,0.7280702795772317,8.333333333333334,11642.150473333333
CUST101327,234589.27,85398.23,679.7,0,36.0,Male,Post-Graduate,Self-Employed,2020-05-24,2,45,29.83,8.9,5.4,4.8,0,2020,5,24,Sunday,3.0,1,0,1,0,0,0,0,0,1,0,Q1,Low,0,1,0,-0.24963526850436998,-0.8105735557607571,-0.6517370988677724,0.37333324595003436,0.022640539283791155,0.033566059015991696,3.428488241898059,0.032435939020434644,5.46168472176855,-0.8026186852506374,-1.148791825401197,-0.8026165018889536,-1.148791557335448,0.3640329755917651,7.5,5831.4982700833325
CUST101328,218085.22,63136.13,616.3,0,25.0,Female,Graduate,Salaried,2024-02-27,1,51,42.15,9.2,4.8,5.1,0,2024,2,27,Tuesday,2.0,0,0,0,1,0,1,0,0,0,0,Q1,Low,0,3,1,-1.3156243809065706,-0.8537739708394603,-0.7213738887802517,-0.4468209601213429,0.9009373218446709,0.7456224111700986,3.764682417529437,0.023174971031286212,6.492303135251773,-1.0890075028168624,-1.2894536587435441,-1.0890046575142573,-1.2894534424112631,0.28950210381061126,8.5,7660.2433525
CUST101329,628011.54,310249.19,698.4,0,45.0,Male,Graduate,Self-Employed,2018-08-05,1,43,20.84,8.7,5.0,4.6,0,2018,8,5,Sunday,2.0,1,0,0,0,1,0,1,0,0,0,Q3,Low,0,1,0,0.6225376416428852,0.21923460436997425,0.051606209406797665,0.6152399281824426,-0.2701250549031688,-0.48602700964191575,3.083743150876704,0.045787545787545784,4.565084884205331,0.4929998730889921,0.5921006966307549,0.4929983286519181,0.5921005171491125,0.4940182946319744,7.166666666666667,10906.467078000001
CUST101330,129109.2296,13941.3458,758.3,0,55.0,Male,Post-Graduate,Salaried,2019-01-11,1,35,2.66,8.7,5.0,4.6,0,2019,1,11,Friday,3.0,1,0,0,0,1,0,1,0,0,0,Q1,Low,1,0,2,1.591618652917613,-1.0866743630049407,-0.8752572534280234,1.3901174824990894,-1.4411874316510085,-1.536772503323869,1.297463147413275,0.27322404371584696,1.6309506430300091,-2.431605975716579,-2.3520202021613557,-2.4316194723341282,-2.35202156682591,0.10798101609925491,5.833333333333333,286.19212561333336
CUST101331,545792.68,23429.06,536.9,0,51.0,Male,Primary,Salaried,2022-05-29,0,52,31.95,8.9,5.4,4.8,0,2022,5,29,Sunday,0.0,1,0,1,0,0,0,0,0,1,0,Q3,No_Missed,0,3,1,1.203986248407722,0.004021436735498044,-0.8455792823248909,-1.4739541456429084,1.047320118938151,0.1560952364970556,3.4949912609485163,0.030349013657056143,5.6524331044250316,-1.986501353034442,0.3610937993195971,-1.9865031413880188,0.3610936997220574,0.04292666585414814,8.666666666666666,14531.730105
CUST101332,992200.12,450655.98,649.8,0,36.0,Female,Secondary,Salaried,2018-01-11,1,44,18.7,9.5,6.1,5.6,0,2018,1,11,Thursday,1.0,0,1,0,0,0,1,0,0,0,0,Q4,Low,0,1,0,-0.24963526850436998,1.1725216958974152,0.49080458411159233,-0.013458721897508527,-0.12374225780968881,-0.6097121227595935,2.9806186357439426,0.050761421319796954,4.324349662087931,0.8908782852234586,1.3087300614085045,0.8908766486269931,1.3087298230490372,0.4541986751624259,7.333333333333333,15461.785203333335
CUST101333,273794.55,147769.51,646.2,0,39.0,Female,Graduate,Self-Employed,2022-06-02,1,50,37.02,9.2,4.8,5.1,0,2022,6,2,Thursday,2.0,0,0,0,1,0,1,0,0,0,0,Q1,Low,0,3,1,0.041089034878048415,-0.7079512073507138,-0.45663709833177496,-0.0600289922738,0.754554524751191,0.44912492037865664,3.6381123370602833,0.026301946344029457,6.084406298070503,-0.26654966477988423,-0.856380618092114,-0.26654931936905424,-0.8563803177391888,0.5397094646332442,8.333333333333334,8446.5618675
CUST101334,249114.56,96237.71,675.1,0,40.0,Male,Secondary,Salaried,2024-10-18,1,49,26.45,8.9,5.4,4.8,0,2024,10,18,Friday,1.0,1,0,1,0,0,0,0,0,1,0,Q1,Low,0,2,1,0.13799713600552121,-0.7725526725752035,-0.6178307471974213,0.3138267893581046,0.608171727657711,-0.16178706357174213,3.3123661679555396,0.03642987249544627,5.142956348249516,-0.6875861503179647,-1.0342265153284311,-0.6875843310202726,-1.0342262235621995,0.386319089498422,8.166666666666666,5490.900093333334
CUST101335,612015.45,127744.5,704.9,0,34.0,Male,Post-Graduate,Self-Employed,2020-03-28,1,31,61.4,9.2,4.8,5.1,0,2020,3,28,Saturday,3.0,1,0,0,1,0,0,0,0,1,0,Q3,Low,1,0,2,-0.44345147075931557,0.17736380734522608,-0.5192761761530631,0.6993251385840821,-2.0267186200249285,1.8582104614108907,4.133565275375382,0.016025641025641028,7.835815209663893,-0.4109797911885683,0.5500278896721746,-0.41097893814505576,0.55002772325702,0.20872757378919113,5.166666666666667,31314.790525
CUST101336,232371.1,49119.78,777.0,0,31.0,Male,Primary,Salaried,2021-07-20,1,51,1.71,8.9,5.4,4.8,0,2021,7,20,Tuesday,0.0,1,0,1,0,0,0,0,0,1,0,Q1,Low,1,3,1,-0.734175774141734,-0.8163797587663908,-0.7652176241102422,1.632024164731499,0.9009373218446709,-1.5916794460630248,0.9969486348916096,0.36900369003690037,1.307669683062202,-1.322356037175942,-1.1670141885307024,-1.3223531047811494,-1.1670139256985341,0.21138506466595888,8.5,331.1288175
CUST101337,691038.14,80110.72,561.2,1,35.0,Male,Graduate,Salaried,2019-11-22,2,49,31.06,8.7,5.0,4.6,0,2019,11,22,Friday,2.0,1,0,0,0,1,1,0,0,0,0,Q4,Low,0,2,1,-0.3465433696318428,0.3842107939112921,-0.6682766536730304,-1.1596048206029321,0.608171727657711,0.10465610066774103,3.467609147181407,0.03119151590767311,5.573149917237109,-0.8637431021987606,0.7464872902063163,-0.8637407430080877,0.7464870699010713,0.1159280730872539,8.166666666666666,17886.370523666665
CUST101338,243015.27,53926.06,524.2,0,34.0,Female,Graduate,Salaried,2022-05-19,2,45,52.79,9.2,4.8,5.1,0,2022,5,19,Thursday,2.0,0,0,0,1,0,0,0,0,1,0,Q1,Low,0,1,0,-0.44345147075931557,-0.7885179574407597,-0.7501833770885977,-1.6382437105814953,0.022640539283791155,1.3605801698486455,3.985087576285151,0.018590816136828406,7.265672714897087,-1.2360706463354658,-1.0813593972772937,-1.2360676823925865,-1.08135911339461,0.2219039980491761,7.5,10690.64675275
CUST101339,1170125.17,377929.61,665.1,0,40.0,Female,Graduate,Salaried,2022-03-13,1,48,19.51,8.7,5.0,4.6,0,2022,3,13,Sunday,2.0,0,0,0,0,1,0,1,0,0,0,Q4,Low,0,2,1,0.13799713600552121,1.6382519871228416,0.2633134243024439,0.18446492720173613,0.46178893056423104,-0.5628967294767341,3.0209125720842893,0.04875670404680643,4.4170125650715555,0.7019796080880457,1.554092588284457,0.7019779216549051,1.554092427303329,0.32298220710866343,8.0,19024.285055583336
CUST101340,636836.42,190675.08,686.0,0,40.0,Female,Secondary,Salaried,2021-03-01,1,51,15.12,8.9,5.4,4.8,0,2021,3,1,Monday,1.0,0,0,1,0,0,0,0,0,1,0,Q3,Low,0,3,1,0.13799713600552121,0.24233429681029922,-0.32242666157310546,0.45483121910854596,0.9009373218446709,-0.8166246017134654,2.780060737078482,0.0620347394540943,3.888444419044716,-0.010054229784818808,0.6147803882403943,-0.010054710834713432,0.6147802020362493,0.29940982332637317,8.5,8024.138892
CUST101341,451768.02,486006.91,707.6,0,38.0,Male,Secondary,Self-Employed,2023-05-02,0,39,19.68,9.2,4.8,5.1,0,2023,5,2,Tuesday,1.0,1,0,0,1,0,0,0,0,1,0,Q3,No_Missed,1,0,0,-0.05581906624942438,-0.24209417365309943,0.6013837875838957,0.7342528413663021,-0.8556562432770887,-0.5530712765655168,3.0291670496402285,0.04835589941972921,4.4362146025637665,0.9726678195902414,0.041184243275761964,0.9726662600725972,0.04118427535038364,1.0757886536545902,6.5,7408.995528
CUST101342,1133607.09,420701.15,589.1,0,43.0,Male,Graduate,Self-Employed,2020-02-23,1,45,3.36,8.9,5.4,4.8,0,2020,2,23,Sunday,2.0,1,0,1,0,0,0,0,0,1,0,Q4,Low,0,1,0,0.4287214393879396,1.5426635579871277,0.3971046095551025,-0.7986852251866643,0.022640539283791155,-1.4963147560423857,1.4724720573609429,0.22935779816513766,1.833030277982336,0.8167701055367245,1.5074481788536425,0.8167684283991045,1.5074479984404283,0.37111725368619564,7.5,3174.099852
CUST101343,780233.91,400154.08,593.2,0,51.0,Female,Secondary,Salaried,2024-06-24,2,52,2.83,8.9,5.4,4.8,0,2024,6,24,Monday,1.0,0,0,1,0,0,0,1,0,0,0,Q4,Low,0,3,1,1.203986248407722,0.6176864733514618,0.3328325059841452,-0.7456468617025529,1.047320118938151,-1.5269470504126517,1.3428648031925547,0.2610966057441253,1.6822603841260722,0.7630489500477151,0.9389602699301821,0.7630472605792218,0.9389600175421201,0.5128642511833407,8.666666666666666,1840.05163775
CUST101344,541847.15,384112.3,747.5,1,39.0,Male,Graduate,Salaried,2023-05-27,1,30,26.04,8.9,5.4,4.8,0,2023,5,27,Saturday,2.0,1,0,1,0,0,0,0,0,1,0,Q3,Low,1,0,2,0.041089034878048415,-0.006306242452669502,0.2826531399907207,1.250406671370212,-2.173101417118408,-0.18548374412232524,3.2973172511747633,0.03698224852071006,5.102940328869229,0.7192965036494384,0.34900241635224544,0.7192948145337621,0.3490023214080456,0.7088941964537415,5.0,11758.083154999998
CUST101345,158772.72,25954.56,691.0,0,22.0,Male,Graduate,Salaried,2023-02-20,0,56,28.75,8.9,5.4,4.8,0,2023,2,20,Monday,2.0,1,0,1,0,0,0,1,0,0,0,Q1,No_Missed,0,3,3,-1.6063486842889891,-1.0090282641405335,-0.8376794115613975,0.5195121501867301,1.6328513073120707,-0.028854465361153943,3.392829131991639,0.03361344537815126,5.361902647381804,-1.8967503337228637,-1.9217331469318,-1.8967508264639013,-1.9217335669061533,0.16346989583601013,9.333333333333334,3803.92975
CUST101346,300793.2,235541.9,619.7,1,18.0,Female,Graduate,Self-Employed,2020-02-24,1,42,14.75,9.5,6.1,5.6,0,2020,2,24,Monday,2.0,0,1,0,0,0,0,0,1,0,0,Q1,Low,0,1,0,-1.9939810887988803,-0.6372805000658578,-0.18208135190416008,-0.40283792698817644,-0.41650785199664875,-0.8380094109908209,2.7568403652716422,0.06349206349206349,3.840572873934304,0.20615964891713792,-0.682077858384499,0.20615860091031518,-0.6820775773365744,0.7830692316182679,7.0,3697.24975
CUST101347,803695.12,387742.19,478.3,0,48.0,Female,Graduate,Salaried,2019-02-01,0,48,52.9,8.9,5.4,4.8,0,2019,2,1,Friday,2.0,0,0,1,0,0,0,1,0,0,0,Q4,No_Missed,0,2,1,0.9132619450253036,0.6790977033373512,0.2940075893614185,-2.232014657879227,0.46178893056423104,1.3669378158500214,3.9871304779149512,0.01855287569573284,7.273238618387272,0.7293431865642676,0.985344922431549,0.7293414965505759,0.985344665943806,0.4824493521871826,8.0,35429.55987333334
CUST101348,216410.14,28658.52,596.5,0,23.0,Male,Secondary,Unemployed,2020-12-17,5,48,18.16,9.2,4.8,5.1,0,2020,12,17,Thursday,1.0,1,0,0,1,0,1,0,0,0,0,Q1,Medium,0,2,1,-1.5094405831615163,-0.8581586007509082,-0.8292213103736502,-0.7029574471909519,0.46178893056423104,-0.6409223849481663,2.9528247725427144,0.05219206680584551,4.261455150532504,-1.8092324302508855,-1.3044208497474656,-1.8092319090541287,-1.3044206405208978,0.13242688166090552,8.0,3275.0067853333335
CUST101349,290352.85,137338.5,705.6,0,36.0,Male,Graduate,Salaried,2022-02-12,1,40,52.04,9.2,4.8,5.1,0,2022,2,12,Saturday,2.0,1,0,0,1,0,1,0,0,0,0,Q1,Low,1,0,0,-0.24963526850436998,-0.6646087893988966,-0.4892657385743833,0.7083804689350285,-0.7092734461836087,1.3172325834756278,3.971046345877607,0.01885369532428356,7.213875518748574,-0.33934449653191057,-0.7472318501240417,-0.33934389730566983,-0.7472315590332577,0.4730055172525429,6.666666666666667,12591.635261666665
CUST101350,252166.84,18852.19,684.8,0,25.0,Male,Post-Graduate,Salaried,2023-07-27,1,48,19.36,8.7,5.0,4.6,0,2023,7,27,Thursday,3.0,1,0,0,0,1,1,0,0,0,0,Q1,Low,0,2,1,-1.3156243809065706,-0.7645631328600171,-0.8598959251684111,0.4393077956497811,0.46178893056423104,-0.5715662467513377,3.013572191682322,0.049115913555992145,4.4,-2.174882875366007,-1.0111422581507794,-2.1748883970428383,-1.0111419634303855,0.07476078139377881,8.0,4068.291685333333
CUST101351,551996.1,478953.37,539.7,1,18.0,Female,Secondary,Unemployed,2022-06-03,1,41,15.98,8.7,5.0,4.6,0,2022,6,3,Friday,1.0,0,0,0,0,1,0,0,0,0,1,Q3,Low,0,1,0,-1.9939810887988803,0.02025928859049879,0.5793200162811314,-1.4377328242391243,-0.5628906490901286,-0.7669193693390716,2.8320361808832013,0.058892815076560655,3.997499218261337,0.9567996022559455,0.3799000025535165,0.9567980250972329,0.3798998957956952,0.8676752788651949,6.833333333333333,7350.748064999999
CUST101352,751620.26,579074.19,699.5,0,44.0,Female,Post-Graduate,Salaried,2019-04-05,0,38,12.99,9.2,4.8,5.1,0,2019,4,5,Friday,3.0,0,0,0,1,0,0,0,0,1,0,Q4,No_Missed,0,0,2,0.5256295405154124,0.5427883994291983,0.8925021737687521,0.6294697330196434,-1.0020390403705686,-0.939731747012836,2.63834278867739,0.07147962830593281,3.6041642581880198,1.1641410589425771,0.8801365846223764,1.1641398164991812,0.8801363395572019,0.7704345143650065,6.333333333333333,8136.289314500001
CUST101353,752028.43,400575.92,642.9,0,46.0,Male,Secondary,Self-Employed,2023-10-10,0,37,19.26,9.2,4.8,5.1,0,2023,10,10,Tuesday,1.0,1,0,0,1,0,0,0,0,1,0,Q4,No_Missed,0,0,2,0.719445742770358,0.5438568107235578,0.33415203933709386,-0.10271840678540248,-1.1484218374640485,-0.5773459249344066,3.0086484988205373,0.04935834155972359,4.3886216514983385,0.7641773643696886,0.880993955610801,0.7641756750147932,0.8809937104224317,0.5326606069932754,6.166666666666667,12070.056301500003
CUST101354,276772.0,30078.82,751.4,0,32.0,Male,Primary,Salaried,2024-08-13,3,38,27.93,8.9,5.4,4.8,0,2024,8,13,Tuesday,0.0,1,0,1,0,0,0,0,1,0,0,Q1,Medium,1,0,2,-0.6372676730142611,-0.7001575399856679,-0.8247785519316032,1.3008577976111955,-1.0020390403705686,-0.07624782646232017,3.3648791189880436,0.034566194262011754,5.2848841046895245,-1.7662898845206312,-0.8361952334182013,-1.7662889462546476,-0.8361949340129392,0.1086772505889324,6.333333333333333,6441.868299999999
CUST101355,547852.95,268195.32,594.2,0,18.0,Female,Secondary,Salaried,2019-06-30,2,45,21.5,8.7,5.0,4.6,0,2019,6,30,Sunday,1.0,0,0,0,0,1,0,0,1,0,0,Q3,Low,0,1,0,-1.9939810887988803,0.009414326309523532,-0.07994007374693532,-0.732710675486916,0.022640539283791155,-0.44788113363366006,3.1135153092103742,0.044444444444444446,4.636809247747852,0.3406300653546718,0.36736721401471417,0.3406287443994981,0.3673671120180092,0.4895388808255939,7.5,9815.6986875
CUST101356,269699.74,84097.53,600.6,0,32.0,Male,Post-Graduate,Salaried,2024-12-18,5,41,11.33,8.9,5.4,4.8,0,2024,12,18,Wednesday,3.0,1,0,1,0,0,0,0,1,0,0,Q1,Medium,0,1,0,-0.6372676730142611,-0.7186696365646597,-0.6558057434538249,-0.6499190837068405,-0.5628906490901286,-1.0356744048517825,2.512035317176253,0.08110300081103,3.366006535941367,-0.8173221902912825,-0.8845631107619564,-0.8173199633403875,-0.8845628097020721,0.311819099269432,6.833333333333333,2546.4150451666665
CUST101357,394036.3,82107.9,659.2,0,42.0,Male,Secondary,Self-Employed,2019-05-12,4,44,6.07,8.9,5.4,4.8,0,2019,5,12,Sunday,1.0,1,0,1,0,0,0,0,0,1,0,Q2,Medium,0,1,0,0.33181333826046683,-0.39321067337331755,-0.6620293902038425,0.10814142852947901,-0.12374225780968881,-1.3396854772812143,1.9558604799084813,0.14144271570014144,2.463736998950984,-0.8402271407299221,-0.19650207149683385,-0.8402248474664068,-0.19650194031472618,0.20837648714090554,7.333333333333333,1993.1669508333332
CUST101358,588947.58,320620.99,668.2,0,22.0,Female,Post-Graduate,Self-Employed,2019-05-20,0,48,16.8,8.9,5.4,4.8,0,2019,5,20,Monday,3.0,0,0,1,0,0,0,0,1,0,0,Q3,No_Missed,0,2,1,-1.6063486842889891,0.11698217017243744,0.08404963826635058,0.22456710447021064,0.46178893056423104,-0.7195260082379054,2.8791984572980396,0.056179775280898875,4.09878030638384,0.5276195071086969,0.4870418577708868,0.5276179255563672,0.4870417122579263,0.5443964809228014,8.0,8245.26612
CUST101359,178948.98,502166.56,580.1,0,40.0,Male,Post-Graduate,Salaried,2020-12-28,1,47,24.61,9.2,4.8,5.1,1,2020,12,28,Monday,3.0,1,0,0,1,0,0,0,0,0,1,Q1,Low,0,2,1,0.13799713600552121,-0.9562156025977101,0.6519318559201801,-0.9151109011273959,0.3154061334707511,-0.2681331421402126,3.242982900211434,0.03904724716907458,4.960846701924985,1.0082307929925225,-1.6795132766479333,1.0082292777556519,-1.6795133632033563,2.806199621813994,7.833333333333333,3669.9453315
CUST101360,135649.77,58541.87,797.3,0,38.0,Female,Secondary,Unemployed,2024-01-18,0,37,13.57,8.9,5.4,4.8,0,2024,1,18,Thursday,1.0,0,0,1,0,0,0,1,0,0,0,Q1,No_Missed,1,0,2,-0.05581906624942438,-1.0695540767649556,-0.7357449282789202,1.8946287449089265,-1.1484218374640485,-0.9062096135510357,2.6789646202071133,0.06863417982155114,3.6837480912787726,-1.1596795728481775,-2.247856117966199,-1.159676646330723,-2.2478572073321605,0.43156630490416614,6.166666666666667,1533.97281575
CUST101361,467076.85,329064.31,763.7,0,44.0,Male,Primary,Salaried,2022-06-26,1,47,35.34,9.5,6.1,5.6,0,2022,6,26,Sunday,0.0,1,1,0,0,0,0,0,0,0,1,Q3,Low,1,2,1,0.5256295405154124,-0.20202232399381578,0.11046070016095332,1.4599728880635297,0.3154061334707511,0.3520263269030966,3.592919062968025,0.0275178866263071,5.94474557908074,0.555042930708971,0.09830284031105287,0.5550413234964002,0.09830284809340037,0.704518560489564,7.833333333333333,13755.413232500001
CUST101362,959350.06,739089.62,573.2,1,39.0,Male,Graduate,Salaried,2019-12-19,3,39,9.63,8.9,5.4,4.8,0,2019,12,19,Thursday,2.0,1,0,1,0,0,0,1,0,0,0,Q4,Medium,0,0,0,0.041089034878048415,1.0865345456306443,1.3930372033331262,-1.0043705860152898,-0.8556562432770887,-1.133928933963956,2.363680192353857,0.09407337723424271,3.10322412983658,1.43482450174374,1.2578131783462123,1.4348240461367547,1.2578129312350406,0.7704066021531285,6.5,7698.784231500001
CUST101363,502685.84,256018.53,667.6,0,27.0,Female,Secondary,Salaried,2022-05-12,2,44,36.16,9.5,6.1,5.6,0,2022,5,12,Thursday,1.0,0,1,0,0,0,0,0,0,1,0,Q3,Low,0,1,0,-1.1218081786516252,-0.10881349655246716,-0.11802958763099748,0.21680539274082825,-0.12374225780968881,0.3994196880042624,3.6152329139456376,0.026910656620021532,6.013318551349163,0.2923582833281156,0.22312011120380057,0.29235705259846617,0.2231200666479988,0.5093012566258083,7.333333333333333,15147.599978666667
CUST101364,462979.15,517131.56,527.4,1,51.0,Male,Graduate,Salaried,2021-11-09,0,33,22.7,8.9,5.4,4.8,0,2021,11,9,Tuesday,2.0,1,0,1,0,0,0,1,0,0,0,Q3,No_Missed,0,0,2,1.203986248407722,-0.21274831796911273,0.698743008553591,-1.5968479146914583,-1.7339530258379685,-0.3785249954368315,3.1654750481410856,0.04219409282700422,4.764451699828638,1.04022968506157,0.08323031001374462,1.0402282153129863,0.08323032419820499,1.116965116031683,5.5,8758.022254166666
CUST101365,324599.07,193254.11,786.1,0,36.0,Other,Secondary,Salaried,2018-09-26,3,46,5.67,8.9,5.4,4.8,0,2018,9,26,Wednesday,1.0,2,0,1,0,0,0,1,0,0,0,Q2,Medium,1,2,1,-0.24963526850436998,-0.5749671003058203,-0.3143593467066741,1.7497434592937946,0.16902333637727113,-1.3628041900134904,1.8976198599275322,0.14992503748125938,2.3811761799581315,0.003594739640657743,-0.542891928277632,0.003594218719834088,-0.542891678367832,0.5953624882535862,7.666666666666667,1533.73060575
CUST101366,945447.97,1380762.02,710.8,0,38.0,Male,Secondary,Unemployed,2023-05-01,1,41,13.85,8.7,5.0,4.6,0,2023,5,1,Monday,1.0,1,0,0,0,1,0,0,1,0,0,Q4,Low,1,1,0,-0.05581906624942438,1.0501449286298785,3.4002155967208316,0.7756486372563391,-0.5628906490901286,-0.8900265146384424,2.6979998652487085,0.06734006734006734,3.721558813185679,2.150192169454271,1.2356493501165333,2.150195795340406,1.2356490999273766,1.4604315243280919,6.833333333333333,10912.045320416664
CUST101367,332957.04,226065.53,730.3,0,28.0,Male,Graduate,Salaried,2022-01-17,0,39,53.74,8.9,5.4,4.8,0,2022,1,17,Monday,2.0,1,0,1,0,0,0,0,1,0,0,Q2,No_Missed,1,0,0,-1.0249000775241524,-0.5530895748974904,-0.21172383787012564,1.0279042684612576,-0.8556562432770887,1.4154871125878017,4.002594703612533,0.01826817683595177,7.330757123244502,0.16388719304309374,-0.49682639131786444,0.1638862442441641,-0.4968261542411249,0.6789630578167082,6.5,14910.926108
CUST101368,418703.3,382634.52,629.9,0,33.0,Male,Secondary,Salaried,2022-03-22,1,38,17.51,8.7,5.0,4.6,0,2022,3,22,Tuesday,1.0,1,0,0,0,1,0,0,1,0,0,Q2,Low,0,0,2,-0.5403595718867884,-0.32864321031144067,0.2780305816787528,-0.2708888275886815,-1.0020390403705686,-0.678490293138115,2.9183111265854063,0.05402485143165856,4.1844951905815355,0.715181093912008,-0.09027926454629553,0.7151794053039774,-0.09027917686883995,0.9138559930146241,6.333333333333333,6109.578985833334
CUST101369,341595.56,223980.51,744.0,0,28.0,Male,Secondary,Salaried,2020-05-14,3,52,14.23,9.2,4.8,5.1,0,2020,5,14,Thursday,1.0,1,0,0,1,0,0,0,0,1,0,Q2,Medium,1,3,1,-1.0249000775241524,-0.530477691773913,-0.21824586857267916,1.205130019615483,1.047320118938151,-0.8680637375427799,2.7232671669070703,0.06565988181221273,3.772267222772003,0.15436583555982472,-0.4506106383345634,0.15436490993852173,-0.45061041522499407,0.6556891723065722,8.666666666666666,4050.754015666667
CUST101370,469539.42,100179.23,744.2,0,36.0,Male,Secondary,Self-Employed,2024-07-25,3,56,31.15,8.9,5.4,4.8,0,2024,7,25,Thursday,1.0,1,0,1,0,0,0,0,0,1,0,Q3,Medium,1,3,3,-0.24963526850436998,-0.1955763882289361,-0.6055015060128145,1.207717256858611,1.6328513073120707,0.10985781103250317,3.4704124506836282,0.03110419906687403,5.58121850495033,-0.6487238590424425,0.1072868939593625,-0.6487221700952149,0.10728689793052933,0.21335637804382857,9.333333333333334,12188.460777499999
CUST101371,969085.96,606171.9,636.8,0,57.0,Male,Secondary,Self-Employed,2018-04-20,0,38,20.81,8.7,5.0,4.6,0,2018,4,20,Friday,1.0,1,0,0,0,1,0,1,0,0,0,Q4,No_Missed,0,0,2,1.7854348551725587,1.112018891664784,0.9772649561827784,-0.18162914270078753,-1.0020390403705686,-0.48776091309683656,3.0823685802135374,0.04585052728106374,4.561797891182818,1.2145173298357768,1.273113097328251,1.2145162033729022,1.273112852598621,0.6255089073832006,6.333333333333333,16805.565689666666
CUST101372,268778.1,15287.67,558.1,0,23.0,Male,Graduate,Salaried,2024-09-20,1,40,35.47,8.9,5.4,4.8,0,2024,9,20,Friday,2.0,1,0,1,0,0,0,0,0,0,1,Q1,Low,0,0,0,-1.5094405831615163,-0.7210820886932667,-0.8710458944156444,-1.1997069978714066,-0.7092734461836087,0.35953990854108614,3.596490004820589,0.027419797093501508,5.955669567731238,-2.3537693289643817,-0.8909751121801196,-2.3537799900423675,-0.8909748110619797,0.056878406388020455,6.666666666666667,7944.6326725
CUST101373,470666.14,360512.4,684.8,1,20.0,Male,Graduate,Salaried,2019-10-12,4,46,36.35,8.7,5.0,4.6,0,2019,10,12,Saturday,2.0,1,0,0,0,1,0,0,0,1,0,Q3,Medium,0,2,1,-1.8001648865439348,-0.19262712597649034,0.20883165512381602,0.4393077956497811,0.16902333637727113,0.4104010765520939,3.6203329115788265,0.02677376171352075,6.029096117993144,0.6517434580598271,0.11137913818107122,0.6517417874541027,0.11137914041768232,0.7659620468980411,7.666666666666667,14257.261824166668
CUST101374,548578.4,240154.54,634.5199999999999,0,54.0,Female,Secondary,Salaried,2023-09-30,1,43,38.91,8.9,5.4,4.8,0,2023,9,30,Saturday,1.0,0,0,1,0,0,1,0,0,0,0,Q3,Low,0,1,0,1.4947105517901405,0.01131323846253132,-0.16765281898849174,-0.21112364727244068,-0.2701250549031688,0.5583608380386613,3.686626919060642,0.025056376847907794,6.237788069500278,0.22616761222811552,0.36956962477243754,0.22616651942110047,0.3695695219359317,0.43777615013642535,7.166666666666667,17787.654619999998
CUST101375,283004.29,200723.61,798.2,0,36.0,Female,Graduate,Salaried,2022-02-08,1,45,62.51,8.7,5.0,4.6,0,2022,2,8,Tuesday,2.0,0,0,0,0,1,0,1,0,0,0,Q1,Low,1,1,0,-0.24963526850436998,-0.6838441190440899,-0.2909944349395333,1.9062713125030009,0.022640539283791155,1.922364889242957,4.151197373814884,0.01574555188159345,7.906326580656784,0.04219237885381109,-0.794751833265187,0.042191747929840324,-0.7947515369167452,0.7092599550346039,7.5,14742.165139916664
CUST101376,428283.77,600487.03,654.1,0,31.0,Female,Graduate,Salaried,2021-01-15,4,42,32.17,8.9,5.4,4.8,0,2021,1,15,Friday,2.0,0,0,1,0,0,0,0,0,1,0,Q2,Medium,0,1,0,-0.734175774141734,-0.30356571232463964,0.9594824424994441,0.042166878829730796,-0.41650785199664875,0.16881052849980765,3.501645852958961,0.03014772384684956,5.671860364994893,1.2041245592738772,-0.05097511210969151,1.2041234077571978,-0.050975040931348976,1.4020774824131206,7.0,11481.57406741667
CUST101377,271051.33,741379.51,658.5,0,49.0,Male,Secondary,Salaried,2019-08-19,1,43,31.72,9.2,4.8,5.1,1,2019,8,19,Monday,1.0,1,0,0,1,0,0,0,0,1,0,Q1,Low,0,1,0,1.0101700461527763,-0.7151317625872889,1.4002000760563953,0.09908609817853263,-0.2701250549031688,0.14280197667599676,3.487986511734546,0.03056234718826406,5.632051136131489,1.4382869551744975,-0.8752059469074798,1.438286512264845,-0.875205646001387,2.7351996760170847,7.166666666666667,7164.7901563333335
CUST101378,167264.37,70855.12,714.6,0,31.0,Male,Secondary,Salaried,2020-09-05,1,48,15.85,9.5,6.1,5.6,0,2020,9,5,Saturday,1.0,1,1,0,0,0,0,0,0,1,0,Q1,Low,1,2,1,-0.734175774141734,-0.9868008227123343,-0.6972285617461207,0.8248061448757601,0.46178893056423104,-0.7744329509770613,2.8243506567983707,0.05934718100890207,3.9812058474788765,-0.9803699372584478,-1.815645423329364,-0.980367289243805,-1.8156456817213336,0.42361155576647913,8.0,2209.28355375
CUST101379,350929.14,64292.77,650.3,0,58.0,Female,Post-Graduate,Salaried,2020-01-01,4,50,25.32,8.7,5.0,4.6,0,2020,1,1,Wednesday,3.0,0,0,0,0,1,0,0,0,0,1,Q2,Medium,0,3,1,1.8823429563000316,-0.5060464442819167,-0.7177558699642205,-0.006990628789690105,0.754554524751191,-0.22709742704042232,3.2703291064571163,0.037993920972644375,5.03189825016365,-1.0719686436119298,-0.40218395560678555,-1.071965823836047,-0.40218374819705516,0.1832072708467584,8.333333333333334,7404.604854
CUST101380,507782.12,260747.02,705.5,0,45.0,Male,Graduate,Salaried,2018-02-26,0,43,11.8,8.7,5.0,4.6,0,2018,2,26,Monday,2.0,1,0,0,0,1,1,0,0,0,0,Q3,No_Missed,1,1,0,0.6225376416428852,-0.09547365503736684,-0.10323867101786309,0.7070868503134644,-0.2701250549031688,-1.0085099173913579,2.5494451709255714,0.078125,3.4351128074635335,0.3113512445462641,0.2401378236019149,0.3113499772494355,0.2401377720573131,0.5135017751314284,7.166666666666667,4993.190846666667
CUST101381,359774.01,138491.88,606.9,0,33.0,Male,Graduate,Salaried,2024-02-22,3,45,26.61,8.7,5.0,4.6,0,2024,2,22,Thursday,2.0,1,0,0,0,1,0,0,0,0,1,Q2,Medium,0,1,0,-0.5403595718867884,-0.4828944267276092,-0.4856579171761659,-0.568421110548329,0.022640539283791155,-0.15253957847883165,3.3181780259420632,0.036218761318362915,5.158488150611572,-0.33104768557029335,-0.3576593872138959,-0.3310471155303974,-0.3576591951038647,0.38494131357626415,7.5,7977.98867175
CUST101382,2163929.0,526735.81,560.5,0,62.0,Female,Graduate,Unemployed,2022-11-19,1,38,30.73,8.7,5.0,4.6,0,2022,11,19,Saturday,2.0,0,0,0,0,1,1,0,0,0,0,Q4,Low,0,0,2,2.269975360809923,4.239597593977212,0.7287855085655814,-1.1686601509538783,-1.0020390403705686,0.08558316266361327,3.4572626055951043,0.03151591553734636,5.543464620614079,1.060316136174206,2.411635227443785,1.0603146977298712,2.411635899762959,0.24341640136991557,6.333333333333333,55414.61514166667
CUST101383,598259.51,128776.13,577.0,1,31.0,Female,Primary,Self-Employed,2022-08-29,1,48,38.62,8.9,5.4,4.8,0,2022,8,29,Monday,0.0,0,0,1,0,0,0,0,1,0,0,Q3,Low,0,2,1,-0.734175774141734,0.14135674739341228,-0.5160491939017297,-0.9552130783958704,0.46178893056423104,0.5415997713077612,3.6793340412704048,0.02523977788995457,6.214499175315739,-0.4030416388841384,0.5128083299373376,-0.4030408140847141,0.5128081756889655,0.21525128785666942,8.0,19253.985230166665
CUST101384,249096.83,153368.09,623.0,0,46.0,Male,Graduate,Salaried,2021-07-10,3,60,45.34,8.9,5.4,4.8,0,2021,7,10,Saturday,2.0,1,0,1,0,0,1,0,0,0,0,Q1,Medium,0,3,3,0.719445742770358,-0.7725990819934583,-0.43912450341628145,-0.3601485124765754,2.2183824956859906,0.9299941452100016,3.8360055190042304,0.021579628830384116,6.73349834781297,-0.22942408136954434,-1.0343615685216512,-0.22942386299625067,-1.0343612767744217,0.6156966750640704,10.0,9411.708560166666
CUST101385,129109.2296,13941.3458,659.5,0,41.0,Male,Graduate,Salaried,2018-04-22,2,56,33.04,8.9,5.4,4.8,0,2018,4,22,Sunday,2.0,1,0,1,0,0,0,0,1,0,0,Q1,Low,0,3,3,0.23490523713299402,-1.0866743630049407,-0.8752572534280234,0.11202228439416947,1.6328513073120707,0.21909372869250823,3.5275363037051735,0.02937720329024677,5.748043145279966,-2.431605975716579,-2.3520202021613557,-2.4316194723341282,-2.35202156682591,0.10798101609925491,9.333333333333334,3554.8074549866665
CUST101386,533466.59,527737.25,689.9,1,52.0,Female,Graduate,Salaried,2019-12-12,1,46,2.57,9.2,4.8,5.1,0,2019,12,12,Thursday,2.0,0,0,0,1,0,1,0,0,0,0,Q3,Low,0,2,1,1.3008943495351948,-0.02824289864263368,0.7319180552206567,0.5052823453495293,0.16902333637727113,-1.5419742136886312,1.2725655957915476,0.2801120448179272,1.6031219541881396,1.0623909485982073,0.3229753633750692,1.0623895135087649,0.3229752785716055,0.9892601709134212,7.666666666666667,1142.507613583333
CUST101387,291970.92,274473.57,648.52,0,55.0,Male,Secondary,Self-Employed,2021-04-16,1,31,27.16,9.2,4.8,5.1,0,2021,4,16,Friday,1.0,1,0,0,1,0,0,0,0,1,0,Q1,Low,0,0,2,1.591618652917613,-0.6603733868385312,-0.060301442338935904,-0.03001704025352334,-2.0267186200249285,-0.12075134847195182,3.3379025312898416,0.03551136363636364,5.2115256883181535,0.36472905702604347,-0.7369568153989077,0.3647276944201276,-0.7369565256802078,0.9400716002812883,5.166666666666667,6608.275156000001
CUST101388,898870.43,990703.1,650.8,0,38.0,Female,Primary,Salaried,2020-08-05,2,39,10.83,9.2,4.8,5.1,0,2020,8,5,Wednesday,0.0,0,0,0,1,0,0,1,0,0,0,Q4,Low,0,0,0,-0.05581906624942438,0.9282252142964336,2.180094805531833,-0.0005225356818716806,-0.8556562432770887,-1.0645727957671278,2.4706386779902956,0.08453085376162299,3.2908965343808667,1.766204881698202,1.1585252182504804,1.766205949564348,1.1585249606884476,1.1021645244242821,6.5,8112.305630750001
CUST101389,380341.17,56251.93,598.1400000000001,1,30.0,Male,Secondary,Self-Employed,2018-01-26,0,51,14.06,8.9,5.4,4.8,0,2018,1,26,Friday,1.0,1,0,1,0,0,0,0,1,0,0,Q2,No_Missed,0,3,1,-0.8310838752692068,-0.4290585592290196,-0.7429079574043029,-0.6817421017973062,0.9009373218446709,-0.8778891904539973,2.7120422223717475,0.06640106241699867,3.749666651850535,-1.1968502590347858,-0.2588820423949742,-1.196847307269064,-0.2588818867397634,0.1478986090304134,8.5,4456.3307085
CUST101390,323646.32,458989.34,705.9,0,43.0,Female,Post-Graduate,Unemployed,2024-09-23,2,43,22.26,9.5,6.1,5.6,0,2024,9,23,Monday,3.0,0,1,0,0,0,0,0,0,1,0,Q2,Low,1,1,0,0.4287214393879396,-0.5774609848654426,0.5168716864777241,0.7122613247997189,-0.2701250549031688,-0.4039555794423352,3.1467351470905185,0.04299226139294927,4.71805044483418,0.9106817855230577,-0.5482307805874955,0.9106801644492951,-0.5482305292652786,1.418181859753573,7.166666666666667,6003.639236000001
CUST101391,320652.76,177054.94,529.9,1,31.0,Male,Secondary,Salaried,2020-01-28,2,50,41.26,8.9,5.4,4.8,0,2020,1,28,Tuesday,1.0,1,0,1,0,0,0,1,0,0,0,Q2,Low,0,3,1,-0.734175774141734,-0.5852968211942833,-0.36503103527363484,-1.5645074491523663,0.754554524751191,0.6941832753407841,3.7438410121879104,0.023663038334122102,6.42339474110069,-0.08510842353638609,-0.5651255848948984,-0.08510867691409216,-0.5651253292099493,0.552170329050029,8.333333333333334,11025.110731333334
CUST101392,761145.68,322215.76,556.6,1,60.0,Male,Secondary,Self-Employed,2022-12-06,2,39,16.34,9.2,4.8,5.1,0,2022,12,6,Tuesday,1.0,1,0,0,1,0,1,0,0,0,0,Q4,Low,0,0,0,2.0761591585549772,0.5677218004913,0.08903814624397739,-1.2191112771948618,-0.8556562432770887,-0.746112527880023,2.853015971352396,0.05767012687427912,4.042276586281547,0.532850177280474,0.9000047311851148,0.5328485905768278,0.9000044833885005,0.4233299465090572,6.5,10364.267009333333
CUST101393,556026.19,375875.78,653.6,0,40.0,Female,Primary,Salaried,2022-04-05,0,40,48.44,9.2,4.8,5.1,0,2022,4,5,Tuesday,0.0,0,0,0,1,0,0,1,0,0,0,Q3,No_Missed,0,0,0,0.13799713600552121,0.03080830903121056,0.2568889572384228,0.035698785721912374,-0.7092734461836087,1.1091641688851417,3.900759813149435,0.02022653721682848,6.959885056522126,0.6961688835089721,0.3919859800005471,0.6961671982964183,0.39198586869284024,0.6760037328457497,6.666666666666667,22444.923869666665
CUST101394,1162142.91,796640.96,713.7,0,34.0,Female,Primary,Salaried,2023-01-16,2,34,27.39,9.5,6.1,5.6,0,2023,1,16,Monday,0.0,0,1,0,0,0,0,0,1,0,0,Q4,Low,1,0,2,-0.44345147075931557,1.617357906865806,1.5730602277900134,0.8131635772816872,-1.5875702287444884,-0.10745808865089299,3.34603697048488,0.03522367030644593,5.2335456432518095,1.5189704836306344,1.5440432233104293,1.5189703557068648,1.5440430579468019,0.6854931120304301,5.666666666666667,26525.91192075
CUST101395,393049.6,40647.01,700.2,0,40.0,Female,Graduate,Salaried,2024-04-12,2,46,34.01,9.5,6.1,5.6,0,2024,4,12,Friday,2.0,0,1,0,0,0,0,0,0,1,0,Q2,Low,1,2,1,0.13799713600552121,-0.39579342424708225,-0.79172080684982,0.6385250633705898,0.16902333637727113,0.27515660706827794,3.555633734966574,0.028563267637817767,5.831809324729333,-1.4955937749147543,-0.20091130199597254,-1.4955911995374924,-0.20091116905349138,0.10341445456247762,7.666666666666667,11139.680746666665
CUST101396,710876.27,402819.73,642.0,0,23.0,Male,Graduate,Salaried,2021-01-09,2,33,47.13,9.5,6.1,5.6,0,2021,1,9,Saturday,2.0,1,1,0,0,0,1,0,0,0,0,Q4,Low,0,0,2,-1.5094405831615163,0.43613837837603087,0.3411707718723677,-0.11436097437947534,-1.7339530258379685,1.0334503846869376,3.873905683315018,0.02077706212341575,6.86512927773396,0.7701610411844082,0.7917089849858092,0.7701593525356218,0.7917087551086794,0.5666523796046814,5.5,27919.665504250006
CUST101397,717592.29,55180.26,685.6,0,27.0,Male,Graduate,Self-Employed,2019-10-24,2,45,33.58,8.9,5.4,4.8,0,2019,10,24,Thursday,2.0,1,0,1,0,0,0,1,0,0,0,Q4,Low,0,1,0,-1.1218081786516252,0.45371799378418054,-0.7462601864682954,0.4496567446222915,0.022640539283791155,0.2503039908810811,3.5432754802551445,0.02891844997108155,5.794825277780168,-1.2147307282546054,0.8066858820651628,-1.2147277690255502,0.8066856492793834,0.07689639474805395,7.5,20080.6242485
CUST101398,640879.93,327304.07,564.8,0,51.0,Female,Secondary,Salaried,2020-06-27,0,48,39.61,9.2,4.8,5.1,0,2020,6,27,Saturday,1.0,0,0,0,1,0,0,0,0,0,1,Q3,No_Missed,0,2,1,1.203986248407722,0.2529184449663511,0.10495459502821462,-1.1130345502266406,0.46178893056423104,0.5988185853201448,3.7040143416982065,0.02462447672986949,6.293647591023825,0.5493800967547704,0.6250499753133674,0.5493784945674092,0.6250497861423272,0.51071043838118,8.0,21154.378356083336
CUST101399,334227.84,252824.81,605.1,1,31.0,Male,Graduate,Salaried,2024-09-09,0,41,24.63,8.9,5.4,4.8,0,2024,9,9,Monday,2.0,1,0,1,0,0,0,0,0,0,1,Q2,No_Missed,0,1,0,-0.734175774141734,-0.5497631739545693,-0.12801967880295717,-0.5917062457364747,-0.5628906490901286,-0.26697720650359885,3.24376354037598,0.03901677721420211,4.962862077471023,0.2793449342000039,-0.4899404876363075,0.27934372931125895,-0.48994025257368695,0.7564444960659171,6.833333333333333,6860.026416000001
CUST101400,573994.11,138679.98,606.3,0,26.0,Female,Secondary,Self-Employed,2019-06-06,1,47,48.21,9.2,4.8,5.1,0,2019,6,6,Thursday,1.0,0,0,0,1,0,0,0,0,0,1,Q3,Low,0,2,1,-1.218716279779098,0.0778404982272523,-0.48506953242438877,-0.5761828222777113,0.3154061334707511,1.0958709090640832,3.8960968548778867,0.0203210729526519,6.94334213473598,-0.32970067934373015,0.44465458980700606,-0.32970011403695454,0.44465445918176466,0.24160523180281418,7.833333333333333,23060.21336925
CUST101401,419373.27,66211.46,572.0,0,44.0,Female,Secondary,Self-Employed,2023-01-31,2,52,59.45,9.2,4.8,5.1,0,2023,1,31,Tuesday,1.0,0,0,0,1,0,0,0,0,1,0,Q2,Low,0,3,1,0.5256295405154124,-0.3268895206358592,-0.7117541265331345,-1.0198940094740547,1.047320118938151,1.7455067368410444,4.101816577060802,0.016542597187758478,7.710382610480495,-1.0443214265764555,-0.08749673241720032,-1.0443186527234545,-0.087496645902361,0.15788192700025921,8.666666666666666,20776.450751250002
CUST101402,838914.65,360887.77,621.3,0,51.0,Male,Secondary,Salaried,2022-10-26,1,39,31.76,8.9,5.4,4.8,1,2022,10,26,Wednesday,1.0,1,0,1,0,0,0,1,0,0,0,Q4,Low,0,0,0,1.203986248407722,0.7712870941157866,0.21000582835228265,-0.3821400290431587,-0.8556562432770887,0.14511384794922455,3.4892082589848687,0.03052503052503052,5.635601121442148,0.652849667760715,1.0520911667284216,0.65284799667876,1.0520909070788136,0.4301841313654494,6.5,22203.274403333333
CUST101403,284021.25,175450.34,633.3,0,46.0,Female,Secondary,Salaried,2024-04-30,0,59,6.21,8.9,5.4,4.8,0,2024,4,30,Tuesday,1.0,0,0,1,0,0,0,0,0,0,1,Q1,No_Missed,0,3,3,0.719445742770358,-0.6811821606691191,-0.37005029190681704,-0.2269057944555165,2.0719996985925104,-1.3315939278249176,1.9754689512968577,0.13869625520110956,2.4919871588754225,-0.09430084948712743,-0.7880903244075742,-0.094301074059975,-0.7880900286857871,0.6177366658304616,9.833333333333334,1469.80996875
CUST101404,137835.15,35417.56,613.0,0,49.0,Female,Secondary,Self-Employed,2020-02-29,1,35,13.88,8.7,5.0,4.6,0,2020,2,29,Saturday,1.0,0,0,0,0,1,1,0,0,0,0,Q1,Low,0,0,2,1.0101700461527763,-1.063833703698666,-0.808078747520638,-0.48951037463294395,-1.4411874316510085,-0.8882926111835215,2.700018029404946,0.06720430107526881,3.725587202039432,-1.620130060654754,-2.214351230989977,-1.6201280467282198,-2.2143522385140137,0.25695593613095064,5.833333333333333,1594.2932349999999
CUST101405,879058.74,1027536.9,629.5,0,30.0,Male,Graduate,Salaried,2021-07-21,2,42,13.4,8.7,5.0,4.6,0,2021,7,21,Wednesday,2.0,1,0,0,0,1,0,0,0,0,1,Q4,Low,0,1,0,-0.8310838752692068,0.8763668382365819,2.2953124890512804,-0.27606330207493596,-0.41650785199664875,-0.9160350664622531,2.667228206581955,0.06944444444444445,3.6606010435446255,1.8079827294351838,1.1242950477756921,1.8079840340521058,1.1242947885487706,1.1689058458141262,7.0,9816.15593
CUST101406,560933.2,189145.93,471.25800000000004,0,39.0,Female,Graduate,Salaried,2022-09-26,0,46,20.57,9.2,4.8,5.1,0,2022,9,26,Monday,2.0,0,0,0,1,0,0,0,1,0,0,Q3,No_Missed,0,2,1,0.041089034878048415,0.043652724116922684,-0.32720990741669914,-2.3231112812097416,0.16902333637727113,-0.5016321407362022,3.071303460401065,0.04636068613815485,4.535416188179426,-0.018228077347566977,0.40656459664194255,-0.018228534285301405,0.40656447990216527,0.33719867178480434,7.666666666666667,9615.329936666665
CUST101407,211343.7,46714.47,680.9,0,55.0,Male,Graduate,Salaried,2018-06-21,0,56,20.45,8.9,5.4,4.8,0,2018,6,21,Thursday,2.0,1,0,1,0,0,0,1,0,0,0,Q1,No_Missed,0,3,3,1.591618652917613,-0.8714203341418846,-0.7727415354727994,0.3888566694087977,1.6328513073120707,-0.5085677545558851,3.065724645374026,0.046620046620046623,4.522167621838006,-1.3685245546082385,-1.3505261183205943,-1.3685216758957575,-1.3505259330402497,0.2210355454172516,9.333333333333334,3601.6488875
CUST101408,656541.22,163034.82,617.6,0,34.0,Male,Secondary,Self-Employed,2018-09-22,1,58,28.94,8.9,5.4,4.8,0,2018,9,22,Saturday,1.0,1,0,1,0,0,0,0,0,1,0,Q3,Low,0,3,3,-0.44345147075931557,0.2939128814027372,-0.408886563322999,-0.4300039180410141,1.9256169014990308,-0.017873076813322675,3.3991953789914824,0.0334001336005344,5.379591062525106,-0.16818657626675645,0.6641246678334146,-0.16818656283170874,0.6641244678304036,0.24832381430673922,9.666666666666666,15833.585755666667
CUST101409,888664.03,86914.84,617.5,0,35.0,Female,Primary,Self-Employed,2023-06-10,1,39,17.31,9.2,4.8,5.1,0,2023,6,10,Saturday,0.0,0,0,0,1,0,1,0,0,0,0,Q4,Low,0,0,0,-0.3465433696318428,0.9015093041738105,-0.6469930786742971,-0.4312975366625781,-0.8556562432770887,-0.6900496495042533,2.907447358686419,0.05461496450027308,4.160528812542944,-0.7857347100266168,1.1410019752189664,-0.7857325776435243,1.141001716684145,0.09780393609494917,6.5,12818.978632749997
CUST101410,678552.48,88576.55,538.9,1,53.0,Male,Secondary,Self-Employed,2020-11-15,2,45,24.71,8.7,5.0,4.6,0,2020,11,15,Sunday,1.0,1,0,0,0,1,1,0,0,0,0,Q4,Low,0,1,0,1.3978024506626676,0.3515287737688688,-0.6417951795468354,-1.4480817732116347,0.022640539283791155,-0.2623534639571435,3.246880021277798,0.038895371450797356,4.970915408654627,-0.7675465019351897,0.7172423500120757,-0.7675444255120923,0.7172421365054006,0.1305375083147585,7.5,13972.526484000002
CUST101411,270925.46,30690.28,774.1,0,44.0,Male,Post-Graduate,Salaried,2022-02-01,2,48,24.79,8.9,5.4,4.8,0,2022,2,1,Tuesday,3.0,1,0,1,0,0,0,0,0,1,0,Q1,Low,1,2,1,0.5256295405154124,-0.7154612354285586,-0.8228658792026206,1.5945092247061525,0.46178893056423104,-0.25772972141068834,3.2499868198932536,0.038774718883288095,4.978955713801841,-1.7483794867807594,-0.8760750546757735,-1.7483783890466702,-0.8760747537519677,0.11327942379427905,8.0,5596.868461166667
CUST101412,295789.83,216791.02,777.9,0,43.0,Male,Graduate,Salaried,2023-03-01,1,41,23.42,9.5,6.1,5.6,0,2023,3,1,Wednesday,2.0,1,1,0,0,0,0,0,0,1,0,Q1,Low,1,1,0,0.4287214393879396,-0.6503771436649943,-0.24073489722262112,1.6436667323255718,-0.5628906490901286,-0.3369113125187342,3.1954024686825586,0.04095004095004095,4.839421453025144,0.1208914519263851,-0.7129671142940884,0.12089061014500703,-0.7129668280921385,0.7329224943264614,6.833333333333333,5772.831515500001
CUST101413,327311.7,203557.1,516.5,0,62.0,Male,Graduate,Salaried,2019-04-21,0,46,67.27,8.9,5.4,4.8,0,2019,4,21,Sunday,2.0,1,0,1,0,0,0,0,1,0,0,Q2,No_Missed,0,2,1,2.269975360809923,-0.5678666163667301,-0.28213115843600883,-1.7378523444418996,0.16902333637727113,2.1974775707570435,4.223470431430189,0.014647722279185588,8.201829064300231,0.056486064103080574,-0.5277908984347002,0.056485393508497836,-0.5277906526058536,0.6219059691419524,7.666666666666667,18348.5483825
CUST101414,710409.36,515870.65,631.2,0,31.0,Male,Primary,Salaried,2024-07-31,0,49,17.75,8.7,5.0,4.6,0,2024,7,31,Wednesday,0.0,1,0,0,0,1,1,0,0,0,0,Q4,No_Missed,0,2,1,-0.734175774141734,0.4349162113440358,0.6947988287696288,-0.2540717855083527,0.608171727657711,-0.6646190654987494,2.9311937524164198,0.05333333333333334,4.2130748865881795,1.0375669317875846,0.7906616340490593,1.0375654580487461,0.7906614043802798,0.7261597031885955,8.166666666666666,10508.138449999999
CUST101415,575749.48,291778.28,724.2,0,48.0,Male,Graduate,Self-Employed,2020-11-15,1,40,58.31,9.2,4.8,5.1,0,2020,11,15,Sunday,2.0,1,0,0,1,0,0,0,0,1,0,Q3,Low,1,0,0,0.9132619450253036,0.08243529239090926,-0.006171577916155371,0.948993532545874,-0.7092734461836087,1.6796184055540573,4.082777925850635,0.016860563142808968,7.636098480245,0.4285965533560269,0.4496967093479688,0.4285950916628053,0.449696576919566,0.506779927964503,6.666666666666667,27976.626815666667
CUST101416,2052687.34,319063.07,621.3,0,39.0,Female,Primary,Self-Employed,2018-02-03,0,50,24.16,9.5,6.1,5.6,0,2018,2,3,Saturday,0.0,0,1,0,0,0,0,0,0,1,0,Q4,No_Missed,0,3,1,0.041089034878048415,3.948415375912922,0.07917639864652815,-0.3821400290431587,0.754554524751191,-0.2941416939640233,3.22525543183224,0.0397456279809221,4.915282290977803,0.5224863295642312,2.3414132975099573,0.5224847531843019,2.34141386349886,0.15543676028128084,8.333333333333334,41327.43844533334
CUST101417,179425.12,127551.7,601.5,0,41.0,Male,Graduate,Salaried,2024-04-30,1,39,48.12,9.2,4.8,5.1,0,2024,4,30,Tuesday,2.0,1,0,0,1,0,0,0,0,1,0,Q1,Low,0,0,0,0.23490523713299402,-0.954969275445552,-0.5198792627035289,-0.6382765161127677,-0.8556562432770887,1.0906691986993209,3.894266283838887,0.020358306188925084,6.93685807840985,-0.4124699386050925,-1.6741874332243285,-0.41246908025758355,-1.6741875138216906,0.7108909833806994,6.5,7194.947311999999
CUST101418,429798.13,309043.98,596.3,0,55.0,Male,Post-Graduate,Salaried,2021-03-07,1,55,33.06,9.5,6.1,5.6,0,2021,3,7,Sunday,3.0,1,1,0,0,0,0,0,0,1,0,Q2,Low,0,3,3,1.591618652917613,-0.2996017773766369,0.047836261577508386,-0.7055446844340798,1.4864685102185908,0.2202496643291222,3.5281236752345424,0.02935995302407516,5.749782604586021,0.4889076171772023,-0.04485630789709456,0.4889060774715303,-0.04485623930042295,0.7190444965407364,9.166666666666666,11840.9384815
CUST101419,153236.02,38944.02,675.0,0,39.0,Male,Post-Graduate,Salaried,2020-03-26,2,52,69.92,8.9,5.4,4.8,0,2020,3,26,Thursday,3.0,1,0,1,0,0,0,0,0,0,1,Q1,Low,0,3,1,0.041089034878048415,-1.0235209334045172,-0.7970478315623609,0.31253317073654063,1.047320118938151,2.350639042608374,4.2615524812060075,0.01410039481105471,8.361817984146748,-1.534429322997377,-1.9945333076751748,-1.5344268919427528,-1.9945338536048154,0.25414403219295306,8.666666666666666,8928.552098666667
CUST101420,614249.42,107328.43,849.0,0,44.0,Female,Graduate,Salaried,2020-01-24,0,33,34.66,8.9,5.4,4.8,0,2020,1,24,Friday,2.0,0,0,1,0,0,1,0,0,0,0,Q3,No_Missed,1,0,2,0.5256295405154124,0.1832113678696655,-0.5831385061861001,2.563429572257352,-1.7339530258379685,0.3127245152582267,3.574029612434994,0.028042624789680316,5.88727441181401,-0.5817228541120172,0.5559802279675038,-0.5817213959065354,0.5559800596583112,0.17473102375904562,5.5,17741.570747666665
CUST101421,795552.44,795421.06,716.2,0,50.0,Male,Secondary,Salaried,2019-07-20,2,55,28.31,8.7,5.0,4.6,0,2019,7,20,Saturday,1.0,1,0,0,0,1,1,0,0,0,0,Q4,Low,1,3,3,1.1070781472802491,0.6577837133862146,1.5692443290197164,0.8455040428207793,1.4864685102185908,-0.05428504936665784,3.377928754722801,0.0341180484476288,5.320714237769211,1.517246240972409,0.9694271916764591,1.517246105932969,0.9694269364242803,0.9998348568951659,9.166666666666666,18768.40798033333
CUST101422,977895.77,482000.34,561.3,1,34.0,Female,Post-Graduate,Salaried,2019-04-07,0,50,47.74,8.7,5.0,4.6,0,2019,4,7,Sunday,3.0,0,0,0,0,1,1,0,0,0,0,Q4,No_Missed,0,3,1,-0.44345147075931557,1.1350791374083748,0.5888510672493522,-1.1583112019813695,0.754554524751191,1.0687064216036586,3.8865000481970604,0.02051702913418137,6.90941386804988,0.9636807489018026,1.2868039700845129,0.9636791792331878,1.2868037276658677,0.4928954135878919,8.333333333333334,38903.95338316667
CUST101423,490748.55,382667.64,692.3399999999999,0,39.0,Female,Graduate,Salaried,2022-07-13,0,50,72.9,8.7,5.0,4.6,0,2022,7,13,Wednesday,2.0,0,0,0,0,1,0,1,0,0,0,Q3,No_Missed,0,3,1,0.041089034878048415,-0.14006012286024333,0.2781341824388743,0.5368466397156825,0.754554524751191,2.522873452463832,4.302712827954156,0.013531799729364004,8.538149682454625,0.7152734899584928,0.1824583734855484,0.7152718013381767,0.1824583457990569,0.7797631597688878,8.333333333333334,29812.974412500003
CUST101424,154458.36,13941.3458,628.6,0,27.0,Female,Primary,Salaried,2018-03-22,2,44,15.87,9.5,6.1,5.6,0,2018,3,22,Thursday,0.0,0,1,0,0,0,1,0,0,0,0,Q1,Low,0,1,0,-1.1218081786516252,-1.0203213796363635,-0.8752572534280234,-0.2877058696690088,-0.12374225780968881,-0.7732770153404476,2.825536896557877,0.05927682276229995,3.983716857408418,-2.431605975716579,-1.9782001208313396,-2.4316194723341282,-1.978200637395396,0.09025957416613772,7.333333333333333,2042.7118109999997
CUST101425,430377.62,84028.1,581.3,0,18.0,Male,Secondary,Salaried,2023-04-22,1,42,43.58,8.7,5.0,4.6,0,2023,4,22,Saturday,1.0,1,0,0,0,1,0,0,0,0,1,Q2,Low,0,1,0,-1.9939810887988803,-0.2980849249353296,-0.6560229234289227,-0.8995874776686326,-0.41650785199664875,0.828271809187986,3.797285327957723,0.02243158366980709,6.601514977639602,-0.8181129692837917,-0.04252151421780518,-0.8181107400106552,-0.04252144660702386,0.19524272660832134,7.0,15629.880566333331
CUST101426,562549.52,339843.12,633.9,0,61.0,Female,Secondary,Salaried,2020-05-19,1,47,9.0,8.9,5.4,4.8,0,2020,5,19,Tuesday,1.0,0,0,1,0,0,1,0,0,0,0,Q3,Low,0,2,1,2.17306725968245,0.04788354593944578,0.14417727350652862,-0.21914408272613412,0.3154061334707511,-1.1703409065172912,2.302585092994046,0.1,3.0,0.5891180275468577,0.41133411154095584,0.5891163931325588,0.41133399303776197,0.6041123632991456,7.833333333333333,4219.1214
CUST101427,254528.87,119771.31,710.0,0,26.0,Male,Secondary,Self-Employed,2021-12-01,1,55,9.35,9.2,4.8,5.1,0,2021,12,1,Wednesday,1.0,1,0,0,1,0,0,1,0,0,0,Q1,Low,1,3,3,-1.218716279779098,-0.7583803670280941,-0.5442166515332959,0.7652996882838302,1.4864685102185908,-1.1501120328765495,2.336986519711378,0.0966183574879227,3.057776970284131,-0.4744200744930823,-0.9935008584857591,-0.47441899542896093,-0.9935005618970976,0.47056080514560095,9.166666666666666,1983.2041120833333
CUST101428,382415.02,29187.96,609.8,0,36.0,Female,Secondary,Salaried,2020-12-05,2,37,28.43,9.2,4.8,5.1,0,2020,12,5,Saturday,1.0,0,0,0,1,0,1,0,0,0,0,Q2,Low,0,0,2,-0.24963526850436998,-0.4236301231293368,-0.8275651996719975,-0.5309061705229824,-1.1484218374640485,-0.04734943554697492,3.382014562245381,0.03397893306150187,5.331978994707312,-1.79299863030262,-0.24926904211862905,-1.7929979455426734,-0.24926889017035264,0.0763253493547403,6.166666666666667,9060.049182166667
CUST101429,219174.33,114938.4,679.7,0,35.0,Female,Graduate,Unemployed,2019-08-22,1,50,70.81,9.5,6.1,5.6,0,2019,8,22,Thursday,2.0,0,1,0,0,0,0,0,0,0,1,Q1,Low,0,3,1,-0.3465433696318428,-0.8509231551871588,-0.5593341983207024,0.37333324595003436,0.754554524751191,2.4020781784376886,4.2740237421222265,0.013925637097897228,8.414867794564572,-0.5148104226965954,-1.2797939731475,-0.5148092000667936,-1.2797937523994536,0.524415427664362,8.333333333333334,12933.111922750002
CUST101430,315846.78,98349.24,792.6,0,41.0,Male,Secondary,Salaried,2022-06-23,1,39,26.11,9.2,4.8,5.1,0,2022,6,23,Thursday,1.0,1,0,0,1,0,0,0,0,1,0,Q2,Low,1,0,0,0.23490523713299402,-0.5978767837404428,-0.6112257920941787,1.8338286696954342,-0.8556562432770887,-0.1814379693941769,3.299902663510574,0.03688675765400221,5.109794516416487,-0.6665871624697665,-0.5926375869329009,-0.6665854132354574,-0.5926373245018813,0.3113827533717456,6.5,6872.299521500001
CUST101431,730771.87,314886.09,608.1,0,47.0,Male,Secondary,Salaried,2020-03-17,2,48,23.74,8.9,5.4,4.8,0,2020,3,17,Tuesday,1.0,1,0,1,0,0,0,0,0,1,0,Q4,Low,0,2,1,0.8163538438978308,0.48821639427151375,0.06611062862803813,-0.5528976870895642,0.46178893056423104,-0.31841634233291344,3.208421366964342,0.04042037186742118,4.872371086031933,0.508607951827649,0.8356071291114818,0.508606390010424,0.835606891090422,0.4308951985248146,8.0,14457.10349483333
CUST101432,643121.94,251277.91,672.0,0,47.0,Male,Graduate,Salaried,2023-04-19,4,48,17.77,9.5,6.1,5.6,0,2023,4,19,Wednesday,2.0,1,1,0,0,0,0,0,0,0,1,Q3,Medium,0,2,1,0.8163538438978308,0.25878705070922015,-0.13285844739691793,0.27372461208963006,0.46178893056423104,-0.6634631298621356,2.9322598505984176,0.05327650506126798,4.215447781671599,0.27298688596134957,0.6307116550742616,0.27298569392797284,0.6307114642885694,0.3907158104417959,8.0,9523.5640615
CUST101433,205382.48,96570.52,568.1,0,39.0,Female,Graduate,Salaried,2020-12-12,3,43,38.45,8.7,5.0,4.6,0,2020,12,12,Saturday,2.0,0,0,0,0,1,0,0,0,0,1,Q1,Medium,0,1,0,0.041089034878048415,-0.8870242118794985,-0.6167897034481445,-1.070345135715038,-0.2701250549031688,0.531774318396544,3.6750340472918834,0.025348542458808618,6.2008063991709985,-0.6842481650887576,-1.4064533080208335,-0.6842463568664549,-1.4064531561046656,0.4701984317260167,7.166666666666667,6580.796963333334
CUST101434,300216.2,217340.79,683.2,1,36.0,Male,Graduate,Self-Employed,2019-12-05,0,60,46.82,9.2,4.8,5.1,0,2019,12,5,Thursday,2.0,1,0,0,1,0,0,1,0,0,0,Q1,No_Missed,0,3,3,-0.24963526850436998,-0.6387908347716065,-0.23901519342153385,0.41860989770476337,2.2183824956859906,1.0155333823194233,3.867443962030179,0.020911752404851526,6.842514157822401,0.1234873041213566,-0.6856093972467551,0.12348645570933789,-0.6856091155748165,0.723947575114201,10.0,11713.435403333333
CUST101435,434287.33,546650.6,754.0,0,41.0,Male,Secondary,Salaried,2024-11-28,0,46,23.3,8.9,5.4,4.8,1,2024,11,28,Thursday,1.0,1,0,1,0,0,0,1,0,0,0,Q2,No_Missed,1,2,1,0.23490523713299402,-0.28785100690688464,0.791079813567407,1.3344918817718516,0.16902333637727113,-0.3438469263384171,3.190476350346503,0.0411522633744856,4.8270073544588685,1.100905082004178,-0.026864304732250203,1.1009037133340656,-0.026864243743230896,1.2587302512371243,7.666666666666667,8432.412324166668
CUST101436,501113.74,157592.97,749.9,0,35.0,Male,Post-Graduate,Unemployed,2023-08-26,2,35,27.09,8.9,5.4,4.8,0,2023,8,26,Saturday,3.0,1,0,1,0,0,0,0,0,1,0,Q3,Low,1,0,2,-0.3465433696318428,-0.11292856967362414,-0.42590890017285715,1.2814535182877402,-1.4411874316510085,-0.12479712320010017,3.335413641116152,0.0355998576005696,5.204805471869242,-0.20223160498839404,0.21782984724217258,-0.20223147838387381,0.21782980486812464,0.3144854299943961,5.833333333333333,11312.6426805
CUST101437,307247.02,148448.34,705.1200000000001,0,39.0,Female,Post-Graduate,Self-Employed,2019-05-02,7,42,26.28,8.9,5.4,4.8,0,2019,5,2,Thursday,3.0,0,0,1,0,0,0,1,0,0,0,Q2,High,1,1,0,0.041089034878048415,-0.6203872100647225,-0.45451368939477943,0.702171099551524,-0.41650785199664875,-0.17161251648295942,3.3061538329752613,0.03665689149560117,5.126402247190518,-0.261979282915563,-0.6431074556790181,-0.2619789532437194,-0.6431071820923945,0.4831563215812475,7.0,6728.709738000001
CUST101438,574957.61,667571.16,608.5,0,43.0,Female,Secondary,Salaried,2019-12-07,0,53,46.7,8.9,5.4,4.8,0,2019,12,7,Saturday,1.0,0,0,1,0,0,0,0,0,0,1,Q3,No_Missed,0,3,1,0.4287214393879396,0.08036252160504928,1.1693244370674074,-0.5477232126033097,1.1937029160316308,1.0085977684997407,3.8649313978942956,0.020964360587002094,6.833739825307955,1.3213396307588583,0.44742436701731086,1.321338796053496,0.447424235400493,1.1610789184962698,8.833333333333334,22375.433655833334
CUST101439,433911.02,201599.56,609.72,0,46.0,Female,Primary,Salaried,2022-03-06,0,43,43.14,9.5,6.1,5.6,0,2022,3,6,Sunday,0.0,0,1,0,0,0,0,0,0,1,0,Q2,No_Missed,0,1,0,0.719445742770358,-0.2888360225968678,-0.2882544263094473,-0.5319410654202325,-0.2701250549031688,0.8028412251824824,3.7873664008285903,0.022655188038060714,6.56810474946921,0.04663104761826094,-0.028364149797093577,0.046630404312192744,-0.028364088173034162,0.46461037103874425,7.166666666666667,15599.101169000001
CUST101440,129109.2296,69518.95,654.1,0,39.0,Female,Graduate,Self-Employed,2021-03-10,0,35,5.92,9.5,6.1,5.6,0,2021,3,10,Wednesday,2.0,0,1,0,0,0,0,1,0,0,0,Q1,No_Missed,0,0,2,0.041089034878048415,-1.0866743630049407,-0.7014081579916391,0.042166878829730796,-1.4411874316510085,-1.348354994555818,1.9344157696295783,0.14450867052023122,2.4331050121192876,-0.9983629192598531,-2.3520202021613557,-0.9983602332331447,-2.35202156682591,0.5384506608503533,5.833333333333333,636.9388660266667
CUST101441,323056.12,175211.9,686.9,0,51.0,Male,Graduate,Salaried,2019-09-12,0,40,25.97,9.5,6.1,5.6,0,2019,9,12,Thursday,2.0,1,1,0,0,0,0,0,0,0,1,Q2,No_Missed,0,0,0,1.203986248407722,-0.5790058714223454,-0.3707961423066774,0.4664737867026188,-0.7092734461836087,-0.1895295188504736,3.2947251371516386,0.03707823507601039,5.096076922496363,-0.09567347801191285,-0.5515472413554071,-0.095673698267354,-0.5515469891638884,0.5423574702748241,6.666666666666667,6991.472863666667
CUST101442,318022.0,92995.27,599.2,0,40.0,Male,Post-Graduate,Self-Employed,2020-02-16,2,36,33.88,9.2,4.8,5.1,0,2020,2,16,Sunday,3.0,1,0,0,1,0,0,1,0,0,0,Q2,Low,0,0,2,0.13799713600552121,-0.592183005129284,-0.62797323658898,-0.6680297444087319,-1.2948046345575286,0.26764302543028845,3.551913599040779,0.0286697247706422,5.8206528843421,-0.7206796551280727,-0.5801254108645928,-0.7206777274054713,-0.5801251514455256,0.29241772581771075,6.0,8978.821133333335
CUST101443,642454.02,420600.54,618.0,0,24.0,Female,Post-Graduate,Salaried,2019-03-23,2,43,42.54,8.7,5.0,4.6,0,2019,3,23,Saturday,3.0,0,0,0,0,1,1,0,0,0,0,Q3,Low,0,1,0,-1.4125324820340435,0.25703872704082575,0.39678989722189506,-0.4248294435547597,-0.2701250549031688,0.7681631560840679,3.7736800558064014,0.02296738631143776,6.522269543648131,0.8165130438827762,0.6290273871758698,0.8165113666522809,0.6290271968689444,0.6546780421733527,7.166666666666667,22774.995009
CUST101444,648769.38,258236.41,632.5,0,42.0,Male,Graduate,Salaried,2024-05-26,1,44,11.69,8.9,5.4,4.8,0,2024,5,26,Sunday,2.0,1,0,1,0,0,0,1,0,0,0,Q3,Low,0,1,0,0.33181333826046683,0.27356958906387085,-0.11109196523189362,-0.2372547434280254,-0.12374225780968881,-1.014867563392734,2.540814281726296,0.07880220646178093,3.4190641994557516,0.3013070472627246,0.6448715432110387,0.30130579913331107,0.6448713484534346,0.3980403791559953,7.333333333333333,6320.0950434999995
CUST101445,176370.73,107070.89,703.3,0,31.0,Male,Graduate,Salaried,2018-07-28,1,39,10.84,9.2,4.8,5.1,0,2018,7,28,Saturday,2.0,1,0,0,1,0,1,0,0,0,0,Q1,Low,1,0,0,-0.734175774141734,-0.9629643382217942,-0.5839441021933977,0.6786272406390628,-0.8556562432770887,-1.0639948279488207,2.4714836294558595,0.08445945945945946,3.2924155266308657,-0.5840635466188219,-1.7086421180309106,-0.5840620802494572,-1.708642238165153,0.6070785668347576,6.5,1593.2155943333335
CUST101446,563070.13,69659.67,713.9,0,32.0,Male,Primary,Salaried,2022-02-07,2,46,53.83,8.7,5.0,4.6,0,2022,2,7,Monday,0.0,1,0,0,0,1,0,0,0,0,1,Q3,Low,1,2,1,-0.6372676730142611,0.04924627618409015,-0.7009679798828137,0.8157508145248137,0.16902333637727113,1.4206888229525636,4.004237489415957,0.01823819077147547,7.336893075410054,-0.9964529194594229,0.4128669507226033,-0.9964502373747586,0.4128668316541397,0.1237140212001656,7.666666666666667,25258.387581583334
CUST101447,424777.12,431212.71,615.5,1,44.0,Male,Secondary,Self-Employed,2024-09-26,1,39,16.36,8.9,5.4,4.8,0,2024,9,26,Thursday,1.0,1,0,1,0,0,0,1,0,0,0,Q2,Low,0,0,0,0.5256295405154124,-0.31274459481322486,0.4299852136028977,-0.4571699090938518,-0.8556562432770887,-0.7449565922434093,2.854168709232204,0.0576036866359447,4.044749683231337,0.8433179912301648,-0.06524119345713623,0.8433163254531275,-0.06524111627219861,1.0151505099898037,6.5,5791.128069333333
CUST101448,474270.65,151243.41,557.9,1,52.0,Male,Secondary,Salaried,2021-12-21,3,32,35.0,8.9,5.4,4.8,0,2021,12,21,Tuesday,1.0,1,0,1,0,0,1,0,0,0,0,Q3,Medium,0,0,2,1.3008943495351948,-0.18319208862775857,-0.44577059227542976,-1.2022942351145345,-1.8803358229314484,0.33237542108066165,3.58351893845611,0.027777777777777776,5.916079783099616,-0.2433629255486027,0.12439436990131436,-0.2433626597020456,0.12439436662790382,0.31889683664801943,5.333333333333333,13832.893958333334
CUST101449,315651.85,148481.33,679.0,0,38.0,Female,Graduate,Self-Employed,2023-02-21,0,39,58.93,8.7,5.0,4.6,0,2023,2,21,Tuesday,2.0,0,0,0,0,1,0,0,0,0,1,Q2,No_Missed,0,0,0,-0.05581906624942438,-0.5983870255847958,-0.4544104952801536,0.364277915599088,-0.8556562432770887,1.7154524102890851,4.093177214470094,0.01668613382279326,7.676587783644502,-0.26175766464433087,-0.5937637559293251,-0.261757335734993,-0.5937634932318578,0.4703958807781421,6.5,15501.136267083333
CUST101450,452829.81,372210.66,849.0,0,41.0,Male,Graduate,Salaried,2024-05-26,1,41,26.15,9.2,4.8,5.1,1,2024,5,26,Sunday,2.0,1,0,0,1,0,0,0,0,0,1,Q3,Low,1,1,0,0.23490523713299402,-0.23931486986242895,0.24542430693840483,2.563429572257352,-0.5628906490901286,-0.17912609812094932,3.3013770463799443,0.03683241252302026,5.113707070218238,0.6857258623470008,0.04521826566747362,0.6857241797310832,0.0452182960248743,0.8219658948689795,6.833333333333333,9867.91627625
CUST101451,832909.07,403376.92,639.3,0,57.0,Male,Graduate,Salaried,2021-07-15,2,36,41.55,9.5,6.1,5.6,0,2021,7,15,Thursday,2.0,1,1,0,0,0,0,1,0,0,0,Q4,Low,0,0,2,1.7854348551725587,0.7555671012177791,0.34291368574712955,-0.14928867716169542,-1.2948046345575286,0.7109443420716842,3.750679855019383,0.023501762632197415,6.445928947793328,0.7716421310564003,1.0409433989264423,0.7716404426093644,1.040943139573182,0.4842988683026348,6.0,28839.476548749994
CUST101452,588117.75,269623.77,592.9,0,41.0,Male,Secondary,Salaried,2024-01-08,0,42,34.27,8.9,5.4,4.8,1,2024,1,8,Monday,1.0,1,0,1,0,0,0,1,0,0,0,Q3,No_Missed,0,1,0,0.23490523713299402,0.11481003663886487,-0.07547182176035355,-0.7495277175672449,-0.41650785199664875,0.2901837703442578,3.563032744247961,0.02835270768358378,5.85405842130056,0.34615882490764244,0.48472265657449554,0.3461574941945553,0.4847225118597944,0.4584520191747316,7.0,16795.66274375
CUST101453,432209.33,600823.55,611.8,1,67.0,Female,Graduate,Salaried,2022-10-09,2,50,11.77,9.5,6.1,5.6,0,2022,10,9,Sunday,2.0,0,1,0,0,0,0,1,0,0,0,Q2,Low,0,3,1,2.754515866447287,-0.29329030589916505,0.9605350912855583,-0.5050337980917087,0.754554524751191,-1.0102438208462785,2.547098670044448,0.07830853563038372,3.4307433596816885,1.204742304714531,-0.035165504839929716,1.2047411546706388,-0.03516544033801093,1.3901216570220731,8.333333333333334,4239.253178416667
CUST101454,339910.68,191068.87,781.1,0,44.0,Male,Primary,Salaried,2021-07-02,1,40,23.84,9.2,4.8,5.1,0,2021,7,2,Friday,0.0,1,0,0,1,0,0,1,0,0,0,Q2,Low,1,0,0,0.5256295405154124,-0.5348879738172785,-0.32119486980594797,1.6850625282156104,-0.7092734461836087,-0.3126366641498443,3.212455257065278,0.040257648953301126,4.882622246293481,-0.007959136132078498,-0.4595169211746457,-0.007959623334171013,-0.45951669529307443,0.5621149356060245,6.666666666666667,6752.892176
CUST101455,789172.94,178927.78,667.7,0,19.0,Female,Secondary,Salaried,2021-11-01,0,40,13.13,8.9,5.4,4.8,0,2021,11,1,Monday,1.0,0,0,1,0,0,0,1,0,0,0,Q4,No_Missed,0,0,0,-1.8970729876714074,0.6410849607773346,-0.3591727125808212,0.2180990113623922,-0.7092734461836087,-0.9316401975565394,2.6483001966964363,0.07077140835102619,3.623534186398688,-0.0744766011600119,0.9568228895124208,-0.07447688761354428,0.9568226353663299,0.22672822512135302,6.666666666666667,8634.867251833333
CUST101456,218724.17,136603.63,731.1,0,46.0,Female,Graduate,Self-Employed,2022-08-04,0,51,36.74,9.5,6.1,5.6,0,2022,8,4,Thursday,2.0,0,1,0,0,0,0,0,0,1,0,Q1,No_Missed,1,3,1,0.719445742770358,-0.8521014780140908,-0.49156444300042507,1.038253217433768,0.9009373218446709,0.43294182146606325,3.630720539940404,0.02649708532061473,6.061352984276695,-0.3446645629263161,-1.2837797928736194,-0.344663944956657,-1.283779573931542,0.6245474837097336,8.5,6696.605004833334
CUST101457,284621.85,55047.26,585.8,0,42.0,Male,Graduate,Salaried,2020-05-04,1,41,48.24,8.9,5.4,4.8,0,2020,5,4,Monday,2.0,1,0,1,0,0,1,0,0,0,0,Q1,Low,0,1,0,0.33181333826046683,-0.6796100514416101,-0.7466762160907641,-0.8413746396982668,-0.5628906490901286,1.0976048125190039,3.896706301316253,0.020308692120227456,6.945502141674136,-1.2169722314073728,-0.7841691974373901,-1.2169692714657792,-0.7841689021015569,0.19340489846440112,6.833333333333333,11441.79837
CUST101458,211924.16,17929.18,746.8,0,52.0,Female,Post-Graduate,Salaried,2021-10-13,2,46,35.43,9.2,4.8,5.1,0,2021,10,13,Wednesday,3.0,0,0,0,1,0,0,0,1,0,0,Q1,Low,1,2,1,1.3008943495351948,-0.8699009426630303,-0.862783139467921,1.2413513410192656,0.16902333637727113,0.35722803726785857,3.5953926110204724,0.02744990392533626,5.952310475773253,-2.2179756759533036,-1.3451788219030318,-2.2179822775106546,-1.3451786336834821,0.08460186889498583,7.666666666666667,6257.060824000001
CUST101459,494042.51,857140.14,721.6,0,45.0,Other,Secondary,Self-Employed,2024-08-14,0,54,33.95,8.9,5.4,4.8,0,2024,8,14,Wednesday,1.0,2,0,1,0,0,1,0,0,0,0,Q3,No_Missed,1,3,3,0.6225376416428852,-0.1314379701612,1.76230422038448,0.915359448385218,1.340085713125111,0.2716888001584368,3.5539184686798193,0.028612303290414875,5.826662852782886,1.6015485673456864,0.19379281235024928,1.601548799964149,0.19379277993942418,1.7349522007731684,9.0,13977.286012083334
CUST101460,454466.86,665499.71,641.8,0,36.0,Female,Secondary,Self-Employed,2019-12-06,2,43,39.28,8.9,5.4,4.8,1,2019,12,6,Friday,1.0,0,0,1,0,0,1,0,0,0,0,Q3,Low,0,1,0,-0.24963526850436998,-0.2350297859282073,1.1628448538985146,-0.11694821162260331,-0.2701250549031688,0.5797456473160171,3.6958550678503617,0.024826216484607744,6.267375846396959,1.317887237990153,0.05141628817518152,1.3178863928738582,0.05141631589418795,1.4643525602724916,7.166666666666667,14876.215217333336
CUST101461,369225.38,310774.98,698.7,0,25.0,Female,Secondary,Salaried,2020-04-05,0,50,43.54,8.9,5.4,4.8,0,2020,4,5,Sunday,1.0,0,0,1,0,0,0,1,0,0,0,Q2,No_Missed,0,3,1,-1.3156243809065706,-0.4581548563153527,0.05325090275414949,0.6191207840471344,0.754554524751191,0.8259599379147584,3.7963876618292214,0.0224517287831163,6.598484674529448,0.4947805568370238,-0.311471110427349,0.4947790103637323,-0.3114709349682823,0.8416945227329713,8.333333333333334,13396.727537666666
CUST101462,245690.27,16414.79,753.5,0,36.0,Male,Secondary,Salaried,2020-10-01,1,44,97.1,8.9,5.4,4.8,0,2020,10,1,Thursday,1.0,1,0,1,0,0,0,0,1,0,0,Q1,Low,1,1,0,-0.24963526850436998,-0.7815159724531033,-0.8675202154075474,1.3280237886640331,-0.12374225780968881,3.921555572766541,4.585987366571318,0.010193679918450561,9.85393322486001,-2.293353696416938,-1.0605201356937508,-2.2933624211591703,-1.0605198480134066,0.06681090789635259,7.333333333333333,19880.437680833333
CUST101463,1088210.94,114179.35,561.4,1,29.0,Male,Post-Graduate,Salaried,2019-01-12,0,54,52.5,8.7,5.0,4.6,0,2019,1,12,Saturday,3.0,1,0,0,0,1,1,0,0,0,0,Q4,No_Missed,0,3,3,-0.9279919763966795,1.423836208156324,-0.5617085388089342,-1.1570175833598055,1.340085713125111,1.3438191031177453,3.979681653901961,0.018691588785046728,7.245688373094719,-0.5212968598704033,1.4469589549065522,-0.5212956142544404,1.446958752684297,0.1049239130053223,9.0,47609.228624999996
CUST101464,567051.66,75496.54,607.9,0,32.0,Male,Graduate,Self-Employed,2020-08-30,0,43,39.81,8.9,5.4,4.8,0,2020,8,30,Sunday,2.0,1,0,1,0,0,0,0,0,1,0,Q3,No_Missed,0,1,0,-0.6372676730142611,0.0596681876935869,-0.682710003773801,-0.5554849243326921,-0.2701250549031688,0.6103779416862831,3.7089271494177143,0.024503798088703746,6.3095166217389425,-0.9202248014192325,0.4245354388803204,-0.9202222938061376,0.4245353155324935,0.13313873377956426,7.166666666666667,18811.9388205
CUST101465,515368.92,668051.85,691.9,0,39.0,Male,Post-Graduate,Salaried,2018-04-28,0,51,40.94,9.2,4.8,5.1,0,2018,4,28,Saturday,3.0,1,0,0,1,0,0,0,0,1,0,Q3,No_Missed,0,3,1,0.041089034878048415,-0.07561471683013261,1.1708280557081927,0.531154717780803,0.9009373218446709,0.675688305154963,3.7362400254737738,0.023843586075345733,6.398437309218556,1.3221393536223986,0.265106432469907,1.322138521338059,0.2651063707593655,1.2962594834007453,8.5,17582.669653999998
CUST101466,398473.05,1555781.76,651.6,1,56.0,Other,Secondary,Salaried,2019-03-20,4,50,1.41,8.9,5.4,4.8,0,2019,3,20,Wednesday,1.0,2,0,1,0,0,1,0,0,0,0,Q2,Medium,0,3,1,1.688526754045086,-0.381597194160613,3.947684742260415,0.009826413290638679,0.754554524751191,-1.609018480612232,0.8796267475025636,0.41493775933609955,1.1874342087037917,2.2904839785665296,-0.17683362146655981,2.2904887540933183,-0.17683349818753497,3.9043588016805657,8.333333333333334,468.20583375
CUST101467,639190.49,173353.58,682.9,0,42.0,Male,Post-Graduate,Self-Employed,2020-01-25,1,55,26.37,9.2,4.8,5.1,0,2020,1,25,Saturday,3.0,1,0,0,1,0,0,0,0,1,0,Q3,Low,0,3,3,0.33181333826046683,0.24849622682895042,-0.37660904582566973,0.4147290418400714,1.4864685102185908,-0.16641080611819728,3.309447523052588,0.03653635367190354,5.135172830587107,-0.10643108476623404,0.6207684014524824,-0.1064312710415405,0.6207682135124639,0.27120800874243295,9.166666666666666,14046.21101775
CUST101468,510946.7,59141.49,705.1,0,39.0,Female,Primary,Salaried,2019-10-02,1,48,35.76,8.7,5.0,4.6,0,2019,10,2,Wednesday,0.0,0,0,0,0,1,1,0,0,0,0,Q3,Low,1,2,1,0.041089034878048415,-0.08719016283092279,-0.7338692915704641,0.70191237582721,0.46178893056423104,0.3763009752719863,3.6044102974874863,0.02720348204570185,5.979966555090421,-1.1501695185517222,0.2506051875028258,-1.150166600512875,0.25060513168311627,0.1157488442532264,8.0,15226.21166
CUST101469,339524.83,99906.97,689.9,0,43.0,Female,Post-Graduate,Unemployed,2023-12-12,1,51,13.14,8.9,5.4,4.8,0,2023,12,12,Tuesday,3.0,0,0,1,0,0,0,0,0,0,1,Q2,Low,0,3,1,0.4287214393879396,-0.5358979610724138,-0.6063531468023883,0.5052823453495293,0.9009373218446709,-0.9310622297382326,2.6490076604684267,0.07072135785007072,3.6249137920783716,-0.6513622277841306,-0.46156377207916816,-0.6513605298954169,-0.4615635455658071,0.294255268458569,8.5,3717.796888500001
CUST101470,372282.61,204623.74,629.8,0,51.0,Female,Secondary,Salaried,2021-07-24,0,43,42.54,8.7,5.0,4.6,0,2021,7,24,Saturday,1.0,0,0,0,0,1,0,1,0,0,0,Q2,No_Missed,0,1,0,1.203986248407722,-0.45015235965598344,-0.2787946634246556,-0.27218244621024545,-0.2701250549031688,0.7681631560840679,3.7736800558064014,0.02296738631143776,6.522269543648131,0.061818979149080105,-0.2968250524400809,0.061818293905517255,-0.2968248824114005,0.5496462485851811,7.166666666666667,13197.418524499999
CUST101471,252473.67,49179.14,635.3,0,31.0,Other,Secondary,Self-Employed,2024-08-04,0,49,49.31,8.9,5.4,4.8,0,2024,8,4,Sunday,1.0,2,0,1,0,0,1,0,0,0,0,Q1,No_Missed,0,2,1,-0.734175774141734,-0.7637599855501992,-0.7650319435208456,-0.20103342202424282,0.608171727657711,1.1594473690778428,3.9182038645032273,0.019876764062810574,7.022107945624305,-1.3212434064000846,-1.0088397560508937,-1.3212404730453058,-1.0088394610676894,0.1947891833631602,8.166666666666666,10374.563889750001
CUST101472,235741.03,139180.33,774.4,0,37.0,Male,Graduate,Salaried,2019-09-15,2,51,65.32,9.5,6.1,5.6,0,2019,9,15,Sunday,2.0,1,1,0,0,0,0,1,0,0,0,Q1,Low,1,3,1,-0.15272716737689718,-0.8075587496936979,-0.48350441647249265,1.5983900805708429,0.9009373218446709,2.084773846187197,4.1944915108270395,0.015078407720144755,8.0820789404707,-0.32612585223968016,-1.139409146667175,-0.3261252994866525,-1.13940887606897,0.5903950194838802,8.5,12832.170066333332
CUST101473,375810.87,132953.11,656.9,0,38.0,Male,Post-Graduate,Salaried,2022-02-01,2,44,36.82,9.2,4.8,5.1,0,2022,2,1,Tuesday,3.0,1,0,0,1,0,1,0,0,0,0,Q2,Low,0,1,0,-0.05581906624942438,-0.4409169115989559,-0.5029834238832396,0.07838820023351338,-0.12374225780968881,0.4375655640125184,3.6328380632303117,0.026441036488630353,6.067948582511226,-0.3714926402087204,-0.28009582457512566,-0.3714919274190476,-0.2800956608312754,0.3537766483444185,7.333333333333333,11531.1301945
CUST101474,834692.1,717089.7,758.4,1,29.0,Male,Primary,Self-Employed,2023-07-02,0,51,3.57,8.7,5.0,4.6,0,2023,7,2,Sunday,0.0,1,0,0,0,1,1,0,0,0,0,Q4,No_Missed,1,3,1,-0.9279919763966795,0.7602342972149908,1.3242205235440967,1.3914111011206534,0.9009373218446709,-1.4841774318579406,1.5195132049061133,0.2188183807439825,1.8894443627691184,1.4010422638271902,1.044262880758872,1.4010416878612317,1.044262621307478,0.8591068491004048,8.5,2483.2089975
CUST101475,250499.01,325535.9,764.0,1,45.0,Male,Secondary,Salaried,2022-07-10,1,44,18.39,9.5,6.1,5.6,0,2022,7,10,Sunday,1.0,1,1,0,0,0,0,0,0,1,0,Q1,Low,1,1,0,0.6225376416428852,-0.7689287854289751,0.09942368452024154,1.46385374392822,-0.12374225780968881,-0.6276291251271074,2.9647574692545606,0.05157297576070139,4.288356328478313,0.5436632198893644,-1.0237153380749853,0.5436616229199748,-1.0237150448911938,1.2995496469227563,7.333333333333333,3838.89732825
CUST101476,700818.01,234879.05,587.5,0,37.0,Male,Post-Graduate,Salaried,2022-09-20,2,45,27.03,9.2,4.8,5.1,0,2022,9,20,Tuesday,3.0,1,0,0,1,0,0,0,1,0,0,Q4,Low,0,1,0,-0.15272716737689718,0.4098102342556776,-0.1841547747256139,-0.8193831231316835,0.022640539283791155,-0.12826493010994153,3.333275365176697,0.03567606136282554,5.199038372622383,0.20325460834769823,0.7689674038771687,0.20325356696229313,0.7689671786676798,0.3351498486746937,7.5,15785.925675249999
CUST101477,285097.31,69534.66,708.8,0,43.0,Male,Secondary,Salaried,2023-04-04,0,55,37.64,8.9,5.4,4.8,0,2023,4,4,Tuesday,1.0,1,0,1,0,0,0,0,1,0,0,Q1,No_Missed,1,3,3,0.4287214393879396,-0.6783655042332994,-0.7013590164475114,0.7497762648250654,1.4864685102185908,0.4849589251136846,3.654288009344317,0.02587991718426501,6.135144660071187,-0.9981495087581745,-0.781071906722395,-0.9981468231708104,-0.7810716117003486,0.24389798697153614,9.166666666666666,8942.552290333333
CUST101478,165606.26,71547.52,563.6,1,39.0,Female,Secondary,Salaried,2020-07-07,3,40,4.71,8.9,5.4,4.8,0,2020,7,7,Tuesday,1.0,0,0,1,0,0,0,0,0,1,0,Q1,Medium,0,0,0,0.041089034878048415,-0.9911410325545335,-0.6950627052754641,-1.128557973685404,-0.7092734461836087,-1.4182891005709535,1.742219023667919,0.17513134851138354,2.1702534414210706,-0.971169550929759,-1.8358598360236205,-0.9711669230935491,-1.8358601232663374,0.43203390982925405,6.666666666666667,650.0045705000001
CUST101479,597571.89,284030.25,779.4,0,33.0,Male,Secondary,Salaried,2021-03-19,1,40,20.84,8.7,5.0,4.6,0,2021,3,19,Friday,1.0,1,0,0,0,1,0,0,0,0,1,Q3,Low,1,0,0,-0.5403595718867884,0.1395568577047348,-0.030407743297929307,1.6630710116490273,-0.7092734461836087,-0.48602700964191575,3.083743150876704,0.045787545787545784,4.565084884205331,0.4004475755254979,0.5109217004291964,0.4004461554546958,0.5109215468119659,0.47530724713306044,6.666666666666667,10377.831823
CUST101480,1083624.99,458165.2,654.0,0,46.0,Male,Secondary,Self-Employed,2024-11-04,0,52,55.47,9.2,4.8,5.1,0,2024,11,4,Monday,1.0,1,0,0,1,0,0,1,0,0,0,Q4,No_Missed,0,3,1,0.719445742770358,1.4118321883229998,0.5142937417178645,0.04087326020816682,1.047320118938151,1.515475545154896,4.033709523684745,0.017708517797060386,7.447818472546173,0.9087382256271966,1.4406850685646595,0.9087366029417114,1.4406848642948549,0.4228078940852038,8.666666666666666,50090.56516275
CUST101481,276328.51,177545.96,661.2,0,34.0,Female,Post-Graduate,Salaried,2021-03-31,2,51,11.54,9.2,4.8,5.1,0,2021,3,31,Wednesday,3.0,0,0,0,1,0,0,0,1,0,0,Q1,Low,0,3,1,-0.44345147075931557,-0.7013184036575093,-0.3634951039561569,0.13401380096075272,0.9009373218446709,-1.0235370806673374,2.5289235352047745,0.07974481658692185,3.3970575502926055,-0.0823109196383293,-0.8391857448085654,-0.08231118174424445,-0.8391854452401042,0.6425177047420839,8.5,2657.359171166667
CUST101482,186571.72,231133.04,580.8,1,57.0,Male,Graduate,Salaried,2018-04-30,2,33,34.57,9.5,6.1,5.6,0,2018,4,30,Monday,2.0,1,1,0,0,0,0,0,0,1,0,Q1,Low,0,0,2,1.7854348551725587,-0.9362625891230155,-0.19587245236519174,-0.906055570776451,-1.7339530258379685,0.3075228048934648,3.571502585960364,0.028113578858588697,5.87962583843564,0.18669271935233933,-1.596175209777305,0.18669171627401876,-1.5961752093522925,1.238842842848852,5.5,5374.820300333334
CUST101483,568185.43,551713.41,601.5,0,34.0,Male,Graduate,Salaried,2019-08-05,0,43,9.63,9.2,4.8,5.1,0,2019,8,5,Monday,2.0,1,0,0,1,0,0,0,1,0,0,Q3,No_Missed,0,1,0,-0.44345147075931557,0.06263590377562628,0.8069164972736522,-0.6382765161127677,-0.2701250549031688,-1.133928933963956,2.363680192353857,0.09407337723424271,3.10322412983658,1.1110047897905404,0.4278406572510432,1.1110034398437127,0.42784053269878436,0.9710094290872612,7.166666666666667,4559.68807575
CUST101484,266266.83,219649.42,668.1,0,39.0,Male,Post-Graduate,Self-Employed,2023-05-02,2,41,7.66,8.7,5.0,4.6,0,2023,5,2,Tuesday,3.0,1,0,0,0,1,1,0,0,0,0,Q1,Low,0,1,0,0.041089034878048415,-0.7276554998483888,-0.23179370118604628,0.22327348584864665,-0.5628906490901286,-1.2477885941704165,2.1587147225743437,0.11547344110854503,2.7676705006196096,0.1343218616722698,-0.9085773721901512,0.13432098581777616,-0.9085770711118162,0.8249222030397102,6.833333333333333,1699.6699315
CUST101485,594309.57,284568.44,657.3,0,48.0,Female,Secondary,Self-Employed,2023-11-17,0,42,13.68,9.5,6.1,5.6,0,2023,11,17,Friday,1.0,0,1,0,0,0,0,0,1,0,0,Q3,No_Missed,0,1,0,0.9132619450253036,0.13101752474588182,-0.028724262226377324,0.08356267471976783,-0.41650785199664875,-0.8998519675496597,2.6864860231863696,0.0681198910081744,3.698648401781386,0.4024257427465483,0.5019362116953393,0.402424319644331,0.501936061102658,0.4788219042139941,7.0,6775.129097999999
CUST101486,833437.32,833906.65,619.2,0,22.0,Female,Primary,Salaried,2021-04-05,0,48,18.29,9.5,6.1,5.6,0,2021,4,5,Monday,0.0,0,1,0,0,0,1,0,0,0,0,Q4,No_Missed,0,2,1,-1.6063486842889891,0.7569498296550612,1.689628881487265,-0.40930602009599487,0.46178893056423104,-0.6334088033101766,2.9595868269176377,0.05184033177812338,4.27668095606862,1.5704959729658288,1.0419277096171784,1.5704960654582336,1.0419274502339333,1.0005631257309189,8.0,12702.973818999999
CUST101487,530640.28,115197.24,720.3,0,19.0,Male,Secondary,Salaried,2022-08-14,1,49,34.18,8.7,5.0,4.6,0,2022,8,14,Sunday,1.0,1,0,0,0,1,1,0,0,0,0,Q3,Low,1,2,1,-1.8970729876714074,-0.03564094731196556,-0.5585245358584483,0.8985424063048892,0.608171727657711,0.28498205997949544,3.560477739309412,0.028425241614553724,5.846366392897386,-0.5126076025690057,0.31409014459350676,-0.5126063877507976,0.31409006328885125,0.2170910206816565,8.166666666666666,15114.403975333335
CUST101488,690639.02,211605.5,649.8,0,21.0,Female,Secondary,Unemployed,2023-06-23,0,31,30.44,8.9,5.4,4.8,0,2023,6,23,Friday,1.0,0,0,1,0,0,0,0,0,1,0,Q4,No_Missed,0,0,2,-1.703256785416462,0.38316607157548893,-0.25695542299633334,-0.013458721897508527,-2.0267186200249285,0.06882209593271307,3.448080967561006,0.031806615776081425,5.517245689653489,0.09610176508517783,0.745562000965008,0.09610098769244993,0.7455617808676945,0.30639088419881055,5.166666666666667,17519.209807333336
CUST101489,693243.57,114372.94,569.1,1,52.0,Male,Secondary,Salaried,2019-02-05,2,52,27.82,8.9,5.4,4.8,0,2019,2,5,Tuesday,1.0,1,0,1,0,0,0,1,0,0,0,Q4,Low,0,3,1,1.3008943495351948,0.3899836491454329,-0.5611029811050718,-1.0574089494994012,1.047320118938151,-0.0826054724636961,3.361069590571376,0.03469812630117974,5.274466797696237,-0.519638749128039,0.7515889782938564,-0.5196375093856277,0.7515887568507332,0.16498233081339653,8.666666666666666,16071.696764499999
CUST101490,762586.09,117166.37,628.24,0,32.0,Male,Post-Graduate,Self-Employed,2024-08-09,0,42,20.48,9.2,4.8,5.1,0,2024,8,9,Friday,3.0,1,0,0,1,0,0,0,0,1,0,Q4,No_Missed,0,1,0,-0.6372676730142611,0.5714921665459055,-0.5523650139750519,-0.29236289670663823,-0.41650785199664875,-0.5068338511009643,3.067122269640664,0.04655493482309125,4.525483399593904,-0.4959984548267878,0.9029838931355434,-0.49599729898463185,0.9029836449517695,0.15364346601181775,7.0,13014.802602666667
CUST101491,453552.32,267351.39,557.3,1,39.0,Female,Graduate,Self-Employed,2021-09-11,2,38,16.01,8.9,5.4,4.8,0,2021,9,11,Saturday,2.0,0,0,1,0,0,0,0,0,1,0,Q3,Low,0,0,2,0.041089034878048415,-0.23742365334899654,-0.08257992246340133,-1.210055946843917,-1.0020390403705686,-0.7651854658841508,2.8338014064077703,0.05878894767783656,4.001249804748512,0.33735080923767774,0.04795697137642648,0.3373494941267585,0.047957000567986734,0.5894609689131345,6.333333333333333,6051.143869333334
CUST101492,679078.52,333544.15,496.1,1,32.0,Female,Secondary,Self-Employed,2022-07-15,1,40,32.44,9.5,6.1,5.6,0,2022,7,15,Friday,1.0,0,1,0,0,0,0,0,0,1,0,Q4,Low,0,0,0,-0.6372676730142611,0.3529057173886471,0.12447382906260786,-2.0017505432408913,-0.7092734461836087,0.18441565959409387,3.5097527882165007,0.029904306220095697,5.6956123463592565,0.5693290778506488,0.7184871080993721,0.5693274585975736,0.7184868942939083,0.49117169837738356,6.666666666666667,18357.755990666665
CUST101493,484281.18,397213.58,657.7,0,40.0,Male,Graduate,Salaried,2019-09-13,1,37,22.05,8.7,5.0,4.6,0,2019,9,13,Friday,2.0,1,0,0,0,1,0,0,0,0,1,Q3,Low,0,0,2,0.13799713600552121,-0.15698888086010104,0.3236344976768586,0.08873714920602374,-1.1484218374640485,-0.41609290362678025,3.1376657694426577,0.04338394793926247,4.695742752749559,0.7551523520556501,0.15994395626463956,0.7551506619655943,0.15994393800620377,0.8202127119620879,6.166666666666667,8898.6666825
CUST101494,548655.54,436972.87,567.5,1,55.0,Male,Graduate,Self-Employed,2018-09-04,1,50,6.27,9.2,4.8,5.1,0,2018,9,4,Tuesday,2.0,1,0,0,1,0,0,0,0,0,1,Q3,Low,0,3,1,1.591618652917613,0.011515157386623998,0.4480032375890565,-1.0781068474444204,0.754554524751191,-1.3281261209150763,1.9837562915454279,0.13755158184319122,2.5039968051097827,0.8576120740147425,0.3698036161113744,0.857610415811928,0.36980351318573723,0.7964430104906987,8.333333333333334,2866.7251965
CUST101495,2370096.49,1974290.1467000002,664.2,0,60.0,Male,Post-Graduate,Self-Employed,2024-10-17,0,51,6.74,9.2,4.8,5.1,0,2024,10,17,Thursday,3.0,1,0,0,1,0,0,0,0,1,0,Q4,No_Missed,0,3,1,2.0761591585549772,4.779254293013774,5.256796667965474,0.17282235960766326,0.9009373218446709,-1.3009616334546517,2.046401687601636,0.12919896640826872,2.596150997149434,2.574153438055896,2.5312866294198133,2.5741608916478684,2.531287500479255,0.832999903181157,8.5,13312.041952166668
CUST101496,505286.2,389567.79,715.3,0,61.0,Female,Post-Graduate,Self-Employed,2021-01-21,3,49,41.4,8.7,5.0,4.6,0,2021,1,21,Thursday,3.0,0,0,0,0,1,0,1,0,0,0,Q3,Medium,1,2,1,2.17306725968245,-0.10200688657770002,0.2997181433371989,0.833861475226705,0.608171727657711,0.7022748247970807,3.7471483622379123,0.02358490566037736,6.434283176858165,0.7343630683517426,0.23182835385918565,0.7343613780711918,0.2318283057213437,0.770984424272818,8.166666666666666,17432.3739
CUST101497,194120.05,14398.65,728.8,0,51.0,Male,Graduate,Salaried,2019-09-16,0,65,10.38,9.2,4.8,5.1,0,2019,9,16,Monday,2.0,1,0,0,1,0,0,0,0,1,0,Q1,No_Missed,1,3,3,1.203986248407722,-0.9165043486213794,-0.873826786558254,1.0084999891378024,2.9502964811533903,-1.0905813475909383,2.431857428698185,0.08787346221441124,3.2218007387174024,-2.404413491886344,-1.5174745073374198,-2.4044259519309645,-1.517474436555387,0.07417394545282674,10.833333333333334,1679.1384325
CUST101498,396891.99,384728.06,627.8199999999999,1,49.0,Female,Graduate,Salaried,2024-06-26,1,34,26.37,9.2,4.8,5.1,0,2024,6,26,Wednesday,2.0,0,0,0,1,0,1,0,0,0,0,Q2,Low,0,0,2,1.0101700461527763,-0.38573572065952294,0.2845792633014825,-0.29779609491720666,-1.5875702287444884,-0.16641080611819728,3.309447523052588,0.03653635367190354,5.135172830587107,0.7210069725979353,-0.18381316119639224,0.7210052832951439,-0.1838130351036855,0.9693520395813481,5.666666666666667,8721.701480249998
CUST101499,372954.17,205708.11,543.9,0,45.0,Male,Graduate,Salaried,2023-01-14,1,36,25.01,9.2,4.8,5.1,0,2023,1,14,Saturday,2.0,1,0,0,1,0,0,1,0,0,0,Q2,Low,0,0,2,0.6225376416428852,-0.44839450805287673,-0.2754027082237808,-1.3834008421334503,-1.2948046345575286,-0.2450144294079363,3.25848107946056,0.03844675124951941,5.000999900019995,0.06721415461091186,-0.2936266436091949,0.06721345463237595,-0.2936264747754443,0.5515640433783057,6.0,7772.986493083333
